TransactionID,CourseID,TransactionDate,Amount
TXN000527,C0080,2024-04-01,59.99
TXN005196,C0107,2024-04-01,149.99
TXN005159,C0134,2024-04-01,99.99
TXN017576,C0035,2024-04-01,79.99
TXN008666,C0333,2024-04-01,39.99
TXN008568,C0034,2024-04-01,49.99
TXN008495,C0264,2024-04-01,49.99
TXN005337,C0114,2024-04-01,49.99
TXN016428,C0133,2024-04-01,59.99
TXN013893,C0282,2024-04-01,29.99
TXN011936,C0212,2024-04-01,39.99
TXN012630,C0336,2024-04-01,19.99
TXN006231,C0322,2024-04-01,49.99
TXN005775,C0236,2024-04-01,29.99
TXN003479,C0107,2024-04-01,149.99
TXN016319,C0289,2024-04-01,79.99
TXN000247,C0204,2024-04-01,39.99
TXN016298,C0333,2024-04-01,39.99
TXN000869,C0054,2024-04-01,74.67
TXN009309,C0068,2024-04-01,79.99
TXN018128,C0168,2024-04-01,39.99
TXN018486,C0031,2024-04-01,19.99
TXN009295,C0288,2024-04-01,19.99
TXN006643,C0096,2024-04-01,49.99
TXN007183,C0191,2024-04-02,79.99
TXN011461,C0022,2024-04-02,29.99
TXN015996,C0339,2024-04-02,39.99
TXN015970,C0029,2024-04-02,39.99
TXN015935,C0056,2024-04-02,29.99
TXN012157,C0159,2024-04-02,79.99
TXN008278,C0235,2024-04-02,99.99
TXN018078,C0208,2024-04-02,39.99
TXN002688,C0107,2024-04-02,149.99
TXN008141,C0009,2024-04-02,79.99
TXN000733,C0027,2024-04-02,42.44
TXN013064,C0327,2024-04-02,79.99
TXN013186,C0295,2024-04-02,39.99
TXN006120,C0277,2024-04-02,49.99
TXN007870,C0350,2024-04-02,19.99
TXN005896,C0004,2024-04-02,99.99
TXN013779,C0134,2024-04-02,99.99
TXN008540,C0307,2024-04-02,59.99
TXN011129,C0243,2024-04-02,29.99
TXN007663,C0156,2024-04-02,39.99
TXN010356,C0104,2024-04-02,19.99
TXN004864,C0198,2024-04-02,59.99
TXN009783,C0277,2024-04-02,49.99
TXN005147,C0169,2024-04-02,52.71
TXN000276,C0220,2024-04-02,29.99
TXN017949,C0046,2024-04-02,70.09
TXN017935,C0075,2024-04-02,49.99
TXN012281,C0334,2024-04-03,29.99
TXN016128,C0116,2024-04-03,29.99
TXN016124,C0349,2024-04-03,129.99
TXN008119,C0055,2024-04-03,49.99
TXN017430,C0042,2024-04-03,129.99
TXN003740,C0173,2024-04-03,39.99
TXN005282,C0324,2024-04-03,49.99
TXN008694,C0208,2024-04-03,39.99
TXN012222,C0281,2024-04-03,99.99
TXN007259,C0121,2024-04-03,50.29
TXN012274,C0121,2024-04-03,59.99
TXN003831,C0249,2024-04-03,19.99
TXN017620,C0006,2024-04-03,149.99
TXN002429,C0196,2024-04-03,29.99
TXN015565,C0095,2024-04-03,19.99
TXN004114,C0236,2024-04-03,29.99
TXN016146,C0100,2024-04-03,49.99
TXN011704,C0288,2024-04-03,15.77
TXN008624,C0263,2024-04-03,39.99
TXN011590,C0167,2024-04-03,39.99
TXN008726,C0022,2024-04-03,29.99
TXN010358,C0350,2024-04-03,19.99
TXN013672,C0151,2024-04-03,79.99
TXN007630,C0096,2024-04-03,49.99
TXN000257,C0072,2024-04-03,25.62
TXN001662,C0092,2024-04-03,29.99
TXN011245,C0316,2024-04-03,129.99
TXN007053,C0092,2024-04-03,29.99
TXN018299,C0348,2024-04-03,29.99
TXN005412,C0139,2024-04-03,59.99
TXN009774,C0329,2024-04-04,99.99
TXN008270,C0279,2024-04-04,19.99
TXN002704,C0296,2024-04-04,39.99
TXN002771,C0283,2024-04-04,39.99
TXN013142,C0171,2024-04-04,49.99
TXN018437,C0104,2024-04-04,19.99
TXN015077,C0031,2024-04-04,19.99
TXN000948,C0144,2024-04-04,19.99
TXN007629,C0149,2024-04-04,39.99
TXN000503,C0112,2024-04-04,44.6
TXN013381,C0100,2024-04-04,49.99
TXN003537,C0217,2024-04-04,29.99
TXN012586,C0019,2024-04-04,59.99
TXN001557,C0047,2024-04-04,29.99
TXN011703,C0043,2024-04-04,29.99
TXN004826,C0023,2024-04-04,49.99
TXN011039,C0237,2024-04-04,25.94
TXN009522,C0007,2024-04-04,39.99
TXN011268,C0046,2024-04-04,79.99
TXN011297,C0134,2024-04-04,99.99
TXN000824,C0015,2024-04-04,199.99
TXN011615,C0049,2024-04-04,129.99
TXN012544,C0216,2024-04-04,39.99
TXN008435,C0192,2024-04-04,79.99
TXN010175,C0099,2024-04-04,29.99
TXN015878,C0041,2024-04-04,49.99
TXN016087,C0125,2024-04-04,49.99
TXN004046,C0012,2024-04-04,49.99
TXN015592,C0243,2024-04-04,29.99
TXN017008,C0195,2024-04-04,19.99
TXN007423,C0076,2024-04-04,39.99
TXN012283,C0212,2024-04-04,39.99
TXN013035,C0026,2024-04-05,79.99
TXN013874,C0004,2024-04-05,99.99
TXN006703,C0096,2024-04-05,49.99
TXN010874,C0138,2024-04-05,59.99
TXN004780,C0172,2024-04-05,29.99
TXN011285,C0240,2024-04-05,99.99
TXN003751,C0202,2024-04-05,19.99
TXN012896,C0204,2024-04-05,39.99
TXN005669,C0111,2024-04-05,99.99
TXN004399,C0254,2024-04-05,79.99
TXN012953,C0125,2024-04-05,49.99
TXN009666,C0083,2024-04-05,26.01
TXN010333,C0088,2024-04-05,82.78
TXN013416,C0103,2024-04-05,49.99
TXN009698,C0218,2024-04-05,29.99
TXN003468,C0191,2024-04-05,79.99
TXN002685,C0170,2024-04-05,39.99
TXN001037,C0077,2024-04-05,99.99
TXN006821,C0168,2024-04-05,39.99
TXN006906,C0028,2024-04-05,39.99
TXN015753,C0048,2024-04-05,59.99
TXN002924,C0308,2024-04-05,29.99
TXN001324,C0080,2024-04-05,59.99
TXN006917,C0218,2024-04-05,29.99
TXN001634,C0277,2024-04-05,49.99
TXN001368,C0099,2024-04-05,29.99
TXN017774,C0051,2024-04-05,29.99
TXN018251,C0185,2024-04-05,39.99
TXN017734,C0190,2024-04-05,59.99
TXN006765,C0270,2024-04-05,49.99
TXN002112,C0285,2024-04-05,39.99
TXN016819,C0151,2024-04-05,79.99
TXN007240,C0331,2024-04-05,49.94
TXN016418,C0275,2024-04-05,19.99
TXN018300,C0291,2024-04-05,49.99
TXN000823,C0073,2024-04-05,19.99
TXN007523,C0028,2024-04-05,33.79
TXN014089,C0026,2024-04-05,62.64
TXN001742,C0233,2024-04-05,59.99
TXN004019,C0097,2024-04-06,129.99
TXN017301,C0093,2024-04-06,19.99
TXN012201,C0323,2024-04-06,99.99
TXN015808,C0022,2024-04-06,29.99
TXN003417,C0183,2024-04-06,49.99
TXN012034,C0119,2024-04-06,59.99
TXN010632,C0019,2024-04-06,59.99
TXN012109,C0048,2024-04-06,59.99
TXN004136,C0075,2024-04-06,49.99
TXN011986,C0058,2024-04-06,49.99
TXN002209,C0117,2024-04-06,19.99
TXN011777,C0088,2024-04-06,99.99
TXN006290,C0138,2024-04-06,44.54
TXN006427,C0107,2024-04-06,149.99
TXN011541,C0258,2024-04-06,19.99
TXN006936,C0004,2024-04-06,99.99
TXN008403,C0169,2024-04-06,59.99
TXN012300,C0197,2024-04-06,19.99
TXN011287,C0114,2024-04-06,49.99
TXN009875,C0300,2024-04-06,49.99
TXN009539,C0043,2024-04-06,29.99
TXN007908,C0211,2024-04-06,49.99
TXN005946,C0275,2024-04-06,19.99
TXN003030,C0256,2024-04-06,29.99
TXN014631,C0179,2024-04-06,41.94
TXN002509,C0237,2024-04-06,29.99
TXN018075,C0190,2024-04-06,59.99
TXN013138,C0192,2024-04-06,79.99
TXN003389,C0007,2024-04-06,39.99
TXN013134,C0285,2024-04-06,39.99
TXN009518,C0152,2024-04-06,49.99
TXN006471,C0244,2024-04-06,79.99
TXN010059,C0292,2024-04-06,77.4
TXN005438,C0016,2024-04-06,130.37
TXN010188,C0301,2024-04-06,79.99
TXN010229,C0091,2024-04-06,99.99
TXN008273,C0141,2024-04-06,59.99
TXN017419,C0291,2024-04-06,49.99
TXN005997,C0229,2024-04-06,49.99
TXN005339,C0348,2024-04-07,21.01
TXN016495,C0249,2024-04-07,19.99
TXN008488,C0332,2024-04-07,17.78
TXN017371,C0142,2024-04-07,39.99
TXN000930,C0034,2024-04-07,49.99
TXN000847,C0137,2024-04-07,129.99
TXN018052,C0341,2024-04-07,49.99
TXN009890,C0173,2024-04-07,39.99
TXN010163,C0103,2024-04-07,49.99
TXN005611,C0191,2024-04-07,79.99
TXN004915,C0277,2024-04-07,49.99
TXN016836,C0100,2024-04-07,49.99
TXN017428,C0315,2024-04-07,67.57
TXN011568,C0150,2024-04-07,83.02
TXN008180,C0169,2024-04-07,59.99
TXN005935,C0301,2024-04-07,79.99
TXN006011,C0279,2024-04-07,19.99
TXN003598,C0319,2024-04-07,29.99
TXN003632,C0243,2024-04-07,29.99
TXN002904,C0316,2024-04-07,129.99
TXN015005,C0112,2024-04-07,49.99
TXN007565,C0342,2024-04-07,59.99
TXN000451,C0271,2024-04-07,59.99
TXN002809,C0004,2024-04-07,99.99
TXN011315,C0093,2024-04-07,19.99
TXN012696,C0119,2024-04-07,59.99
TXN015480,C0285,2024-04-07,39.99
TXN006239,C0319,2024-04-07,29.99
TXN008298,C0095,2024-04-07,19.99
TXN002277,C0037,2024-04-07,99.99
TXN005496,C0344,2024-04-07,129.99
TXN016269,C0335,2024-04-07,39.99
TXN003432,C0174,2024-04-07,29.99
TXN015926,C0247,2024-04-07,43.57
TXN007187,C0248,2024-04-07,59.99
TXN002208,C0109,2024-04-07,149.99
TXN010685,C0107,2024-04-08,134.36
TXN002935,C0214,2024-04-08,59.99
TXN008448,C0220,2024-04-08,29.99
TXN003248,C0187,2024-04-08,39.99
TXN006031,C0047,2024-04-08,29.99
TXN013547,C0164,2024-04-08,49.99
TXN016386,C0088,2024-04-08,99.99
TXN013706,C0077,2024-04-08,99.99
TXN005509,C0126,2024-04-08,99.99
TXN005345,C0219,2024-04-08,59.99
TXN008745,C0014,2024-04-08,29.99
TXN000381,C0138,2024-04-08,59.99
TXN011328,C0218,2024-04-08,22.43
TXN018487,C0236,2024-04-08,29.99
TXN009260,C0290,2024-04-08,29.99
TXN014112,C0188,2024-04-08,49.99
TXN016448,C0194,2024-04-08,149.99
TXN006777,C0047,2024-04-08,29.99
TXN014871,C0089,2024-04-08,79.99
TXN004909,C0056,2024-04-08,29.99
TXN006847,C0318,2024-04-08,39.99
TXN012121,C0304,2024-04-08,49.99
TXN010564,C0095,2024-04-08,19.99
TXN002359,C0211,2024-04-08,49.99
TXN015554,C0034,2024-04-08,49.99
TXN011865,C0263,2024-04-08,39.99
TXN017946,C0256,2024-04-08,29.99
TXN015269,C0183,2024-04-08,49.99
TXN004273,C0048,2024-04-08,59.99
TXN015244,C0348,2024-04-08,29.99
TXN011042,C0115,2024-04-08,59.99
TXN001224,C0153,2024-04-08,79.99
TXN005684,C0238,2024-04-08,59.99
TXN002830,C0148,2024-04-08,149.99
TXN016207,C0100,2024-04-08,49.99
TXN016345,C0205,2024-04-08,19.99
TXN016400,C0214,2024-04-08,59.99
TXN007534,C0263,2024-04-09,39.99
TXN006644,C0251,2024-04-09,49.99
TXN007831,C0052,2024-04-09,110.44
TXN012537,C0158,2024-04-09,79.99
TXN013726,C0348,2024-04-09,29.99
TXN003516,C0192,2024-04-09,79.99
TXN014147,C0093,2024-04-09,19.99
TXN003213,C0077,2024-04-09,99.99
TXN015013,C0265,2024-04-09,49.99
TXN015029,C0286,2024-04-09,19.99
TXN002595,C0139,2024-04-09,59.99
TXN002395,C0325,2024-04-09,59.99
TXN013476,C0038,2024-04-09,129.99
TXN015767,C0245,2024-04-09,39.99
TXN016552,C0089,2024-04-09,64.14
TXN016740,C0189,2024-04-09,49.99
TXN016875,C0124,2024-04-09,59.99
TXN001527,C0307,2024-04-09,59.99
TXN017976,C0276,2024-04-09,79.99
TXN000015,C0013,2024-04-09,59.99
TXN000837,C0160,2024-04-09,60.71
TXN002255,C0204,2024-04-09,32.12
TXN012675,C0041,2024-04-09,49.99
TXN006675,C0213,2024-04-09,59.99
TXN010210,C0050,2024-04-09,29.99
TXN011238,C0270,2024-04-09,49.99
TXN009436,C0034,2024-04-09,49.99
TXN010042,C0028,2024-04-09,39.99
TXN010170,C0298,2024-04-09,199.99
TXN010597,C0341,2024-04-09,38.65
TXN011416,C0237,2024-04-09,29.99
TXN010604,C0190,2024-04-10,59.99
TXN002558,C0067,2024-04-10,39.99
TXN007406,C0208,2024-04-10,39.99
TXN008599,C0078,2024-04-10,39.74
TXN010579,C0060,2024-04-10,39.99
TXN012540,C0093,2024-04-10,19.99
TXN014623,C0016,2024-04-10,149.99
TXN006410,C0282,2024-04-10,29.99
TXN001893,C0289,2024-04-10,79.99
TXN008651,C0329,2024-04-10,99.99
TXN017230,C0014,2024-04-10,26.72
TXN008699,C0208,2024-04-10,39.99
TXN009771,C0190,2024-04-10,59.99
TXN018321,C0276,2024-04-10,79.99
TXN002061,C0093,2024-04-10,19.99
TXN011279,C0130,2024-04-10,129.99
TXN011135,C0038,2024-04-10,129.99
TXN014303,C0132,2024-04-10,49.99
TXN012866,C0322,2024-04-10,49.99
TXN012978,C0013,2024-04-10,59.99
TXN008129,C0120,2024-04-10,23.79
TXN013115,C0142,2024-04-10,39.99
TXN003591,C0121,2024-04-10,59.99
TXN005783,C0282,2024-04-10,29.99
TXN005832,C0073,2024-04-10,19.99
TXN013378,C0107,2024-04-10,120.66
TXN011373,C0011,2024-04-10,49.99
TXN014270,C0277,2024-04-10,49.99
TXN003351,C0280,2024-04-10,19.99
TXN013665,C0103,2024-04-10,49.99
TXN009108,C0318,2024-04-10,28.91
TXN013988,C0053,2024-04-10,29.99
TXN003247,C0065,2024-04-11,29.99
TXN000350,C0215,2024-04-11,39.99
TXN001750,C0188,2024-04-11,49.99
TXN005686,C0316,2024-04-11,110.09
TXN005473,C0018,2024-04-11,22.69
TXN003760,C0336,2024-04-11,17.19
TXN001477,C0122,2024-04-11,149.99
TXN001029,C0180,2024-04-11,39.99
TXN003854,C0252,2024-04-11,49.99
TXN003778,C0149,2024-04-11,39.99
TXN004251,C0088,2024-04-11,99.99
TXN004025,C0251,2024-04-11,49.99
TXN002412,C0271,2024-04-11,59.99
TXN002355,C0310,2024-04-11,15.99
TXN009489,C0118,2024-04-11,39.99
TXN006760,C0187,2024-04-11,39.99
TXN011725,C0177,2024-04-11,59.99
TXN012983,C0069,2024-04-11,21.94
TXN013041,C0200,2024-04-11,29.99
TXN013058,C0282,2024-04-11,22.14
TXN011236,C0153,2024-04-11,79.99
TXN013429,C0152,2024-04-11,49.99
TXN013559,C0236,2024-04-11,29.99
TXN010503,C0332,2024-04-11,19.99
TXN014087,C0323,2024-04-11,99.99
TXN015762,C0125,2024-04-11,49.99
TXN007895,C0021,2024-04-11,19.99
TXN007893,C0263,2024-04-11,39.99
TXN007763,C0137,2024-04-11,129.99
TXN016868,C0181,2024-04-11,99.99
TXN007649,C0238,2024-04-11,59.99
TXN012155,C0241,2024-04-11,129.99
TXN018342,C0282,2024-04-11,29.99
TXN007640,C0194,2024-04-11,149.99
TXN018296,C0160,2024-04-11,79.99
TXN007029,C0208,2024-04-11,29.53
TXN018444,C0164,2024-04-11,49.99
TXN014739,C0136,2024-04-12,19.99
TXN005199,C0012,2024-04-12,49.99
TXN014620,C0007,2024-04-12,39.99
TXN014401,C0016,2024-04-12,130.27
TXN010697,C0195,2024-04-12,19.99
TXN000330,C0076,2024-04-12,39.99
TXN013242,C0165,2024-04-12,14.73
TXN015191,C0143,2024-04-12,59.99
TXN006578,C0237,2024-04-12,23.3
TXN004530,C0164,2024-04-12,49.99
TXN004496,C0328,2024-04-12,29.99
TXN000669,C0185,2024-04-12,39.99
TXN012934,C0040,2024-04-12,39.99
TXN006771,C0121,2024-04-12,59.99
TXN004266,C0150,2024-04-12,81.09
TXN011831,C0247,2024-04-12,49.99
TXN002749,C0045,2024-04-12,59.99
TXN015463,C0045,2024-04-12,59.99
TXN009236,C0200,2024-04-12,29.99
TXN008643,C0187,2024-04-12,39.99
TXN002115,C0134,2024-04-12,99.99
TXN005399,C0062,2024-04-12,29.99
TXN016844,C0157,2024-04-12,59.99
TXN017579,C0107,2024-04-12,126.89
TXN015791,C0153,2024-04-12,79.99
TXN016620,C0251,2024-04-12,49.99
TXN007186,C0171,2024-04-12,49.99
TXN015759,C0241,2024-04-12,129.99
TXN016979,C0079,2024-04-12,29.99
TXN000309,C0164,2024-04-12,49.99
TXN011989,C0147,2024-04-12,19.99
TXN016264,C0321,2024-04-12,129.99
TXN001208,C0065,2024-04-13,29.99
TXN001277,C0279,2024-04-13,19.99
TXN001718,C0131,2024-04-13,59.99
TXN012251,C0336,2024-04-13,19.99
TXN017817,C0272,2024-04-13,46.99
TXN017440,C0121,2024-04-13,59.99
TXN015349,C0011,2024-04-13,49.99
TXN015854,C0121,2024-04-13,50.74
TXN014012,C0174,2024-04-13,29.99
TXN018165,C0159,2024-04-13,79.99
TXN014263,C0136,2024-04-13,14.47
TXN014721,C0097,2024-04-13,129.99
TXN014995,C0128,2024-04-13,59.99
TXN002863,C0023,2024-04-13,49.99
TXN001305,C0016,2024-04-13,149.99
TXN002762,C0007,2024-04-13,39.99
TXN002568,C0251,2024-04-13,49.99
TXN002108,C0184,2024-04-13,19.99
TXN017455,C0139,2024-04-13,59.99
TXN013137,C0016,2024-04-13,149.99
TXN005237,C0247,2024-04-13,49.99
TXN004959,C0189,2024-04-13,49.99
TXN000409,C0314,2024-04-13,59.99
TXN011517,C0197,2024-04-13,19.99
TXN008464,C0012,2024-04-13,49.99
TXN010647,C0171,2024-04-13,49.99
TXN007919,C0291,2024-04-13,49.99
TXN006018,C0014,2024-04-14,29.99
TXN010007,C0241,2024-04-14,129.99
TXN017250,C0164,2024-04-14,49.99
TXN017249,C0153,2024-04-14,79.99
TXN007739,C0257,2024-04-14,19.99
TXN005789,C0036,2024-04-14,49.99
TXN001883,C0167,2024-04-14,39.99
TXN005312,C0157,2024-04-14,59.99
TXN009502,C0159,2024-04-14,79.99
TXN007662,C0231,2024-04-14,59.99
TXN008149,C0141,2024-04-14,49.2
TXN002149,C0214,2024-04-14,59.99
TXN015464,C0289,2024-04-14,79.99
TXN009424,C0125,2024-04-14,49.99
TXN015473,C0036,2024-04-14,49.99
TXN004074,C0340,2024-04-14,28.56
TXN015587,C0296,2024-04-14,39.99
TXN016062,C0002,2024-04-14,29.99
TXN009262,C0095,2024-04-14,19.99
TXN008027,C0252,2024-04-14,49.99
TXN003123,C0099,2024-04-14,24.85
TXN015953,C0273,2024-04-14,199.99
TXN018226,C0346,2024-04-14,163.67
TXN004593,C0165,2024-04-14,19.99
TXN000739,C0123,2024-04-14,19.99
TXN006811,C0100,2024-04-14,40.69
TXN007106,C0072,2024-04-14,29.99
TXN006670,C0170,2024-04-14,39.99
TXN008971,C0119,2024-04-14,59.99
TXN000402,C0048,2024-04-14,59.99
TXN010734,C0208,2024-04-14,39.99
TXN004299,C0201,2024-04-14,99.25
TXN018181,C0118,2024-04-14,39.99
TXN006509,C0247,2024-04-14,49.99
TXN001091,C0310,2024-04-14,19.99
TXN014134,C0016,2024-04-14,149.99
TXN007597,C0250,2024-04-14,59.99
TXN006203,C0022,2024-04-14,29.99
TXN012919,C0292,2024-04-14,99.99
TXN000713,C0160,2024-04-15,79.99
TXN006620,C0303,2024-04-15,19.99
TXN007644,C0199,2024-04-15,99.99
TXN018238,C0046,2024-04-15,71.6
TXN016709,C0164,2024-04-15,49.99
TXN017892,C0143,2024-04-15,43.97
TXN017505,C0304,2024-04-15,49.99
TXN016184,C0072,2024-04-15,23.15
TXN012120,C0151,2024-04-15,79.99
TXN015580,C0120,2024-04-15,29.99
TXN018500,C0163,2024-04-15,29.99
TXN003163,C0243,2024-04-15,29.99
TXN008794,C0289,2024-04-15,79.99
TXN015070,C0247,2024-04-15,49.99
TXN013668,C0038,2024-04-15,129.99
TXN009980,C0291,2024-04-15,49.99
TXN015326,C0340,2024-04-15,31.55
TXN003599,C0216,2024-04-15,39.99
TXN003685,C0060,2024-04-15,39.99
TXN014463,C0122,2024-04-15,149.99
TXN012070,C0081,2024-04-15,59.99
TXN002627,C0256,2024-04-15,29.99
TXN015645,C0046,2024-04-15,79.99
TXN004605,C0007,2024-04-16,39.99
TXN003903,C0322,2024-04-16,49.99
TXN005024,C0304,2024-04-16,49.99
TXN012210,C0199,2024-04-16,99.99
TXN006351,C0112,2024-04-16,49.99
TXN013714,C0166,2024-04-16,39.99
TXN006286,C0277,2024-04-16,49.99
TXN007400,C0120,2024-04-16,29.99
TXN004974,C0277,2024-04-16,49.99
TXN004027,C0139,2024-04-16,59.99
TXN018338,C0043,2024-04-16,29.99
TXN013634,C0203,2024-04-16,129.99
TXN008803,C0191,2024-04-16,79.99
TXN010045,C0098,2024-04-16,19.99
TXN002609,C0061,2024-04-16,49.99
TXN000658,C0076,2024-04-16,39.99
TXN016186,C0259,2024-04-16,59.99
TXN015383,C0223,2024-04-16,19.99
TXN002708,C0137,2024-04-16,129.99
TXN001972,C0116,2024-04-16,29.99
TXN001913,C0003,2024-04-16,29.99
TXN009802,C0232,2024-04-16,149.99
TXN001812,C0056,2024-04-16,29.99
TXN015163,C0058,2024-04-16,49.99
TXN005860,C0251,2024-04-16,49.99
TXN005932,C0285,2024-04-16,39.99
TXN016873,C0214,2024-04-16,59.99
TXN005248,C0020,2024-04-16,19.99
TXN005245,C0157,2024-04-16,59.99
TXN010423,C0035,2024-04-16,79.99
TXN014629,C0170,2024-04-16,39.99
TXN009250,C0046,2024-04-16,60.75
TXN000208,C0030,2024-04-16,175.6
TXN000383,C0149,2024-04-16,39.99
TXN011857,C0298,2024-04-17,199.99
TXN018250,C0173,2024-04-17,39.99
TXN007017,C0268,2024-04-17,59.99
TXN012209,C0019,2024-04-17,59.99
TXN009299,C0236,2024-04-17,29.99
TXN010625,C0342,2024-04-17,59.99
TXN012515,C0191,2024-04-17,79.99
TXN007184,C0184,2024-04-17,19.99
TXN005824,C0157,2024-04-17,59.99
TXN014043,C0198,2024-04-17,59.99
TXN005431,C0142,2024-04-17,39.99
TXN011940,C0041,2024-04-17,49.99
TXN018316,C0073,2024-04-17,19.99
TXN015597,C0324,2024-04-17,49.99
TXN013731,C0050,2024-04-17,29.99
TXN015977,C0322,2024-04-17,49.99
TXN007836,C0132,2024-04-17,49.99
TXN010417,C0338,2024-04-17,49.99
TXN013851,C0177,2024-04-17,59.99
TXN008064,C0205,2024-04-17,19.99
TXN015334,C0060,2024-04-17,34.35
TXN010131,C0277,2024-04-17,49.99
TXN003613,C0107,2024-04-17,149.99
TXN002552,C0251,2024-04-17,49.99
TXN011426,C0257,2024-04-17,19.99
TXN012738,C0053,2024-04-17,29.99
TXN001903,C0263,2024-04-17,39.99
TXN017871,C0139,2024-04-17,59.99
TXN018454,C0036,2024-04-17,49.99
TXN016937,C0165,2024-04-17,19.99
TXN006793,C0093,2024-04-17,19.99
TXN002008,C0259,2024-04-17,52.8
TXN001938,C0245,2024-04-17,39.99
TXN016601,C0099,2024-04-17,29.99
TXN011404,C0203,2024-04-18,129.99
TXN013120,C0164,2024-04-18,49.99
TXN010212,C0057,2024-04-18,99.99
TXN009095,C0041,2024-04-18,49.99
TXN015673,C0034,2024-04-18,49.99
TXN015321,C0060,2024-04-18,39.99
TXN012996,C0320,2024-04-18,199.99
TXN008957,C0247,2024-04-18,49.99
TXN008884,C0063,2024-04-18,39.99
TXN014224,C0205,2024-04-18,19.99
TXN015444,C0328,2024-04-18,29.99
TXN011477,C0233,2024-04-18,59.99
TXN000172,C0240,2024-04-18,99.99
TXN001515,C0078,2024-04-18,49.99
TXN008592,C0133,2024-04-18,59.99
TXN005164,C0015,2024-04-18,199.99
TXN000390,C0267,2024-04-18,29.99
TXN009088,C0188,2024-04-18,49.99
TXN018153,C0289,2024-04-18,79.99
TXN012296,C0203,2024-04-18,129.99
TXN002699,C0300,2024-04-18,49.99
TXN000928,C0157,2024-04-18,42.17
TXN016655,C0290,2024-04-18,29.99
TXN005933,C0131,2024-04-18,53.63
TXN004620,C0188,2024-04-18,49.99
TXN006905,C0306,2024-04-18,29.99
TXN006911,C0324,2024-04-18,49.99
TXN006947,C0109,2024-04-18,149.99
TXN011169,C0206,2024-04-18,49.99
TXN012704,C0350,2024-04-18,19.99
TXN003573,C0150,2024-04-18,99.99
TXN007219,C0166,2024-04-18,39.99
TXN000261,C0329,2024-04-18,99.99
TXN009150,C0109,2024-04-18,149.99
TXN004707,C0127,2024-04-18,29.99
TXN009610,C0236,2024-04-18,29.99
TXN015866,C0264,2024-04-18,49.99
TXN002378,C0302,2024-04-18,40.36
TXN015994,C0304,2024-04-18,49.99
TXN003993,C0344,2024-04-19,129.99
TXN001405,C0199,2024-04-19,89.44
TXN007819,C0253,2024-04-19,29.99
TXN015012,C0119,2024-04-19,59.99
TXN003339,C0033,2024-04-19,49.99
TXN012511,C0129,2024-04-19,99.99
TXN014587,C0176,2024-04-19,59.99
TXN006234,C0125,2024-04-19,49.99
TXN002526,C0329,2024-04-19,99.99
TXN016971,C0058,2024-04-19,49.99
TXN002793,C0309,2024-04-19,49.99
TXN002184,C0304,2024-04-19,49.99
TXN013705,C0097,2024-04-19,129.99
TXN001257,C0330,2024-04-19,62.71
TXN006770,C0222,2024-04-19,59.99
TXN003017,C0320,2024-04-19,199.99
TXN005216,C0199,2024-04-19,99.99
TXN015801,C0333,2024-04-19,39.99
TXN003246,C0243,2024-04-19,29.99
TXN008237,C0023,2024-04-19,49.99
TXN012019,C0321,2024-04-19,129.99
TXN016216,C0101,2024-04-19,129.99
TXN003780,C0064,2024-04-19,149.99
TXN005694,C0172,2024-04-19,29.99
TXN000040,C0002,2024-04-19,29.99
TXN002969,C0100,2024-04-19,49.99
TXN009656,C0052,2024-04-19,149.99
TXN011436,C0256,2024-04-20,22.57
TXN009253,C0056,2024-04-20,29.99
TXN007563,C0098,2024-04-20,19.99
TXN002718,C0160,2024-04-20,79.99
TXN006451,C0216,2024-04-20,39.99
TXN017021,C0046,2024-04-20,79.99
TXN000844,C0016,2024-04-20,149.99
TXN006689,C0235,2024-04-20,99.99
TXN016350,C0055,2024-04-20,49.99
TXN001012,C0335,2024-04-20,39.99
TXN011462,C0264,2024-04-20,49.99
TXN012020,C0255,2024-04-20,99.99
TXN007598,C0162,2024-04-20,79.99
TXN002669,C0305,2024-04-20,149.99
TXN008127,C0177,2024-04-20,46.65
TXN015298,C0279,2024-04-20,19.99
TXN004929,C0287,2024-04-20,44.53
TXN009090,C0121,2024-04-20,59.99
TXN005641,C0068,2024-04-20,79.99
TXN004663,C0267,2024-04-20,29.99
TXN008613,C0022,2024-04-20,29.99
TXN014397,C0140,2024-04-20,29.99
TXN010727,C0289,2024-04-20,79.99
TXN018341,C0125,2024-04-20,49.99
TXN001665,C0325,2024-04-20,59.99
TXN018408,C0322,2024-04-20,49.99
TXN018040,C0233,2024-04-20,59.99
TXN011130,C0216,2024-04-20,39.99
TXN018343,C0035,2024-04-20,79.99
TXN004011,C0193,2024-04-20,59.99
TXN011410,C0319,2024-04-20,29.99
TXN010069,C0067,2024-04-20,39.99
TXN011185,C0308,2024-04-20,29.99
TXN018124,C0067,2024-04-20,39.99
TXN014541,C0289,2024-04-20,79.99
TXN010209,C0256,2024-04-20,24.65
TXN008295,C0342,2024-04-21,59.99
TXN010196,C0156,2024-04-21,39.99
TXN017520,C0333,2024-04-21,39.99
TXN008769,C0165,2024-04-21,15.93
TXN015376,C0350,2024-04-21,14.38
TXN000553,C0127,2024-04-21,29.99
TXN001295,C0174,2024-04-21,25.65
TXN003196,C0215,2024-04-21,39.99
TXN008615,C0158,2024-04-21,79.99
TXN001281,C0255,2024-04-21,99.99
TXN002371,C0063,2024-04-21,28.48
TXN016009,C0341,2024-04-21,49.99
TXN001191,C0080,2024-04-21,59.99
TXN002055,C0210,2024-04-21,79.99
TXN017379,C0211,2024-04-21,49.99
TXN011762,C0251,2024-04-21,49.99
TXN017627,C0218,2024-04-21,29.99
TXN003073,C0097,2024-04-21,129.99
TXN007961,C0300,2024-04-21,36.37
TXN004282,C0350,2024-04-21,19.99
TXN015724,C0167,2024-04-21,39.99
TXN011340,C0108,2024-04-21,15.51
TXN003029,C0186,2024-04-21,39.99
TXN014114,C0292,2024-04-21,99.99
TXN011334,C0301,2024-04-21,79.99
TXN002476,C0294,2024-04-21,49.99
TXN008249,C0127,2024-04-21,22.73
TXN016951,C0329,2024-04-21,99.99
TXN005731,C0244,2024-04-21,79.99
TXN013585,C0122,2024-04-21,149.99
TXN012398,C0083,2024-04-21,29.99
TXN016969,C0130,2024-04-21,129.99
TXN016995,C0242,2024-04-21,39.99
TXN017003,C0221,2024-04-21,49.99
TXN006363,C0208,2024-04-21,39.99
TXN006426,C0300,2024-04-21,49.99
TXN003785,C0103,2024-04-21,49.99
TXN009294,C0026,2024-04-21,67.29
TXN009672,C0219,2024-04-21,59.99
TXN003992,C0243,2024-04-21,29.99
TXN014628,C0284,2024-04-21,29.99
TXN010681,C0133,2024-04-21,59.99
TXN017964,C0033,2024-04-21,49.99
TXN009132,C0093,2024-04-21,19.99
TXN005988,C0321,2024-04-21,129.99
TXN009927,C0044,2024-04-21,59.99
TXN003744,C0314,2024-04-21,59.99
TXN009769,C0216,2024-04-21,39.99
TXN016522,C0042,2024-04-21,129.99
TXN006965,C0127,2024-04-21,29.99
TXN001350,C0317,2024-04-21,29.99
TXN002543,C0292,2024-04-21,99.99
TXN001460,C0066,2024-04-21,59.99
TXN015938,C0202,2024-04-22,19.99
TXN003467,C0078,2024-04-22,49.99
TXN017499,C0197,2024-04-22,19.99
TXN006269,C0172,2024-04-22,29.99
TXN005865,C0152,2024-04-22,49.99
TXN005726,C0041,2024-04-22,49.99
TXN013427,C0263,2024-04-22,39.99
TXN010236,C0016,2024-04-22,149.99
TXN000556,C0241,2024-04-22,129.99
TXN006039,C0281,2024-04-22,89.4
TXN006035,C0217,2024-04-22,29.99
TXN010765,C0048,2024-04-22,59.99
TXN000446,C0066,2024-04-22,59.99
TXN001832,C0133,2024-04-22,59.99
TXN017443,C0115,2024-04-22,59.99
TXN017029,C0122,2024-04-22,149.99
TXN013850,C0015,2024-04-22,199.99
TXN013825,C0261,2024-04-22,49.99
TXN010901,C0001,2024-04-22,19.99
TXN010458,C0218,2024-04-22,29.99
TXN015969,C0130,2024-04-22,129.99
TXN013697,C0005,2024-04-22,29.99
TXN000734,C0292,2024-04-22,99.99
TXN004654,C0275,2024-04-22,19.99
TXN000285,C0230,2024-04-22,19.99
TXN004645,C0037,2024-04-22,99.99
TXN009264,C0178,2024-04-22,59.99
TXN017990,C0164,2024-04-22,35.44
TXN015432,C0316,2024-04-22,129.99
TXN001293,C0290,2024-04-22,29.99
TXN014563,C0196,2024-04-22,25.12
TXN003712,C0119,2024-04-22,59.99
TXN008455,C0241,2024-04-22,107.76
TXN009500,C0151,2024-04-22,79.99
TXN015776,C0277,2024-04-23,49.99
TXN009708,C0062,2024-04-23,29.99
TXN010790,C0017,2024-04-23,59.99
TXN003057,C0285,2024-04-23,32.09
TXN003949,C0313,2024-04-23,39.99
TXN003056,C0096,2024-04-23,49.99
TXN005547,C0188,2024-04-23,49.99
TXN006032,C0008,2024-04-23,29.99
TXN007163,C0336,2024-04-23,19.99
TXN008524,C0025,2024-04-23,79.99
TXN010574,C0195,2024-04-23,19.99
TXN015120,C0056,2024-04-23,29.99
TXN009775,C0034,2024-04-23,49.99
TXN016108,C0100,2024-04-23,49.99
TXN013443,C0336,2024-04-23,19.99
TXN003461,C0002,2024-04-23,29.99
TXN017223,C0344,2024-04-23,129.99
TXN003328,C0274,2024-04-23,29.99
TXN008213,C0213,2024-04-23,59.99
TXN005285,C0288,2024-04-23,19.99
TXN011723,C0007,2024-04-23,39.99
TXN003793,C0311,2024-04-23,49.99
TXN010700,C0319,2024-04-23,29.99
TXN000060,C0190,2024-04-23,59.99
TXN014315,C0250,2024-04-23,59.99
TXN012614,C0204,2024-04-23,39.99
TXN010099,C0317,2024-04-23,29.99
TXN007107,C0244,2024-04-23,79.99
TXN002909,C0185,2024-04-23,39.99
TXN015718,C0214,2024-04-23,59.99
TXN002499,C0037,2024-04-23,99.99
TXN005297,C0306,2024-04-23,29.99
TXN012405,C0091,2024-04-24,99.99
TXN004078,C0342,2024-04-24,50.69
TXN002206,C0047,2024-04-24,25.97
TXN009181,C0241,2024-04-24,129.99
TXN018376,C0234,2024-04-24,79.99
TXN012780,C0286,2024-04-24,19.99
TXN016078,C0098,2024-04-24,19.99
TXN003735,C0316,2024-04-24,129.99
TXN014918,C0269,2024-04-24,39.99
TXN000471,C0097,2024-04-24,129.99
TXN006776,C0184,2024-04-24,19.99
TXN011600,C0062,2024-04-24,25.3
TXN016529,C0306,2024-04-24,23.66
TXN007023,C0229,2024-04-24,49.99
TXN014204,C0221,2024-04-24,49.99
TXN007034,C0034,2024-04-24,49.99
TXN016512,C0238,2024-04-24,59.99
TXN004105,C0162,2024-04-24,79.99
TXN001318,C0279,2024-04-24,19.99
TXN012279,C0323,2024-04-24,99.99
TXN003884,C0060,2024-04-24,39.99
TXN008166,C0108,2024-04-24,19.99
TXN008170,C0328,2024-04-24,29.99
TXN016978,C0065,2024-04-24,29.99
TXN018133,C0307,2024-04-24,59.99
TXN003671,C0038,2024-04-24,129.99
TXN008222,C0110,2024-04-24,59.99
TXN002447,C0258,2024-04-24,19.99
TXN009579,C0259,2024-04-24,59.99
TXN007889,C0221,2024-04-24,49.99
TXN003405,C0158,2024-04-24,79.99
TXN006396,C0279,2024-04-24,14.24
TXN013719,C0097,2024-04-24,129.99
TXN018231,C0323,2024-04-24,99.99
TXN009003,C0143,2024-04-24,59.99
TXN017802,C0030,2024-04-24,199.99
TXN015837,C0088,2024-04-24,99.99
TXN008504,C0139,2024-04-24,59.99
TXN013769,C0056,2024-04-24,29.99
TXN006597,C0261,2024-04-24,49.99
TXN006891,C0061,2024-04-24,41.94
TXN015805,C0184,2024-04-24,19.99
TXN009745,C0220,2024-04-24,29.99
TXN005088,C0093,2024-04-24,19.99
TXN009284,C0014,2024-04-25,29.99
TXN011448,C0188,2024-04-25,49.99
TXN009317,C0253,2024-04-25,29.99
TXN006623,C0136,2024-04-25,19.99
TXN013530,C0203,2024-04-25,129.99
TXN016561,C0186,2024-04-25,39.99
TXN006322,C0039,2024-04-25,49.99
TXN000854,C0018,2024-04-25,29.99
TXN006114,C0054,2024-04-25,99.99
TXN006503,C0197,2024-04-25,19.99
TXN001719,C0262,2024-04-25,29.99
TXN004816,C0311,2024-04-25,49.99
TXN005328,C0070,2024-04-25,149.99
TXN001338,C0012,2024-04-25,49.99
TXN010184,C0025,2024-04-25,79.99
TXN013237,C0164,2024-04-25,49.99
TXN004353,C0286,2024-04-25,19.99
TXN013997,C0119,2024-04-25,59.99
TXN004317,C0099,2024-04-25,29.99
TXN015272,C0284,2024-04-25,24.22
TXN009318,C0034,2024-04-25,49.99
TXN005111,C0175,2024-04-25,19.99
TXN015840,C0314,2024-04-25,50.64
TXN007628,C0339,2024-04-25,39.99
TXN003269,C0020,2024-04-25,19.99
TXN007461,C0244,2024-04-25,79.99
TXN012884,C0027,2024-04-25,49.99
TXN010480,C0247,2024-04-25,41.43
TXN013784,C0139,2024-04-25,59.99
TXN011974,C0313,2024-04-25,39.99
TXN001660,C0218,2024-04-25,29.99
TXN002524,C0150,2024-04-25,78.08
TXN016193,C0194,2024-04-25,109.66
TXN017270,C0174,2024-04-25,29.99
TXN008647,C0151,2024-04-25,79.99
TXN012848,C0103,2024-04-25,49.99
TXN007153,C0151,2024-04-25,79.99
TXN015103,C0318,2024-04-25,39.99
TXN013363,C0058,2024-04-26,49.99
TXN001706,C0144,2024-04-26,19.99
TXN003444,C0302,2024-04-26,37.45
TXN015117,C0260,2024-04-26,59.99
TXN011104,C0255,2024-04-26,72.38
TXN010157,C0150,2024-04-26,99.99
TXN014282,C0310,2024-04-26,19.99
TXN008862,C0024,2024-04-26,99.99
TXN014101,C0015,2024-04-26,199.99
TXN015575,C0128,2024-04-26,59.99
TXN009102,C0313,2024-04-26,39.99
TXN003347,C0007,2024-04-26,39.99
TXN010352,C0069,2024-04-26,25.62
TXN002374,C0095,2024-04-26,19.99
TXN013721,C0137,2024-04-26,129.99
TXN008663,C0147,2024-04-26,19.99
TXN001441,C0318,2024-04-26,39.99
TXN015912,C0186,2024-04-26,39.99
TXN008466,C0209,2024-04-26,39.99
TXN007679,C0316,2024-04-26,129.99
TXN007526,C0174,2024-04-26,29.99
TXN007892,C0053,2024-04-26,29.99
TXN001399,C0266,2024-04-26,152.36
TXN011065,C0045,2024-04-26,43.69
TXN003692,C0237,2024-04-26,29.99
TXN017575,C0350,2024-04-26,19.99
TXN000724,C0077,2024-04-26,99.99
TXN003597,C0323,2024-04-26,99.99
TXN003881,C0248,2024-04-26,59.99
TXN017952,C0151,2024-04-26,79.99
TXN005518,C0173,2024-04-26,39.99
TXN003661,C0039,2024-04-26,49.99
TXN017532,C0017,2024-04-26,59.99
TXN005743,C0286,2024-04-27,19.99
TXN012105,C0312,2024-04-27,79.99
TXN006629,C0161,2024-04-27,49.99
TXN009561,C0135,2024-04-27,49.99
TXN014514,C0068,2024-04-27,79.99
TXN006733,C0147,2024-04-27,19.99
TXN003360,C0179,2024-04-27,49.99
TXN014304,C0071,2024-04-27,42.84
TXN003370,C0287,2024-04-27,49.99
TXN010009,C0143,2024-04-27,59.99
TXN018045,C0169,2024-04-27,59.99
TXN012390,C0074,2024-04-27,29.99
TXN014941,C0311,2024-04-27,49.99
TXN008723,C0264,2024-04-27,49.99
TXN003284,C0313,2024-04-27,39.99
TXN004412,C0251,2024-04-27,49.99
TXN002929,C0139,2024-04-27,59.99
TXN012668,C0233,2024-04-27,59.99
TXN016422,C0097,2024-04-27,129.99
TXN012029,C0241,2024-04-27,129.99
TXN015695,C0263,2024-04-27,39.99
TXN007766,C0231,2024-04-27,59.99
TXN015850,C0233,2024-04-27,59.99
TXN016008,C0052,2024-04-27,149.99
TXN003572,C0138,2024-04-27,59.99
TXN017188,C0132,2024-04-27,49.99
TXN016192,C0053,2024-04-27,29.99
TXN007140,C0008,2024-04-27,29.99
TXN001275,C0039,2024-04-27,49.99
TXN014118,C0034,2024-04-27,49.99
TXN004805,C0042,2024-04-27,129.99
TXN007131,C0020,2024-04-27,16.54
TXN013268,C0214,2024-04-27,59.99
TXN004408,C0101,2024-04-27,129.99
TXN002410,C0209,2024-04-27,39.99
TXN016791,C0015,2024-04-27,199.99
TXN013548,C0147,2024-04-27,19.99
TXN010772,C0260,2024-04-27,59.99
TXN002381,C0181,2024-04-27,99.99
TXN006201,C0234,2024-04-27,79.99
TXN001885,C0005,2024-04-27,29.99
TXN006767,C0020,2024-04-28,19.99
TXN008906,C0156,2024-04-28,39.99
TXN011048,C0183,2024-04-28,49.99
TXN016509,C0093,2024-04-28,19.99
TXN011006,C0139,2024-04-28,59.99
TXN000157,C0135,2024-04-28,49.99
TXN005878,C0311,2024-04-28,49.99
TXN008551,C0315,2024-04-28,66.58
TXN004213,C0095,2024-04-28,19.99
TXN013331,C0247,2024-04-28,49.99
TXN008150,C0075,2024-04-28,49.99
TXN005324,C0095,2024-04-28,15.63
TXN010716,C0307,2024-04-28,59.99
TXN015843,C0107,2024-04-28,149.99
TXN005354,C0335,2024-04-28,39.99
TXN017274,C0142,2024-04-28,39.99
TXN004910,C0130,2024-04-28,129.99
TXN006933,C0141,2024-04-28,59.99
TXN012959,C0056,2024-04-28,29.99
TXN015573,C0069,2024-04-28,29.99
TXN007928,C0300,2024-04-28,49.99
TXN016920,C0250,2024-04-28,53.49
TXN016039,C0144,2024-04-28,19.99
TXN001105,C0043,2024-04-28,29.99
TXN007729,C0264,2024-04-28,49.99
TXN007707,C0151,2024-04-28,79.99
TXN002961,C0144,2024-04-28,19.99
TXN013550,C0294,2024-04-28,49.99
TXN016763,C0268,2024-04-28,59.99
TXN003406,C0025,2024-04-28,79.99
TXN010442,C0238,2024-04-28,59.99
TXN004675,C0169,2024-04-28,59.99
TXN002677,C0284,2024-04-28,22.53
TXN017025,C0201,2024-04-28,103.87
TXN011239,C0096,2024-04-28,49.99
TXN013745,C0089,2024-04-28,79.99
TXN009938,C0065,2024-04-28,29.99
TXN003765,C0002,2024-04-28,29.99
TXN011391,C0183,2024-04-28,49.99
TXN013300,C0235,2024-04-29,83.87
TXN013516,C0336,2024-04-29,19.99
TXN012444,C0332,2024-04-29,19.99
TXN002323,C0192,2024-04-29,79.99
TXN000514,C0034,2024-04-29,49.99
TXN010373,C0188,2024-04-29,49.99
TXN017507,C0058,2024-04-29,49.99
TXN004573,C0096,2024-04-29,39.66
TXN006923,C0026,2024-04-29,79.99
TXN011742,C0249,2024-04-29,19.99
TXN009746,C0188,2024-04-29,36.15
TXN005141,C0311,2024-04-29,49.99
TXN003004,C0062,2024-04-29,29.99
TXN017133,C0168,2024-04-29,39.99
TXN018320,C0181,2024-04-29,99.99
TXN009087,C0271,2024-04-29,59.99
TXN006697,C0078,2024-04-29,49.99
TXN001836,C0169,2024-04-29,59.99
TXN006763,C0041,2024-04-29,49.99
TXN001039,C0215,2024-04-29,39.99
TXN007148,C0301,2024-04-29,79.99
TXN000918,C0149,2024-04-29,39.99
TXN001273,C0061,2024-04-29,49.99
TXN010124,C0175,2024-04-29,17.59
TXN017702,C0073,2024-04-29,19.99
TXN013746,C0315,2024-04-29,79.99
TXN010913,C0120,2024-04-29,29.99
TXN014325,C0026,2024-04-29,79.99
TXN009932,C0095,2024-04-30,17.7
TXN003575,C0103,2024-04-30,49.99
TXN018471,C0009,2024-04-30,79.99
TXN013921,C0127,2024-04-30,29.99
TXN011387,C0214,2024-04-30,42.95
TXN010846,C0039,2024-04-30,49.99
TXN018088,C0089,2024-04-30,79.99
TXN014175,C0057,2024-04-30,99.99
TXN015570,C0304,2024-04-30,49.99
TXN018093,C0254,2024-04-30,79.99
TXN009107,C0014,2024-04-30,29.99
TXN008043,C0092,2024-04-30,29.99
TXN002741,C0230,2024-04-30,19.99
TXN009019,C0240,2024-04-30,99.99
TXN000398,C0202,2024-04-30,19.99
TXN001378,C0234,2024-04-30,66.9
TXN009225,C0102,2024-04-30,39.99
TXN008867,C0121,2024-04-30,59.99
TXN014940,C0048,2024-04-30,59.99
TXN008682,C0279,2024-04-30,19.99
TXN014614,C0024,2024-04-30,99.99
TXN005035,C0340,2024-04-30,39.99
TXN013713,C0062,2024-04-30,29.99
TXN001638,C0226,2024-04-30,122.22
TXN001644,C0009,2024-04-30,79.99
TXN008202,C0148,2024-04-30,149.99
TXN004165,C0196,2024-04-30,24.23
TXN013147,C0350,2024-04-30,19.99
TXN009484,C0243,2024-04-30,29.99
TXN009504,C0241,2024-04-30,129.99
TXN000568,C0116,2024-04-30,29.99
TXN009629,C0124,2024-04-30,47.3
TXN017506,C0216,2024-04-30,39.99
TXN017959,C0148,2024-04-30,149.99
TXN015541,C0047,2024-04-30,29.99
TXN005417,C0202,2024-04-30,19.99
TXN008658,C0314,2024-04-30,59.99
TXN003459,C0172,2024-04-30,29.99
TXN002954,C0003,2024-04-30,29.99
TXN005867,C0202,2024-04-30,19.99
TXN002009,C0248,2024-04-30,59.99
TXN005863,C0038,2024-04-30,129.99
TXN016716,C0144,2024-04-30,19.99
TXN006999,C0254,2024-04-30,61.98
TXN005423,C0204,2024-05-01,34.19
TXN000493,C0019,2024-05-01,59.99
TXN017921,C0300,2024-05-01,49.99
TXN017397,C0321,2024-05-01,129.99
TXN014556,C0065,2024-05-01,23.03
TXN004693,C0261,2024-05-01,49.99
TXN007368,C0019,2024-05-01,53.68
TXN014613,C0157,2024-05-01,59.99
TXN004793,C0280,2024-05-01,19.99
TXN004882,C0277,2024-05-01,49.99
TXN003139,C0047,2024-05-01,29.99
TXN017751,C0208,2024-05-01,39.99
TXN008968,C0228,2024-05-01,79.99
TXN006544,C0326,2024-05-01,19.99
TXN008453,C0167,2024-05-01,39.99
TXN008360,C0122,2024-05-01,105.68
TXN002920,C0299,2024-05-01,59.99
TXN007004,C0258,2024-05-01,19.99
TXN002955,C0273,2024-05-01,199.99
TXN017446,C0094,2024-05-01,29.99
TXN006926,C0034,2024-05-01,49.99
TXN003022,C0191,2024-05-01,79.99
TXN008558,C0012,2024-05-01,49.99
TXN009525,C0296,2024-05-01,39.99
TXN013915,C0164,2024-05-01,49.99
TXN001683,C0107,2024-05-01,149.99
TXN006407,C0323,2024-05-01,99.99
TXN010857,C0124,2024-05-01,59.99
TXN003928,C0159,2024-05-01,79.99
TXN004072,C0254,2024-05-01,79.99
TXN012748,C0285,2024-05-01,39.99
TXN010477,C0072,2024-05-01,29.99
TXN018492,C0036,2024-05-01,49.99
TXN014201,C0282,2024-05-01,29.99
TXN010692,C0230,2024-05-01,15.86
TXN013385,C0147,2024-05-01,19.99
TXN013993,C0050,2024-05-01,29.99
TXN003410,C0011,2024-05-01,49.99
TXN000356,C0017,2024-05-02,59.99
TXN000723,C0292,2024-05-02,99.99
TXN008292,C0016,2024-05-02,149.99
TXN013176,C0071,2024-05-02,35.84
TXN005503,C0084,2024-05-02,19.99
TXN012939,C0157,2024-05-02,59.99
TXN000520,C0153,2024-05-02,79.99
TXN003979,C0350,2024-05-02,19.99
TXN003682,C0349,2024-05-02,129.99
TXN001912,C0170,2024-05-02,34.5
TXN004240,C0097,2024-05-02,129.99
TXN018349,C0264,2024-05-02,49.99
TXN003828,C0248,2024-05-02,59.99
TXN012771,C0282,2024-05-02,29.99
TXN009591,C0080,2024-05-02,59.99
TXN014170,C0048,2024-05-02,59.99
TXN006444,C0068,2024-05-02,79.99
TXN005973,C0026,2024-05-02,79.99
TXN001869,C0043,2024-05-02,29.99
TXN003783,C0200,2024-05-02,29.99
TXN010413,C0105,2024-05-02,29.99
TXN013728,C0318,2024-05-02,39.99
TXN002786,C0245,2024-05-02,39.99
TXN000977,C0159,2024-05-02,69.3
TXN009974,C0044,2024-05-02,59.99
TXN012476,C0337,2024-05-02,129.99
TXN004753,C0196,2024-05-02,29.99
TXN001021,C0249,2024-05-02,19.99
TXN016249,C0069,2024-05-02,29.99
TXN000028,C0323,2024-05-02,99.99
TXN003201,C0286,2024-05-02,19.99
TXN007232,C0143,2024-05-03,59.99
TXN016162,C0130,2024-05-03,102.8
TXN001542,C0058,2024-05-03,49.99
TXN015336,C0042,2024-05-03,129.99
TXN006940,C0106,2024-05-03,199.99
TXN005971,C0258,2024-05-03,19.99
TXN004182,C0315,2024-05-03,79.99
TXN012854,C0238,2024-05-03,59.99
TXN002372,C0334,2024-05-03,29.99
TXN007387,C0296,2024-05-03,39.99
TXN006375,C0201,2024-05-03,129.99
TXN001489,C0100,2024-05-03,49.99
TXN002613,C0279,2024-05-03,19.99
TXN000829,C0196,2024-05-03,29.99
TXN017537,C0037,2024-05-03,99.99
TXN005490,C0311,2024-05-03,36.43
TXN009791,C0336,2024-05-03,19.99
TXN009963,C0233,2024-05-03,59.99
TXN015923,C0112,2024-05-03,49.99
TXN013426,C0174,2024-05-03,23.06
TXN002838,C0282,2024-05-03,29.99
TXN017693,C0321,2024-05-03,129.99
TXN015046,C0095,2024-05-03,17.51
TXN002822,C0042,2024-05-03,129.99
TXN003456,C0338,2024-05-03,49.99
TXN004028,C0159,2024-05-03,58.47
TXN014991,C0348,2024-05-03,29.99
TXN003204,C0333,2024-05-03,39.99
TXN009879,C0233,2024-05-03,59.99
TXN017727,C0080,2024-05-03,59.99
TXN004835,C0104,2024-05-04,19.99
TXN000296,C0082,2024-05-04,26.22
TXN010317,C0007,2024-05-04,39.99
TXN006440,C0244,2024-05-04,79.99
TXN014051,C0087,2024-05-04,49.99
TXN010731,C0052,2024-05-04,149.99
TXN012702,C0138,2024-05-04,59.99
TXN017253,C0167,2024-05-04,33.99
TXN005499,C0010,2024-05-04,59.99
TXN012700,C0136,2024-05-04,19.99
TXN010965,C0318,2024-05-04,39.99
TXN018170,C0108,2024-05-04,19.99
TXN005760,C0342,2024-05-04,59.99
TXN012642,C0200,2024-05-04,29.99
TXN009448,C0044,2024-05-04,45.28
TXN009383,C0329,2024-05-04,99.99
TXN013113,C0092,2024-05-04,29.99
TXN001691,C0316,2024-05-04,129.99
TXN001783,C0124,2024-05-04,59.99
TXN004914,C0180,2024-05-04,39.99
TXN013302,C0162,2024-05-04,79.99
TXN010013,C0283,2024-05-04,39.99
TXN009054,C0252,2024-05-04,49.99
TXN006230,C0022,2024-05-04,25.77
TXN012387,C0315,2024-05-05,79.99
TXN014219,C0186,2024-05-05,32.43
TXN002527,C0185,2024-05-05,39.99
TXN004547,C0252,2024-05-05,49.99
TXN006690,C0074,2024-05-05,29.99
TXN009597,C0065,2024-05-05,24.35
TXN014466,C0263,2024-05-05,39.99
TXN016674,C0331,2024-05-05,59.99
TXN014650,C0053,2024-05-05,29.99
TXN003131,C0265,2024-05-05,37.22
TXN000712,C0291,2024-05-05,49.99
TXN005894,C0299,2024-05-05,45.12
TXN008993,C0048,2024-05-05,59.99
TXN014989,C0329,2024-05-05,99.99
TXN005882,C0035,2024-05-05,79.99
TXN000983,C0333,2024-05-05,39.99
TXN000617,C0222,2024-05-05,59.99
TXN000071,C0002,2024-05-05,29.99
TXN003839,C0181,2024-05-05,99.99
TXN012757,C0167,2024-05-05,39.99
TXN006059,C0248,2024-05-05,59.99
TXN013785,C0143,2024-05-05,59.99
TXN007703,C0165,2024-05-05,14.16
TXN006235,C0223,2024-05-05,19.99
TXN017218,C0319,2024-05-05,29.99
TXN013651,C0091,2024-05-05,76.61
TXN014030,C0239,2024-05-05,39.99
TXN013913,C0152,2024-05-05,49.99
TXN011212,C0312,2024-05-05,79.99
TXN012941,C0061,2024-05-05,49.99
TXN005830,C0336,2024-05-05,19.99
TXN003451,C0128,2024-05-05,59.99
TXN012740,C0349,2024-05-05,129.99
TXN015902,C0052,2024-05-05,149.99
TXN000123,C0084,2024-05-05,19.99
TXN006184,C0274,2024-05-05,21.87
TXN005532,C0251,2024-05-05,49.99
TXN003006,C0228,2024-05-05,79.99
TXN015333,C0198,2024-05-06,59.99
TXN003212,C0277,2024-05-06,49.99
TXN007735,C0075,2024-05-06,49.99
TXN012482,C0150,2024-05-06,99.99
TXN009016,C0026,2024-05-06,79.99
TXN003087,C0340,2024-05-06,33.56
TXN004080,C0238,2024-05-06,59.99
TXN000764,C0075,2024-05-06,49.99
TXN011514,C0141,2024-05-06,59.99
TXN008849,C0259,2024-05-06,52.22
TXN013471,C0202,2024-05-06,19.99
TXN000477,C0044,2024-05-06,59.99
TXN017393,C0040,2024-05-06,39.99
TXN003570,C0272,2024-05-06,59.99
TXN005103,C0034,2024-05-06,43.56
TXN007538,C0328,2024-05-06,29.99
TXN015162,C0159,2024-05-06,79.99
TXN012646,C0168,2024-05-06,39.99
TXN010746,C0224,2024-05-06,49.99
TXN007778,C0183,2024-05-06,49.99
TXN016476,C0001,2024-05-06,15.9
TXN008609,C0005,2024-05-06,29.99
TXN002676,C0265,2024-05-06,49.99
TXN015972,C0298,2024-05-06,199.99
TXN003169,C0332,2024-05-06,19.99
TXN002522,C0248,2024-05-06,59.99
TXN011999,C0302,2024-05-06,49.99
TXN000906,C0022,2024-05-06,29.99
TXN002514,C0128,2024-05-06,59.99
TXN009816,C0231,2024-05-06,59.99
TXN005990,C0068,2024-05-06,79.99
TXN012196,C0098,2024-05-06,19.99
TXN017887,C0083,2024-05-06,29.99
TXN017346,C0157,2024-05-06,59.99
TXN001401,C0192,2024-05-06,79.99
TXN010174,C0342,2024-05-06,53.35
TXN007414,C0290,2024-05-07,29.99
TXN009837,C0168,2024-05-07,39.99
TXN014980,C0243,2024-05-07,29.99
TXN001743,C0294,2024-05-07,49.99
TXN017279,C0038,2024-05-07,129.99
TXN001884,C0160,2024-05-07,79.99
TXN004351,C0329,2024-05-07,99.99
TXN002270,C0087,2024-05-07,49.99
TXN002525,C0111,2024-05-07,99.99
TXN011256,C0142,2024-05-07,28.06
TXN006789,C0270,2024-05-07,49.99
TXN016239,C0274,2024-05-07,29.99
TXN017713,C0195,2024-05-07,19.99
TXN016126,C0261,2024-05-07,49.99
TXN003777,C0179,2024-05-07,49.99
TXN000968,C0047,2024-05-07,29.99
TXN013707,C0290,2024-05-07,24.85
TXN001610,C0136,2024-05-07,19.99
TXN001428,C0159,2024-05-07,79.99
TXN005909,C0104,2024-05-07,19.99
TXN010544,C0077,2024-05-07,99.99
TXN014671,C0104,2024-05-07,19.99
TXN017766,C0304,2024-05-07,49.99
TXN012184,C0334,2024-05-07,29.99
TXN014925,C0014,2024-05-07,29.99
TXN002391,C0191,2024-05-07,79.99
TXN006726,C0298,2024-05-07,199.99
TXN011423,C0158,2024-05-07,57.0
TXN001724,C0285,2024-05-07,39.99
TXN009028,C0124,2024-05-07,59.99
TXN009652,C0296,2024-05-07,28.22
TXN009009,C0144,2024-05-07,19.99
TXN010400,C0259,2024-05-07,49.77
TXN014391,C0252,2024-05-07,49.99
TXN011220,C0001,2024-05-07,19.99
TXN001673,C0043,2024-05-07,29.99
TXN017376,C0280,2024-05-07,19.99
TXN001014,C0209,2024-05-07,39.99
TXN005606,C0025,2024-05-07,79.99
TXN012828,C0087,2024-05-07,49.99
TXN001811,C0106,2024-05-07,199.99
TXN017495,C0028,2024-05-07,39.99
TXN008058,C0291,2024-05-07,49.99
TXN017551,C0066,2024-05-07,59.99
TXN004301,C0218,2024-05-08,29.99
TXN010408,C0189,2024-05-08,37.24
TXN004097,C0240,2024-05-08,99.99
TXN005004,C0121,2024-05-08,59.99
TXN014444,C0012,2024-05-08,49.99
TXN018311,C0041,2024-05-08,49.99
TXN010824,C0332,2024-05-08,19.99
TXN003899,C0284,2024-05-08,29.99
TXN004216,C0007,2024-05-08,31.59
TXN004666,C0189,2024-05-08,49.99
TXN007364,C0090,2024-05-08,49.99
TXN018347,C0104,2024-05-08,19.99
TXN012806,C0323,2024-05-08,99.99
TXN004765,C0273,2024-05-08,158.89
TXN003229,C0321,2024-05-08,129.99
TXN005920,C0250,2024-05-08,59.99
TXN017087,C0233,2024-05-08,59.99
TXN015847,C0150,2024-05-08,99.99
TXN003558,C0273,2024-05-08,199.99
TXN009173,C0041,2024-05-08,49.99
TXN002715,C0041,2024-05-08,40.71
TXN010339,C0212,2024-05-08,39.99
TXN012092,C0143,2024-05-08,59.99
TXN012784,C0117,2024-05-08,19.99
TXN004462,C0256,2024-05-08,29.99
TXN011093,C0141,2024-05-08,59.99
TXN007969,C0260,2024-05-08,52.04
TXN004456,C0301,2024-05-08,79.99
TXN007927,C0333,2024-05-08,39.99
TXN017327,C0213,2024-05-08,59.99
TXN003493,C0040,2024-05-08,39.99
TXN004484,C0088,2024-05-08,99.99
TXN016769,C0307,2024-05-08,51.92
TXN002076,C0207,2024-05-08,29.99
TXN004357,C0265,2024-05-08,44.95
TXN018011,C0102,2024-05-08,34.47
TXN012652,C0114,2024-05-08,49.99
TXN015015,C0309,2024-05-08,49.99
TXN002220,C0350,2024-05-08,19.99
TXN008759,C0105,2024-05-08,22.22
TXN017993,C0235,2024-05-08,99.99
TXN017479,C0136,2024-05-08,19.99
TXN004444,C0025,2024-05-08,79.99
TXN011798,C0080,2024-05-09,59.99
TXN002461,C0308,2024-05-09,29.99
TXN008311,C0056,2024-05-09,23.29
TXN016004,C0327,2024-05-09,79.99
TXN015282,C0098,2024-05-09,14.15
TXN011182,C0239,2024-05-09,39.99
TXN003582,C0066,2024-05-09,59.99
TXN009051,C0284,2024-05-09,29.99
TXN016290,C0275,2024-05-09,19.99
TXN012345,C0043,2024-05-09,29.99
TXN017140,C0345,2024-05-09,49.99
TXN016738,C0276,2024-05-09,79.99
TXN016357,C0060,2024-05-09,39.99
TXN012013,C0311,2024-05-09,49.99
TXN012762,C0196,2024-05-09,29.99
TXN004280,C0155,2024-05-09,39.99
TXN007321,C0012,2024-05-09,49.99
TXN000625,C0078,2024-05-09,49.99
TXN006585,C0038,2024-05-09,129.99
TXN011227,C0204,2024-05-09,29.73
TXN010252,C0029,2024-05-09,39.99
TXN010114,C0030,2024-05-09,199.99
TXN001016,C0230,2024-05-09,19.99
TXN012719,C0031,2024-05-09,19.99
TXN013411,C0127,2024-05-09,29.99
TXN008341,C0107,2024-05-09,149.99
TXN012353,C0178,2024-05-09,59.99
TXN004082,C0264,2024-05-09,49.99
TXN013015,C0139,2024-05-09,48.97
TXN012495,C0143,2024-05-09,59.99
TXN014859,C0332,2024-05-09,19.99
TXN003462,C0147,2024-05-09,19.99
TXN013505,C0139,2024-05-09,59.99
TXN000780,C0118,2024-05-09,39.99
TXN006118,C0285,2024-05-10,39.99
TXN017158,C0215,2024-05-10,39.99
TXN002624,C0143,2024-05-10,59.99
TXN005546,C0142,2024-05-10,39.99
TXN003214,C0220,2024-05-10,29.99
TXN008044,C0286,2024-05-10,19.99
TXN008662,C0183,2024-05-10,49.99
TXN004916,C0298,2024-05-10,199.99
TXN002623,C0282,2024-05-10,29.99
TXN012071,C0231,2024-05-10,59.99
TXN003621,C0027,2024-05-10,49.99
TXN007371,C0128,2024-05-10,59.99
TXN013108,C0337,2024-05-10,109.56
TXN014634,C0014,2024-05-10,29.99
TXN017728,C0147,2024-05-10,19.99
TXN004821,C0333,2024-05-10,39.99
TXN012930,C0142,2024-05-10,35.38
TXN003866,C0097,2024-05-10,129.99
TXN009472,C0314,2024-05-10,59.99
TXN013068,C0073,2024-05-10,19.99
TXN000770,C0265,2024-05-10,49.99
TXN002335,C0008,2024-05-10,29.99
TXN017252,C0236,2024-05-10,29.99
TXN013158,C0170,2024-05-10,39.99
TXN001560,C0016,2024-05-10,133.44
TXN013022,C0323,2024-05-10,99.99
TXN007075,C0103,2024-05-10,49.99
TXN006943,C0030,2024-05-10,199.99
TXN012722,C0256,2024-05-11,22.58
TXN008374,C0143,2024-05-11,59.99
TXN007110,C0053,2024-05-11,29.99
TXN008053,C0331,2024-05-11,59.99
TXN009310,C0015,2024-05-11,199.99
TXN009986,C0202,2024-05-11,17.4
TXN002817,C0161,2024-05-11,43.68
TXN008763,C0141,2024-05-11,59.99
TXN005012,C0003,2024-05-11,21.59
TXN017973,C0182,2024-05-11,49.99
TXN000229,C0142,2024-05-11,39.99
TXN007169,C0284,2024-05-11,29.99
TXN014603,C0001,2024-05-11,17.15
TXN017965,C0234,2024-05-11,71.59
TXN009766,C0115,2024-05-11,59.99
TXN010758,C0139,2024-05-11,59.99
TXN010709,C0139,2024-05-11,59.99
TXN010930,C0275,2024-05-11,19.99
TXN010207,C0306,2024-05-11,29.99
TXN014341,C0060,2024-05-11,39.99
TXN010788,C0317,2024-05-11,29.99
TXN014021,C0181,2024-05-11,99.99
TXN011926,C0004,2024-05-11,99.99
TXN013517,C0264,2024-05-11,49.99
TXN000256,C0104,2024-05-11,19.99
TXN006986,C0157,2024-05-11,59.99
TXN010238,C0282,2024-05-11,25.52
TXN002891,C0044,2024-05-12,59.99
TXN013734,C0307,2024-05-12,59.99
TXN004254,C0313,2024-05-12,39.99
TXN003476,C0131,2024-05-12,59.99
TXN006087,C0057,2024-05-12,99.99
TXN001471,C0044,2024-05-12,59.99
TXN011250,C0076,2024-05-12,39.99
TXN013054,C0288,2024-05-12,15.28
TXN007343,C0094,2024-05-12,29.99
TXN010438,C0101,2024-05-12,129.99
TXN005011,C0195,2024-05-12,19.99
TXN017050,C0218,2024-05-12,26.8
TXN004202,C0282,2024-05-12,29.99
TXN002295,C0201,2024-05-12,129.99
TXN006491,C0076,2024-05-12,39.99
TXN002034,C0247,2024-05-12,49.99
TXN007405,C0253,2024-05-12,21.37
TXN000581,C0187,2024-05-12,39.99
TXN015348,C0119,2024-05-12,59.99
TXN003387,C0237,2024-05-12,29.99
TXN009292,C0332,2024-05-12,19.99
TXN000138,C0065,2024-05-12,29.99
TXN013642,C0257,2024-05-12,16.35
TXN017411,C0174,2024-05-12,29.99
TXN013206,C0233,2024-05-12,59.99
TXN004671,C0346,2024-05-12,199.99
TXN014756,C0298,2024-05-12,199.99
TXN009347,C0200,2024-05-12,29.99
TXN004652,C0248,2024-05-12,59.99
TXN003547,C0072,2024-05-12,29.99
TXN017406,C0221,2024-05-12,49.99
TXN014558,C0038,2024-05-12,129.99
TXN003450,C0303,2024-05-12,19.99
TXN003278,C0062,2024-05-12,29.99
TXN018270,C0188,2024-05-13,49.99
TXN009800,C0058,2024-05-13,49.99
TXN011712,C0014,2024-05-13,29.99
TXN011276,C0241,2024-05-13,129.99
TXN015550,C0346,2024-05-13,199.99
TXN000750,C0263,2024-05-13,39.99
TXN003014,C0305,2024-05-13,149.99
TXN011247,C0111,2024-05-13,99.99
TXN012349,C0319,2024-05-13,23.3
TXN003637,C0101,2024-05-13,129.99
TXN005615,C0277,2024-05-13,43.0
TXN011344,C0319,2024-05-13,29.99
TXN008049,C0115,2024-05-13,59.99
TXN003368,C0140,2024-05-13,29.99
TXN007268,C0152,2024-05-13,49.99
TXN003749,C0097,2024-05-13,129.99
TXN004962,C0313,2024-05-13,39.99
TXN008184,C0130,2024-05-13,108.36
TXN004369,C0140,2024-05-13,29.99
TXN006672,C0129,2024-05-13,99.99
TXN009426,C0023,2024-05-13,49.99
TXN008181,C0164,2024-05-13,49.99
TXN004609,C0021,2024-05-13,19.99
TXN001094,C0141,2024-05-13,59.99
TXN017421,C0098,2024-05-13,19.99
TXN016866,C0261,2024-05-13,49.99
TXN017342,C0011,2024-05-13,49.99
TXN015246,C0296,2024-05-13,39.99
TXN016151,C0333,2024-05-13,39.99
TXN003683,C0060,2024-05-13,28.71
TXN006127,C0235,2024-05-13,99.99
TXN002393,C0291,2024-05-13,35.85
TXN004035,C0345,2024-05-13,43.56
TXN013004,C0202,2024-05-13,19.99
TXN003313,C0329,2024-05-13,99.99
TXN017542,C0270,2024-05-13,49.99
TXN013755,C0205,2024-05-13,19.99
TXN005666,C0170,2024-05-13,39.99
TXN014806,C0209,2024-05-13,39.99
TXN010589,C0251,2024-05-14,49.99
TXN006279,C0219,2024-05-14,59.99
TXN011071,C0137,2024-05-14,129.99
TXN010753,C0247,2024-05-14,49.99
TXN014100,C0323,2024-05-14,99.99
TXN015233,C0051,2024-05-14,21.35
TXN016908,C0184,2024-05-14,19.99
TXN014924,C0208,2024-05-14,39.99
TXN004694,C0025,2024-05-14,79.99
TXN001707,C0031,2024-05-14,19.99
TXN009275,C0211,2024-05-14,49.99
TXN002843,C0280,2024-05-14,19.99
TXN004855,C0217,2024-05-14,29.99
TXN008929,C0043,2024-05-14,23.02
TXN011796,C0194,2024-05-14,149.99
TXN000959,C0002,2024-05-14,29.99
TXN010922,C0235,2024-05-14,99.99
TXN017972,C0219,2024-05-14,59.99
TXN007455,C0008,2024-05-14,29.99
TXN014362,C0024,2024-05-14,99.99
TXN001157,C0188,2024-05-14,49.99
TXN014409,C0286,2024-05-14,19.99
TXN003817,C0138,2024-05-14,59.99
TXN016479,C0068,2024-05-14,79.99
TXN015439,C0142,2024-05-14,39.99
TXN017363,C0084,2024-05-14,19.99
TXN010325,C0056,2024-05-14,29.99
TXN000565,C0280,2024-05-14,19.99
TXN005702,C0346,2024-05-14,199.99
TXN007635,C0175,2024-05-14,19.99
TXN009369,C0307,2024-05-14,59.99
TXN003053,C0014,2024-05-14,29.99
TXN001996,C0022,2024-05-14,29.99
TXN005106,C0251,2024-05-14,49.99
TXN013433,C0046,2024-05-14,68.86
TXN000835,C0332,2024-05-14,19.99
TXN012904,C0169,2024-05-15,59.99
TXN015640,C0182,2024-05-15,49.99
TXN004300,C0187,2024-05-15,39.99
TXN018352,C0240,2024-05-15,99.99
TXN007899,C0160,2024-05-15,79.99
TXN017461,C0143,2024-05-15,49.46
TXN016850,C0291,2024-05-15,49.99
TXN003099,C0350,2024-05-15,19.99
TXN010822,C0265,2024-05-15,49.99
TXN010357,C0303,2024-05-15,19.99
TXN013318,C0256,2024-05-15,29.99
TXN012460,C0091,2024-05-15,81.86
TXN018281,C0004,2024-05-15,76.55
TXN005809,C0056,2024-05-15,29.99
TXN000223,C0119,2024-05-15,59.99
TXN006209,C0179,2024-05-15,49.99
TXN013596,C0339,2024-05-15,39.99
TXN017652,C0333,2024-05-15,39.99
TXN017037,C0328,2024-05-15,29.99
TXN007434,C0148,2024-05-15,149.99
TXN017889,C0309,2024-05-15,49.99
TXN015491,C0039,2024-05-15,49.99
TXN009543,C0039,2024-05-15,39.16
TXN016100,C0129,2024-05-15,99.99
TXN013228,C0210,2024-05-15,79.99
TXN012399,C0324,2024-05-15,49.99
TXN011617,C0259,2024-05-15,59.99
TXN017326,C0188,2024-05-15,49.99
TXN017869,C0122,2024-05-15,149.99
TXN016442,C0089,2024-05-15,79.99
TXN014686,C0136,2024-05-15,19.99
TXN008980,C0150,2024-05-15,99.99
TXN003358,C0129,2024-05-15,99.99
TXN015423,C0031,2024-05-15,19.99
TXN014430,C0216,2024-05-15,39.99
TXN014646,C0129,2024-05-15,99.99
TXN015400,C0205,2024-05-15,19.99
TXN016011,C0223,2024-05-15,15.91
TXN004850,C0216,2024-05-15,39.99
TXN010449,C0296,2024-05-16,39.99
TXN008914,C0112,2024-05-16,49.99
TXN005531,C0104,2024-05-16,19.99
TXN004592,C0144,2024-05-16,19.99
TXN012175,C0097,2024-05-16,129.99
TXN007328,C0253,2024-05-16,29.99
TXN009649,C0124,2024-05-16,59.99
TXN008359,C0183,2024-05-16,49.99
TXN013757,C0155,2024-05-16,39.99
TXN002127,C0049,2024-05-16,129.99
TXN002907,C0012,2024-05-16,49.99
TXN007323,C0027,2024-05-16,49.99
TXN016147,C0093,2024-05-16,19.99
TXN013958,C0315,2024-05-16,79.99
TXN008314,C0112,2024-05-16,49.99
TXN002860,C0160,2024-05-16,79.99
TXN016774,C0078,2024-05-16,49.99
TXN016051,C0050,2024-05-16,29.99
TXN004457,C0310,2024-05-16,19.99
TXN015378,C0003,2024-05-16,29.99
TXN002351,C0285,2024-05-16,39.99
TXN011332,C0342,2024-05-16,50.99
TXN001387,C0016,2024-05-16,149.99
TXN013989,C0323,2024-05-16,99.99
TXN012213,C0144,2024-05-16,19.99
TXN007235,C0182,2024-05-16,49.99
TXN017710,C0014,2024-05-16,29.99
TXN010138,C0138,2024-05-16,59.99
TXN009389,C0144,2024-05-16,19.99
TXN014947,C0199,2024-05-16,99.99
TXN018105,C0216,2024-05-16,39.99
TXN001574,C0229,2024-05-16,49.99
TXN000806,C0248,2024-05-17,59.99
TXN009045,C0328,2024-05-17,29.99
TXN016066,C0144,2024-05-17,19.99
TXN008164,C0219,2024-05-17,59.99
TXN012480,C0184,2024-05-17,19.99
TXN003589,C0122,2024-05-17,149.99
TXN002317,C0079,2024-05-17,29.99
TXN014730,C0101,2024-05-17,129.99
TXN011845,C0202,2024-05-17,15.01
TXN010570,C0131,2024-05-17,59.99
TXN002325,C0121,2024-05-17,59.99
TXN013703,C0193,2024-05-17,59.99
TXN016681,C0196,2024-05-17,29.99
TXN016669,C0188,2024-05-17,49.99
TXN009735,C0060,2024-05-17,39.99
TXN003083,C0317,2024-05-17,29.99
TXN014130,C0347,2024-05-17,99.99
TXN014149,C0076,2024-05-17,33.93
TXN018046,C0109,2024-05-17,131.38
TXN011057,C0238,2024-05-17,44.88
TXN007486,C0127,2024-05-17,24.83
TXN014244,C0259,2024-05-17,59.99
TXN007584,C0312,2024-05-17,79.99
TXN001483,C0084,2024-05-17,19.99
TXN004585,C0108,2024-05-17,14.59
TXN011542,C0284,2024-05-17,22.47
TXN007050,C0230,2024-05-17,19.99
TXN012048,C0304,2024-05-17,49.99
TXN014696,C0339,2024-05-17,39.99
TXN005888,C0294,2024-05-17,49.99
TXN006147,C0318,2024-05-17,39.99
TXN013820,C0342,2024-05-17,59.99
TXN010535,C0282,2024-05-17,29.99
TXN012723,C0017,2024-05-17,59.99
TXN012219,C0109,2024-05-17,149.99
TXN002902,C0288,2024-05-17,19.99
TXN013798,C0148,2024-05-17,149.99
TXN000909,C0165,2024-05-17,19.99
TXN013489,C0029,2024-05-18,39.99
TXN002916,C0048,2024-05-18,59.99
TXN008325,C0135,2024-05-18,49.99
TXN006249,C0023,2024-05-18,49.99
TXN016500,C0009,2024-05-18,79.99
TXN004936,C0168,2024-05-18,39.99
TXN005181,C0173,2024-05-18,39.99
TXN015054,C0248,2024-05-18,59.99
TXN010917,C0176,2024-05-18,59.99
TXN008513,C0092,2024-05-18,24.34
TXN012710,C0098,2024-05-18,19.99
TXN007549,C0150,2024-05-18,99.99
TXN013453,C0220,2024-05-18,29.99
TXN003549,C0306,2024-05-18,22.54
TXN005213,C0327,2024-05-18,79.99
TXN003843,C0300,2024-05-18,36.61
TXN010241,C0019,2024-05-18,59.99
TXN003542,C0096,2024-05-18,49.99
TXN003019,C0019,2024-05-18,59.99
TXN011735,C0205,2024-05-18,19.99
TXN014348,C0231,2024-05-18,47.6
TXN001203,C0076,2024-05-18,39.99
TXN014355,C0282,2024-05-18,29.99
TXN009806,C0338,2024-05-18,37.44
TXN013817,C0209,2024-05-18,39.99
TXN016431,C0271,2024-05-18,47.41
TXN002630,C0091,2024-05-18,99.99
TXN001495,C0304,2024-05-18,49.99
TXN004179,C0095,2024-05-18,15.59
TXN017919,C0061,2024-05-18,49.99
TXN002357,C0268,2024-05-18,59.99
TXN004794,C0116,2024-05-19,29.99
TXN016993,C0258,2024-05-19,14.41
TXN007409,C0177,2024-05-19,59.99
TXN014622,C0290,2024-05-19,29.99
TXN004337,C0192,2024-05-19,70.82
TXN001030,C0342,2024-05-19,59.99
TXN007689,C0093,2024-05-19,19.99
TXN007605,C0066,2024-05-19,59.99
TXN008499,C0060,2024-05-19,39.99
TXN003363,C0107,2024-05-19,149.99
TXN003826,C0255,2024-05-19,99.99
TXN001756,C0342,2024-05-19,59.99
TXN002333,C0101,2024-05-19,129.99
TXN006812,C0350,2024-05-19,19.99
TXN001062,C0039,2024-05-19,49.99
TXN005468,C0159,2024-05-19,58.17
TXN008385,C0304,2024-05-19,49.99
TXN008959,C0212,2024-05-19,39.99
TXN001793,C0308,2024-05-19,29.99
TXN015722,C0158,2024-05-19,79.99
TXN007481,C0322,2024-05-19,49.99
TXN002608,C0121,2024-05-19,59.99
TXN003656,C0138,2024-05-19,59.99
TXN004581,C0283,2024-05-19,39.99
TXN008988,C0231,2024-05-19,59.99
TXN003499,C0238,2024-05-19,59.99
TXN000347,C0338,2024-05-19,49.99
TXN005869,C0101,2024-05-19,129.99
TXN017660,C0190,2024-05-19,59.99
TXN015144,C0132,2024-05-20,49.99
TXN005018,C0091,2024-05-20,83.03
TXN007535,C0061,2024-05-20,49.99
TXN017670,C0342,2024-05-20,59.99
TXN010010,C0153,2024-05-20,59.49
TXN010654,C0049,2024-05-20,101.66
TXN010642,C0332,2024-05-20,19.99
TXN014996,C0047,2024-05-20,29.99
TXN008095,C0066,2024-05-20,59.99
TXN012788,C0340,2024-05-20,39.99
TXN014645,C0176,2024-05-20,59.99
TXN008812,C0273,2024-05-20,176.27
TXN014748,C0086,2024-05-20,59.99
TXN007891,C0274,2024-05-20,26.53
TXN002557,C0247,2024-05-20,49.99
TXN003413,C0249,2024-05-20,19.99
TXN001246,C0124,2024-05-20,59.99
TXN007846,C0067,2024-05-20,32.21
TXN004115,C0321,2024-05-20,129.99
TXN001762,C0350,2024-05-21,14.08
TXN012172,C0089,2024-05-21,79.99
TXN011710,C0187,2024-05-21,39.99
TXN012095,C0271,2024-05-21,59.99
TXN012556,C0325,2024-05-21,59.99
TXN014805,C0298,2024-05-21,199.99
TXN006095,C0339,2024-05-21,39.99
TXN002431,C0195,2024-05-21,19.99
TXN014704,C0155,2024-05-21,39.99
TXN001197,C0100,2024-05-21,49.99
TXN018217,C0336,2024-05-21,14.92
TXN010147,C0251,2024-05-21,49.99
TXN002867,C0169,2024-05-21,59.99
TXN010034,C0111,2024-05-21,99.99
TXN009981,C0015,2024-05-21,199.99
TXN008756,C0176,2024-05-21,50.88
TXN014287,C0175,2024-05-21,19.99
TXN014385,C0163,2024-05-21,29.99
TXN014569,C0086,2024-05-21,59.99
TXN009272,C0327,2024-05-21,79.99
TXN009116,C0127,2024-05-21,29.99
TXN001582,C0231,2024-05-21,59.99
TXN003397,C0265,2024-05-21,49.99
TXN015534,C0183,2024-05-21,49.99
TXN017884,C0292,2024-05-21,99.99
TXN000218,C0296,2024-05-21,39.99
TXN003297,C0335,2024-05-21,39.99
TXN004032,C0188,2024-05-21,41.37
TXN002345,C0173,2024-05-21,39.99
TXN010872,C0109,2024-05-21,149.99
TXN015974,C0273,2024-05-21,199.99
TXN001326,C0279,2024-05-22,19.99
TXN006991,C0108,2024-05-22,19.99
TXN006822,C0222,2024-05-22,59.99
TXN005185,C0314,2024-05-22,59.99
TXN005028,C0076,2024-05-22,39.99
TXN017804,C0274,2024-05-22,29.99
TXN014975,C0290,2024-05-22,29.99
TXN008810,C0016,2024-05-22,149.99
TXN016443,C0153,2024-05-22,79.99
TXN016437,C0038,2024-05-22,129.99
TXN008798,C0212,2024-05-22,39.99
TXN004885,C0005,2024-05-22,29.99
TXN006117,C0007,2024-05-22,39.99
TXN005253,C0020,2024-05-22,19.99
TXN007261,C0205,2024-05-22,19.99
TXN011652,C0060,2024-05-22,39.99
TXN003301,C0310,2024-05-22,17.72
TXN015223,C0042,2024-05-22,129.99
TXN000953,C0007,2024-05-22,30.19
TXN017385,C0020,2024-05-22,19.99
TXN007438,C0123,2024-05-22,19.99
TXN005886,C0175,2024-05-22,19.99
TXN001182,C0251,2024-05-22,49.99
TXN007959,C0124,2024-05-22,59.99
TXN015920,C0277,2024-05-22,49.99
TXN006417,C0196,2024-05-22,29.99
TXN011043,C0068,2024-05-22,79.99
TXN007167,C0322,2024-05-22,49.99
TXN016463,C0199,2024-05-22,99.99
TXN013127,C0219,2024-05-22,59.99
TXN002449,C0214,2024-05-22,47.57
TXN013735,C0097,2024-05-22,129.99
TXN000210,C0237,2024-05-22,29.99
TXN010609,C0342,2024-05-22,52.39
TXN010109,C0132,2024-05-22,49.99
TXN013646,C0235,2024-05-22,99.99
TXN004497,C0307,2024-05-22,59.99
TXN001361,C0322,2024-05-22,49.99
TXN011163,C0150,2024-05-22,99.99
TXN010678,C0193,2024-05-22,49.53
TXN000638,C0288,2024-05-22,19.99
TXN009896,C0117,2024-05-22,19.99
TXN017989,C0279,2024-05-22,19.99
TXN013423,C0122,2024-05-22,149.99
TXN009547,C0309,2024-05-22,49.99
TXN012559,C0112,2024-05-22,49.99
TXN010737,C0179,2024-05-23,42.63
TXN004188,C0209,2024-05-23,39.99
TXN001577,C0156,2024-05-23,39.99
TXN002401,C0291,2024-05-23,49.99
TXN006901,C0089,2024-05-23,79.99
TXN006462,C0128,2024-05-23,59.99
TXN000522,C0172,2024-05-23,29.99
TXN003991,C0082,2024-05-23,21.24
TXN012124,C0212,2024-05-23,39.99
TXN002329,C0239,2024-05-23,39.99
TXN006816,C0288,2024-05-23,16.75
TXN012477,C0258,2024-05-23,19.99
TXN005906,C0217,2024-05-23,26.2
TXN011056,C0332,2024-05-23,19.99
TXN008024,C0010,2024-05-23,59.99
TXN009365,C0165,2024-05-23,16.78
TXN014532,C0075,2024-05-23,49.99
TXN017977,C0284,2024-05-23,29.99
TXN005060,C0099,2024-05-23,29.99
TXN005130,C0134,2024-05-23,99.99
TXN014265,C0318,2024-05-23,39.99
TXN014223,C0234,2024-05-23,56.42
TXN002834,C0201,2024-05-23,129.99
TXN012456,C0024,2024-05-23,99.99
TXN010389,C0202,2024-05-23,17.68
TXN005296,C0329,2024-05-23,99.99
TXN018158,C0328,2024-05-23,29.99
TXN017405,C0300,2024-05-23,37.94
TXN000372,C0172,2024-05-23,29.99
TXN014031,C0061,2024-05-23,49.99
TXN001983,C0098,2024-05-23,19.99
TXN000729,C0098,2024-05-23,19.99
TXN004104,C0197,2024-05-24,19.99
TXN016696,C0078,2024-05-24,49.99
TXN016534,C0197,2024-05-24,19.99
TXN016728,C0202,2024-05-24,15.79
TXN005526,C0217,2024-05-24,21.45
TXN018350,C0029,2024-05-24,39.99
TXN005094,C0011,2024-05-24,49.99
TXN012471,C0244,2024-05-24,69.63
TXN007653,C0004,2024-05-24,99.99
TXN016024,C0350,2024-05-24,15.1
TXN013046,C0230,2024-05-24,17.03
TXN001771,C0294,2024-05-24,49.99
TXN007800,C0324,2024-05-24,49.99
TXN009197,C0077,2024-05-24,99.99
TXN009700,C0001,2024-05-24,19.99
TXN001828,C0060,2024-05-24,39.99
TXN007495,C0274,2024-05-24,26.54
TXN010038,C0329,2024-05-24,99.99
TXN007995,C0008,2024-05-24,29.99
TXN011512,C0272,2024-05-24,59.99
TXN013270,C0014,2024-05-24,29.99
TXN010601,C0137,2024-05-24,129.99
TXN015076,C0208,2024-05-24,39.99
TXN003147,C0204,2024-05-24,39.99
TXN007342,C0006,2024-05-24,149.99
TXN016250,C0050,2024-05-24,29.99
TXN007129,C0322,2024-05-24,49.99
TXN008544,C0086,2024-05-24,59.99
TXN008765,C0235,2024-05-24,99.99
TXN011587,C0068,2024-05-25,79.99
TXN008623,C0244,2024-05-25,79.99
TXN016378,C0003,2024-05-25,29.99
TXN002519,C0304,2024-05-25,49.99
TXN008936,C0294,2024-05-25,49.99
TXN010128,C0177,2024-05-25,59.99
TXN004328,C0094,2024-05-25,29.99
TXN013676,C0159,2024-05-25,79.99
TXN013359,C0287,2024-05-25,49.99
TXN002271,C0026,2024-05-25,79.99
TXN008882,C0213,2024-05-25,59.99
TXN015416,C0324,2024-05-25,49.99
TXN017459,C0211,2024-05-25,49.99
TXN002269,C0110,2024-05-25,59.99
TXN007386,C0261,2024-05-25,49.99
TXN003343,C0252,2024-05-25,49.99
TXN016621,C0300,2024-05-25,49.99
TXN000858,C0187,2024-05-25,39.99
TXN008012,C0337,2024-05-25,129.99
TXN006615,C0283,2024-05-25,39.99
TXN000294,C0327,2024-05-25,79.99
TXN006735,C0043,2024-05-25,29.99
TXN005801,C0172,2024-05-25,29.99
TXN001195,C0042,2024-05-25,129.99
TXN005777,C0162,2024-05-25,79.99
TXN017215,C0295,2024-05-25,39.99
TXN007474,C0068,2024-05-25,79.99
TXN017350,C0304,2024-05-25,49.99
TXN008105,C0165,2024-05-25,19.99
TXN012198,C0144,2024-05-25,19.99
TXN000085,C0225,2024-05-25,29.99
TXN010402,C0292,2024-05-26,99.99
TXN010682,C0239,2024-05-26,39.99
TXN010904,C0192,2024-05-26,79.99
TXN006818,C0298,2024-05-26,199.99
TXN004157,C0274,2024-05-26,29.99
TXN010232,C0101,2024-05-26,114.04
TXN008437,C0177,2024-05-26,59.99
TXN011896,C0188,2024-05-26,49.99
TXN003103,C0124,2024-05-26,45.13
TXN004568,C0306,2024-05-26,29.99
TXN006316,C0056,2024-05-26,29.99
TXN007859,C0022,2024-05-26,25.41
TXN003555,C0001,2024-05-26,19.99
TXN003715,C0179,2024-05-26,49.99
TXN008827,C0302,2024-05-26,49.99
TXN012302,C0174,2024-05-26,26.68
TXN010193,C0143,2024-05-26,59.99
TXN002606,C0116,2024-05-26,25.19
TXN000001,C0302,2024-05-26,49.99
TXN013153,C0191,2024-05-26,79.99
TXN012557,C0036,2024-05-26,49.99
TXN018121,C0025,2024-05-26,79.99
TXN015773,C0349,2024-05-26,129.99
TXN000726,C0280,2024-05-26,19.99
TXN017517,C0270,2024-05-26,49.99
TXN015113,C0203,2024-05-26,129.99
TXN016133,C0048,2024-05-26,59.99
TXN001876,C0158,2024-05-26,79.99
TXN012053,C0005,2024-05-27,29.99
TXN007645,C0101,2024-05-27,129.99
TXN011022,C0178,2024-05-27,59.99
TXN004802,C0160,2024-05-27,79.99
TXN000580,C0071,2024-05-27,49.99
TXN011097,C0173,2024-05-27,39.99
TXN007151,C0056,2024-05-27,29.99
TXN005513,C0285,2024-05-27,39.99
TXN002026,C0147,2024-05-27,19.99
TXN003171,C0042,2024-05-27,129.99
TXN015874,C0249,2024-05-27,19.99
TXN010915,C0236,2024-05-27,29.99
TXN016610,C0336,2024-05-27,19.99
TXN009569,C0104,2024-05-27,19.99
TXN012116,C0230,2024-05-27,19.99
TXN013479,C0046,2024-05-27,79.99
TXN010821,C0202,2024-05-27,17.99
TXN013580,C0247,2024-05-27,49.99
TXN016285,C0335,2024-05-27,39.99
TXN008548,C0305,2024-05-27,149.99
TXN012819,C0263,2024-05-27,39.99
TXN011883,C0247,2024-05-27,49.99
TXN015825,C0045,2024-05-27,50.76
TXN010623,C0099,2024-05-27,29.99
TXN001484,C0292,2024-05-27,99.99
TXN002144,C0281,2024-05-27,99.99
TXN011518,C0245,2024-05-27,39.99
TXN001156,C0187,2024-05-27,39.99
TXN009921,C0310,2024-05-27,19.99
TXN009853,C0316,2024-05-27,129.99
TXN001381,C0326,2024-05-27,19.99
TXN006805,C0271,2024-05-27,59.99
TXN014373,C0263,2024-05-27,39.99
TXN011650,C0026,2024-05-27,79.99
TXN015380,C0217,2024-05-27,29.99
TXN018070,C0164,2024-05-27,36.32
TXN004426,C0294,2024-05-27,49.99
TXN006063,C0340,2024-05-27,39.99
TXN010012,C0163,2024-05-27,29.99
TXN016027,C0070,2024-05-28,149.99
TXN001358,C0053,2024-05-28,29.99
TXN007821,C0336,2024-05-28,19.99
TXN010784,C0113,2024-05-28,49.99
TXN011138,C0264,2024-05-28,49.99
TXN004944,C0155,2024-05-28,39.99
TXN018083,C0243,2024-05-28,29.99
TXN008165,C0144,2024-05-28,19.99
TXN000036,C0285,2024-05-28,29.82
TXN014388,C0151,2024-05-28,79.99
TXN011258,C0184,2024-05-28,17.4
TXN009655,C0290,2024-05-28,29.99
TXN010179,C0243,2024-05-28,29.99
TXN008710,C0100,2024-05-28,49.99
TXN003789,C0014,2024-05-28,29.99
TXN015867,C0145,2024-05-28,59.99
TXN011715,C0342,2024-05-28,43.43
TXN010134,C0168,2024-05-28,39.99
TXN017737,C0228,2024-05-28,79.99
TXN016511,C0179,2024-05-28,49.99
TXN013774,C0304,2024-05-28,49.99
TXN016880,C0191,2024-05-28,57.3
TXN012628,C0046,2024-05-28,59.83
TXN007137,C0176,2024-05-28,59.99
TXN012305,C0332,2024-05-28,19.99
TXN013593,C0289,2024-05-28,79.99
TXN013582,C0258,2024-05-28,14.77
TXN018362,C0299,2024-05-28,59.99
TXN017064,C0021,2024-05-28,15.97
TXN010255,C0060,2024-05-28,39.99
TXN001394,C0115,2024-05-28,48.64
TXN004000,C0128,2024-05-28,59.99
TXN007150,C0103,2024-05-28,49.99
TXN006126,C0214,2024-05-28,59.99
TXN010460,C0005,2024-05-28,29.99
TXN000706,C0038,2024-05-28,129.99
TXN014423,C0122,2024-05-29,149.99
TXN010027,C0220,2024-05-29,29.99
TXN004086,C0105,2024-05-29,29.99
TXN011009,C0066,2024-05-29,59.99
TXN009729,C0322,2024-05-29,49.99
TXN010996,C0260,2024-05-29,59.99
TXN013649,C0137,2024-05-29,95.11
TXN002585,C0093,2024-05-29,17.96
TXN015211,C0076,2024-05-29,39.99
TXN012443,C0039,2024-05-29,49.99
TXN011944,C0258,2024-05-29,19.99
TXN011716,C0131,2024-05-29,59.99
TXN016417,C0075,2024-05-29,49.99
TXN010613,C0127,2024-05-29,29.99
TXN007623,C0233,2024-05-29,47.25
TXN006900,C0286,2024-05-29,19.99
TXN011657,C0045,2024-05-29,59.99
TXN009805,C0296,2024-05-29,39.99
TXN006892,C0261,2024-05-29,49.99
TXN001504,C0002,2024-05-29,29.99
TXN017316,C0069,2024-05-29,29.99
TXN003997,C0174,2024-05-29,24.7
TXN011360,C0048,2024-05-29,59.99
TXN011546,C0247,2024-05-29,49.99
TXN013086,C0330,2024-05-29,62.06
TXN003823,C0108,2024-05-29,19.99
TXN011173,C0239,2024-05-29,39.99
TXN010153,C0256,2024-05-29,22.26
TXN003729,C0047,2024-05-29,29.99
TXN018363,C0040,2024-05-29,39.99
TXN008096,C0331,2024-05-29,59.99
TXN012257,C0217,2024-05-29,29.99
TXN000677,C0120,2024-05-29,29.99
TXN003118,C0291,2024-05-29,49.99
TXN014085,C0044,2024-05-29,59.99
TXN010762,C0111,2024-05-29,99.99
TXN004841,C0172,2024-05-29,29.99
TXN014064,C0035,2024-05-29,79.99
TXN000259,C0317,2024-05-29,29.99
TXN007672,C0023,2024-05-30,49.99
TXN011160,C0217,2024-05-30,29.99
TXN000093,C0298,2024-05-30,157.38
TXN011101,C0092,2024-05-30,29.99
TXN012408,C0068,2024-05-30,79.99
TXN010088,C0108,2024-05-30,19.99
TXN010002,C0269,2024-05-30,35.78
TXN007980,C0218,2024-05-30,29.99
TXN011816,C0047,2024-05-30,29.99
TXN012921,C0012,2024-05-30,49.99
TXN011616,C0340,2024-05-30,39.99
TXN007698,C0012,2024-05-30,49.99
TXN012434,C0025,2024-05-30,57.31
TXN011629,C0189,2024-05-30,49.99
TXN004965,C0062,2024-05-30,29.99
TXN005642,C0223,2024-05-30,19.99
TXN015397,C0062,2024-05-30,23.52
TXN005631,C0265,2024-05-30,49.99
TXN018178,C0273,2024-05-30,199.99
TXN004249,C0052,2024-05-30,149.99
TXN003713,C0257,2024-05-30,14.46
TXN012510,C0302,2024-05-30,49.99
TXN005220,C0058,2024-05-30,49.99
TXN017182,C0153,2024-05-30,79.99
TXN005046,C0338,2024-05-30,49.99
TXN008648,C0060,2024-05-30,39.99
TXN014327,C0034,2024-05-30,49.99
TXN010383,C0176,2024-05-30,59.99
TXN003190,C0271,2024-05-30,53.21
TXN000151,C0202,2024-05-30,19.99
TXN013066,C0164,2024-05-30,49.99
TXN004612,C0204,2024-05-30,39.99
TXN017031,C0053,2024-05-30,29.99
TXN014854,C0005,2024-05-30,29.99
TXN001685,C0005,2024-05-31,29.99
TXN004309,C0053,2024-05-31,29.99
TXN011175,C0162,2024-05-31,79.99
TXN001741,C0275,2024-05-31,15.63
TXN012470,C0294,2024-05-31,49.99
TXN016943,C0095,2024-05-31,19.99
TXN016134,C0119,2024-05-31,59.99
TXN009157,C0214,2024-05-31,59.99
TXN016491,C0018,2024-05-31,29.99
TXN010889,C0240,2024-05-31,99.99
TXN009162,C0161,2024-05-31,49.99
TXN007546,C0175,2024-05-31,19.99
TXN000213,C0195,2024-05-31,19.99
TXN011137,C0068,2024-05-31,79.99
TXN006050,C0173,2024-05-31,39.99
TXN014856,C0040,2024-05-31,39.99
TXN004372,C0103,2024-05-31,49.99
TXN011930,C0216,2024-05-31,39.99
TXN000542,C0056,2024-05-31,29.99
TXN001976,C0175,2024-05-31,19.99
TXN006576,C0151,2024-05-31,79.99
TXN011595,C0315,2024-05-31,79.99
TXN000486,C0035,2024-05-31,79.99
TXN016280,C0161,2024-06-01,49.99
TXN001895,C0281,2024-06-01,99.99
TXN006113,C0077,2024-06-01,99.99
TXN013693,C0198,2024-06-01,59.99
TXN012689,C0153,2024-06-01,79.99
TXN008918,C0125,2024-06-01,43.71
TXN013161,C0222,2024-06-01,59.99
TXN004969,C0187,2024-06-01,39.99
TXN009011,C0279,2024-06-01,19.99
TXN016835,C0148,2024-06-01,149.99
TXN010994,C0011,2024-06-01,49.99
TXN004304,C0184,2024-06-01,19.99
TXN011003,C0189,2024-06-01,49.99
TXN005885,C0294,2024-06-01,49.99
TXN016194,C0298,2024-06-01,199.99
TXN010386,C0043,2024-06-01,29.99
TXN016663,C0107,2024-06-01,149.99
TXN010916,C0028,2024-06-01,39.99
TXN017447,C0030,2024-06-01,199.99
TXN013366,C0089,2024-06-01,79.99
TXN013639,C0153,2024-06-01,79.99
TXN009135,C0114,2024-06-01,49.99
TXN014377,C0135,2024-06-01,49.99
TXN009741,C0316,2024-06-01,129.99
TXN007978,C0096,2024-06-01,49.99
TXN011892,C0008,2024-06-01,29.99
TXN002951,C0018,2024-06-01,26.33
TXN016695,C0213,2024-06-01,59.99
TXN011133,C0230,2024-06-01,19.99
TXN015793,C0201,2024-06-01,129.99
TXN011157,C0309,2024-06-01,37.33
TXN015303,C0094,2024-06-01,29.99
TXN000888,C0200,2024-06-01,29.99
TXN004918,C0220,2024-06-01,29.99
TXN008507,C0324,2024-06-02,49.99
TXN004571,C0052,2024-06-02,149.99
TXN004572,C0306,2024-06-02,29.99
TXN017480,C0245,2024-06-02,39.99
TXN013541,C0283,2024-06-02,39.99
TXN008147,C0212,2024-06-02,39.99
TXN013937,C0108,2024-06-02,19.99
TXN008412,C0338,2024-06-02,49.99
TXN017573,C0022,2024-06-02,23.4
TXN015094,C0251,2024-06-02,49.99
TXN003425,C0256,2024-06-02,29.99
TXN010430,C0308,2024-06-02,29.99
TXN015352,C0288,2024-06-02,19.99
TXN000760,C0041,2024-06-02,49.99
TXN003796,C0066,2024-06-02,59.99
TXN015371,C0078,2024-06-02,49.99
TXN017894,C0162,2024-06-02,79.99
TXN006308,C0251,2024-06-02,43.93
TXN004973,C0321,2024-06-02,129.99
TXN012528,C0350,2024-06-02,19.99
TXN017725,C0010,2024-06-02,59.99
TXN004419,C0329,2024-06-02,99.99
TXN018499,C0320,2024-06-02,199.99
TXN001380,C0119,2024-06-02,59.99
TXN013033,C0314,2024-06-02,48.29
TXN014803,C0068,2024-06-02,79.99
TXN001375,C0329,2024-06-02,99.99
TXN001809,C0038,2024-06-02,129.99
TXN002785,C0270,2024-06-02,49.99
TXN011923,C0277,2024-06-02,49.99
TXN014417,C0269,2024-06-02,39.99
TXN012315,C0222,2024-06-02,59.99
TXN009847,C0134,2024-06-02,99.99
TXN011682,C0167,2024-06-02,39.99
TXN014746,C0007,2024-06-02,39.99
TXN009507,C0298,2024-06-02,199.99
TXN006482,C0200,2024-06-03,29.99
TXN001019,C0034,2024-06-03,49.99
TXN003694,C0324,2024-06-03,49.99
TXN009103,C0286,2024-06-03,19.99
TXN017773,C0138,2024-06-03,59.99
TXN011170,C0251,2024-06-03,49.99
TXN017134,C0279,2024-06-03,17.31
TXN003482,C0304,2024-06-03,49.99
TXN008401,C0231,2024-06-03,44.0
TXN006902,C0219,2024-06-03,48.57
TXN001794,C0162,2024-06-03,79.99
TXN013712,C0091,2024-06-03,99.99
TXN007913,C0018,2024-06-03,29.99
TXN011619,C0257,2024-06-03,19.99
TXN002319,C0157,2024-06-03,59.99
TXN006878,C0091,2024-06-03,99.99
TXN010817,C0282,2024-06-03,29.99
TXN000061,C0282,2024-06-03,29.99
TXN017107,C0243,2024-06-03,29.99
TXN006570,C0205,2024-06-03,16.7
TXN011852,C0014,2024-06-03,29.99
TXN008171,C0255,2024-06-03,99.99
TXN008085,C0168,2024-06-03,39.99
TXN009877,C0306,2024-06-03,29.99
TXN010949,C0258,2024-06-03,19.99
TXN007647,C0222,2024-06-03,59.99
TXN010812,C0318,2024-06-03,39.99
TXN003176,C0194,2024-06-03,149.99
TXN000056,C0231,2024-06-03,59.99
TXN013401,C0016,2024-06-03,149.99
TXN014982,C0150,2024-06-03,99.99
TXN018286,C0319,2024-06-04,29.99
TXN009024,C0245,2024-06-04,39.99
TXN001704,C0292,2024-06-04,99.99
TXN002458,C0112,2024-06-04,49.99
TXN006481,C0346,2024-06-04,199.99
TXN017425,C0016,2024-06-04,149.99
TXN015796,C0060,2024-06-04,39.99
TXN009409,C0052,2024-06-04,149.99
TXN005167,C0296,2024-06-04,39.99
TXN015095,C0304,2024-06-04,49.99
TXN007456,C0188,2024-06-04,49.99
TXN007926,C0169,2024-06-04,59.99
TXN006273,C0103,2024-06-04,49.99
TXN005254,C0144,2024-06-04,19.99
TXN013203,C0329,2024-06-04,99.99
TXN012680,C0014,2024-06-04,23.12
TXN011341,C0154,2024-06-04,99.99
TXN017111,C0036,2024-06-04,41.33
TXN013211,C0100,2024-06-04,35.94
TXN012301,C0253,2024-06-04,29.99
TXN005682,C0131,2024-06-04,59.99
TXN008660,C0231,2024-06-04,59.99
TXN011613,C0158,2024-06-04,79.99
TXN012025,C0085,2024-06-04,79.99
TXN016122,C0022,2024-06-04,29.99
TXN000863,C0072,2024-06-04,29.99
TXN002179,C0028,2024-06-04,29.09
TXN009994,C0326,2024-06-04,19.99
TXN007991,C0208,2024-06-04,39.99
TXN013485,C0047,2024-06-04,24.77
TXN015062,C0319,2024-06-04,29.99
TXN015859,C0313,2024-06-05,39.99
TXN007665,C0037,2024-06-05,99.99
TXN016939,C0061,2024-06-05,49.99
TXN015331,C0323,2024-06-05,99.99
TXN002486,C0022,2024-06-05,21.57
TXN008967,C0338,2024-06-05,49.99
TXN004130,C0011,2024-06-05,49.99
TXN011063,C0348,2024-06-05,29.99
TXN014800,C0023,2024-06-05,44.92
TXN001113,C0201,2024-06-05,113.46
TXN000912,C0276,2024-06-05,79.99
TXN007825,C0311,2024-06-05,49.99
TXN013545,C0239,2024-06-05,39.99
TXN010472,C0191,2024-06-05,79.99
TXN001154,C0009,2024-06-05,79.99
TXN000200,C0328,2024-06-05,29.99
TXN005815,C0009,2024-06-05,79.99
TXN006682,C0294,2024-06-05,49.99
TXN000687,C0179,2024-06-05,49.99
TXN007993,C0151,2024-06-05,79.99
TXN008754,C0152,2024-06-05,49.99
TXN000496,C0237,2024-06-05,29.99
TXN016436,C0177,2024-06-05,59.99
TXN005977,C0094,2024-06-05,23.04
TXN013963,C0144,2024-06-05,19.99
TXN011702,C0045,2024-06-05,42.13
TXN006224,C0009,2024-06-05,79.99
TXN006144,C0118,2024-06-05,28.84
TXN006630,C0321,2024-06-05,129.99
TXN012043,C0115,2024-06-06,59.99
TXN004990,C0345,2024-06-06,49.99
TXN005442,C0031,2024-06-06,19.99
TXN009483,C0053,2024-06-06,29.99
TXN006406,C0035,2024-06-06,79.99
TXN007061,C0060,2024-06-06,39.99
TXN006634,C0188,2024-06-06,37.22
TXN011921,C0103,2024-06-06,36.38
TXN012838,C0055,2024-06-06,49.99
TXN013128,C0152,2024-06-06,41.25
TXN001245,C0194,2024-06-06,149.99
TXN003291,C0077,2024-06-06,99.99
TXN015268,C0122,2024-06-06,149.99
TXN013711,C0346,2024-06-06,199.99
TXN001408,C0053,2024-06-06,29.99
TXN003375,C0223,2024-06-06,19.99
TXN011745,C0017,2024-06-06,59.99
TXN015301,C0066,2024-06-06,59.99
TXN016668,C0186,2024-06-06,39.99
TXN005527,C0201,2024-06-06,129.99
TXN004325,C0043,2024-06-06,29.99
TXN006228,C0002,2024-06-07,29.99
TXN000397,C0256,2024-06-07,29.99
TXN011634,C0132,2024-06-07,49.99
TXN003219,C0342,2024-06-07,59.99
TXN013744,C0196,2024-06-07,29.99
TXN007508,C0298,2024-06-07,199.99
TXN009056,C0285,2024-06-07,39.99
TXN008121,C0080,2024-06-07,59.99
TXN009971,C0342,2024-06-07,59.99
TXN016135,C0208,2024-06-07,39.99
TXN005965,C0017,2024-06-07,59.99
TXN006270,C0160,2024-06-07,79.99
TXN011566,C0066,2024-06-07,45.12
TXN011454,C0036,2024-06-07,49.99
TXN016044,C0179,2024-06-07,49.99
TXN010459,C0143,2024-06-07,59.99
TXN008014,C0265,2024-06-07,49.99
TXN008162,C0175,2024-06-07,19.99
TXN011439,C0188,2024-06-07,49.99
TXN005597,C0330,2024-06-07,79.99
TXN017015,C0238,2024-06-07,49.6
TXN007828,C0289,2024-06-07,79.99
TXN015055,C0018,2024-06-07,29.99
TXN015799,C0201,2024-06-07,129.99
TXN004416,C0192,2024-06-07,79.99
TXN012418,C0176,2024-06-07,59.99
TXN017079,C0019,2024-06-07,59.99
TXN017663,C0334,2024-06-07,24.9
TXN016541,C0117,2024-06-07,19.99
TXN004076,C0121,2024-06-07,59.99
TXN005862,C0318,2024-06-07,39.99
TXN003009,C0080,2024-06-07,59.99
TXN010345,C0035,2024-06-07,79.99
TXN006984,C0313,2024-06-07,39.99
TXN007244,C0077,2024-06-08,99.99
TXN014681,C0011,2024-06-08,49.99
TXN003355,C0022,2024-06-08,29.99
TXN015231,C0235,2024-06-08,99.99
TXN005177,C0076,2024-06-08,39.99
TXN005333,C0098,2024-06-08,19.99
TXN009217,C0101,2024-06-08,129.99
TXN010698,C0285,2024-06-08,39.99
TXN015322,C0079,2024-06-08,29.99
TXN002407,C0235,2024-06-08,99.99
TXN005394,C0103,2024-06-08,49.99
TXN005251,C0048,2024-06-08,59.99
TXN000708,C0280,2024-06-08,19.99
TXN006817,C0328,2024-06-08,29.99
TXN008933,C0311,2024-06-08,49.99
TXN003393,C0156,2024-06-08,39.99
TXN008576,C0041,2024-06-08,49.99
TXN014475,C0159,2024-06-08,79.99
TXN017141,C0170,2024-06-08,39.99
TXN008102,C0111,2024-06-08,99.99
TXN013042,C0281,2024-06-08,72.95
TXN016501,C0323,2024-06-08,99.99
TXN015047,C0100,2024-06-08,49.99
TXN013343,C0208,2024-06-08,39.99
TXN001886,C0089,2024-06-09,79.99
TXN003662,C0210,2024-06-09,79.99
TXN012926,C0048,2024-06-09,59.99
TXN011082,C0317,2024-06-09,29.99
TXN018392,C0326,2024-06-09,19.99
TXN006611,C0016,2024-06-09,149.99
TXN014177,C0220,2024-06-09,29.99
TXN010110,C0035,2024-06-09,79.99
TXN013683,C0339,2024-06-09,39.99
TXN007260,C0199,2024-06-09,99.99
TXN012857,C0312,2024-06-09,79.99
TXN008326,C0251,2024-06-09,49.99
TXN015655,C0230,2024-06-09,19.99
TXN002515,C0120,2024-06-09,29.99
TXN005678,C0252,2024-06-09,49.99
TXN001502,C0130,2024-06-09,129.99
TXN003679,C0034,2024-06-09,49.99
TXN001148,C0316,2024-06-09,129.99
TXN010487,C0159,2024-06-09,79.99
TXN014931,C0038,2024-06-09,129.99
TXN017933,C0174,2024-06-09,29.99
TXN011509,C0141,2024-06-09,59.99
TXN016484,C0166,2024-06-09,39.99
TXN014180,C0077,2024-06-09,99.99
TXN004815,C0036,2024-06-09,49.99
TXN006716,C0062,2024-06-09,29.99
TXN013590,C0060,2024-06-09,39.99
TXN009475,C0064,2024-06-09,149.99
TXN016983,C0128,2024-06-09,59.99
TXN007077,C0055,2024-06-09,49.99
TXN008605,C0339,2024-06-09,39.99
TXN013976,C0309,2024-06-09,49.99
TXN015954,C0251,2024-06-09,49.99
TXN010268,C0328,2024-06-09,29.99
TXN004900,C0303,2024-06-09,19.99
TXN009593,C0205,2024-06-09,19.99
TXN010937,C0164,2024-06-09,49.99
TXN007128,C0052,2024-06-09,149.99
TXN016759,C0147,2024-06-09,19.99
TXN011011,C0204,2024-06-09,39.99
TXN011019,C0076,2024-06-10,28.18
TXN017680,C0077,2024-06-10,86.01
TXN010561,C0312,2024-06-10,79.99
TXN013259,C0098,2024-06-10,16.48
TXN010732,C0263,2024-06-10,39.99
TXN015668,C0050,2024-06-10,29.99
TXN000379,C0221,2024-06-10,49.99
TXN006529,C0334,2024-06-10,29.99
TXN009081,C0041,2024-06-10,49.99
TXN003026,C0203,2024-06-10,129.99
TXN000233,C0078,2024-06-10,49.99
TXN013196,C0255,2024-06-10,83.76
TXN000181,C0306,2024-06-10,29.99
TXN009790,C0204,2024-06-10,39.99
TXN016942,C0307,2024-06-10,59.99
TXN007458,C0084,2024-06-10,19.99
TXN013330,C0307,2024-06-10,59.99
TXN002765,C0027,2024-06-10,49.99
TXN006391,C0217,2024-06-10,29.99
TXN007972,C0048,2024-06-10,42.92
TXN011121,C0055,2024-06-10,49.99
TXN017439,C0141,2024-06-10,59.99
TXN008697,C0178,2024-06-10,44.62
TXN014531,C0121,2024-06-10,59.99
TXN008013,C0261,2024-06-10,49.99
TXN009594,C0075,2024-06-10,49.99
TXN013598,C0200,2024-06-10,29.99
TXN009880,C0041,2024-06-11,49.99
TXN017100,C0175,2024-06-11,19.99
TXN014933,C0212,2024-06-11,39.99
TXN006454,C0305,2024-06-11,149.99
TXN010190,C0325,2024-06-11,59.99
TXN005715,C0001,2024-06-11,19.99
TXN005950,C0114,2024-06-11,49.99
TXN002726,C0324,2024-06-11,43.43
TXN009291,C0029,2024-06-11,39.99
TXN017383,C0271,2024-06-11,59.99
TXN005939,C0301,2024-06-11,79.99
TXN006173,C0128,2024-06-11,59.99
TXN002440,C0208,2024-06-11,39.99
TXN016158,C0056,2024-06-11,29.99
TXN005265,C0337,2024-06-11,129.99
TXN007693,C0163,2024-06-11,29.99
TXN007757,C0307,2024-06-11,48.79
TXN017738,C0192,2024-06-11,79.99
TXN011653,C0047,2024-06-11,29.99
TXN007779,C0044,2024-06-11,59.99
TXN017674,C0350,2024-06-11,19.99
TXN011534,C0180,2024-06-11,39.99
TXN013569,C0290,2024-06-11,29.99
TXN013109,C0035,2024-06-11,79.99
TXN011317,C0274,2024-06-11,29.99
TXN002182,C0229,2024-06-11,49.99
TXN003306,C0113,2024-06-11,49.99
TXN017846,C0138,2024-06-11,59.99
TXN003316,C0060,2024-06-11,39.99
TXN015549,C0111,2024-06-11,99.99
TXN015536,C0199,2024-06-11,99.99
TXN017775,C0061,2024-06-11,49.99
TXN012851,C0137,2024-06-11,129.99
TXN006963,C0099,2024-06-11,22.3
TXN008098,C0350,2024-06-11,19.99
TXN012726,C0115,2024-06-11,59.99
TXN012106,C0248,2024-06-11,59.99
TXN003934,C0196,2024-06-11,29.99
TXN013708,C0208,2024-06-11,39.99
TXN003342,C0185,2024-06-11,35.18
TXN013749,C0215,2024-06-11,39.99
TXN007220,C0147,2024-06-11,19.99
TXN012286,C0308,2024-06-11,29.99
TXN010001,C0117,2024-06-12,19.99
TXN017853,C0219,2024-06-12,59.99
TXN006383,C0022,2024-06-12,29.99
TXN009018,C0314,2024-06-12,59.99
TXN008750,C0019,2024-06-12,59.99
TXN004065,C0039,2024-06-12,49.99
TXN000115,C0256,2024-06-12,26.26
TXN009216,C0265,2024-06-12,49.99
TXN002975,C0330,2024-06-12,79.99
TXN012558,C0194,2024-06-12,149.99
TXN015100,C0015,2024-06-12,199.99
TXN007941,C0015,2024-06-12,199.99
TXN000147,C0029,2024-06-12,39.99
TXN015701,C0136,2024-06-12,19.99
TXN009967,C0006,2024-06-12,149.99
TXN003576,C0161,2024-06-12,49.99
TXN011322,C0269,2024-06-12,39.99
TXN006020,C0273,2024-06-12,199.99
TXN007354,C0256,2024-06-12,29.99
TXN004172,C0144,2024-06-12,19.99
TXN000558,C0071,2024-06-12,49.99
TXN014763,C0142,2024-06-12,39.99
TXN007531,C0156,2024-06-12,39.99
TXN001140,C0318,2024-06-12,39.99
TXN018189,C0007,2024-06-12,39.99
TXN012134,C0108,2024-06-12,17.37
TXN002610,C0101,2024-06-12,129.99
TXN009559,C0237,2024-06-12,29.99
TXN005667,C0282,2024-06-12,21.95
TXN018029,C0045,2024-06-12,59.99
TXN016471,C0300,2024-06-12,49.99
TXN015164,C0165,2024-06-12,19.99
TXN008574,C0313,2024-06-12,39.99
TXN017013,C0107,2024-06-12,149.99
TXN001562,C0192,2024-06-12,79.99
TXN010706,C0258,2024-06-12,19.99
TXN000670,C0092,2024-06-12,29.99
TXN005069,C0014,2024-06-12,29.99
TXN015490,C0325,2024-06-13,59.99
TXN004479,C0311,2024-06-13,49.99
TXN002328,C0113,2024-06-13,49.99
TXN014546,C0342,2024-06-13,59.99
TXN006808,C0286,2024-06-13,19.99
TXN015469,C0240,2024-06-13,99.99
TXN009908,C0329,2024-06-13,99.99
TXN017356,C0316,2024-06-13,129.99
TXN003161,C0189,2024-06-13,49.99
TXN014916,C0212,2024-06-13,39.99
TXN001974,C0338,2024-06-13,49.99
TXN017759,C0234,2024-06-13,79.99
TXN004538,C0139,2024-06-13,59.99
TXN010719,C0024,2024-06-13,99.99
TXN012789,C0238,2024-06-13,59.99
TXN002555,C0109,2024-06-13,149.99
TXN012467,C0326,2024-06-13,19.99
TXN013361,C0271,2024-06-13,59.99
TXN000358,C0061,2024-06-13,49.99
TXN002556,C0096,2024-06-13,49.99
TXN009630,C0121,2024-06-13,59.99
TXN015505,C0050,2024-06-13,29.99
TXN000751,C0306,2024-06-13,29.99
TXN017529,C0054,2024-06-13,99.99
TXN004653,C0039,2024-06-13,49.99
TXN000715,C0003,2024-06-13,29.99
TXN016786,C0047,2024-06-13,29.99
TXN012769,C0338,2024-06-13,49.99
TXN001890,C0005,2024-06-13,29.99
TXN014764,C0286,2024-06-13,19.99
TXN004071,C0022,2024-06-13,29.99
TXN002586,C0276,2024-06-13,79.99
TXN007676,C0307,2024-06-13,59.99
TXN012744,C0328,2024-06-13,29.99
TXN006581,C0154,2024-06-13,99.99
TXN009953,C0196,2024-06-14,29.99
TXN001485,C0333,2024-06-14,39.99
TXN016705,C0248,2024-06-14,59.99
TXN001559,C0037,2024-06-14,99.99
TXN015391,C0178,2024-06-14,59.99
TXN009198,C0016,2024-06-14,149.99
TXN005957,C0150,2024-06-14,99.99
TXN009850,C0142,2024-06-14,39.99
TXN009844,C0289,2024-06-14,79.99
TXN008902,C0047,2024-06-14,29.99
TXN007464,C0202,2024-06-14,19.99
TXN011934,C0108,2024-06-14,19.99
TXN016753,C0144,2024-06-14,19.99
TXN001430,C0235,2024-06-14,99.99
TXN009654,C0107,2024-06-14,149.99
TXN014436,C0101,2024-06-14,129.99
TXN015354,C0184,2024-06-14,19.99
TXN009004,C0292,2024-06-14,99.99
TXN018229,C0020,2024-06-14,19.99
TXN017998,C0236,2024-06-14,29.99
TXN014576,C0271,2024-06-14,59.99
TXN006002,C0338,2024-06-14,40.03
TXN002280,C0099,2024-06-14,29.99
TXN013983,C0289,2024-06-14,79.99
TXN015515,C0235,2024-06-14,99.99
TXN003762,C0127,2024-06-14,29.99
TXN009140,C0330,2024-06-14,79.99
TXN001930,C0161,2024-06-14,49.99
TXN000679,C0322,2024-06-14,49.99
TXN003611,C0103,2024-06-14,49.99
TXN013515,C0086,2024-06-14,59.99
TXN014600,C0338,2024-06-14,49.99
TXN008089,C0136,2024-06-14,19.99
TXN018007,C0300,2024-06-15,49.99
TXN007782,C0296,2024-06-15,39.99
TXN005603,C0087,2024-06-15,49.99
TXN014416,C0205,2024-06-15,19.99
TXN003401,C0345,2024-06-15,49.99
TXN015674,C0120,2024-06-15,21.14
TXN000239,C0132,2024-06-15,43.16
TXN012328,C0194,2024-06-15,149.99
TXN000866,C0236,2024-06-15,29.99
TXN015045,C0224,2024-06-15,36.85
TXN008468,C0340,2024-06-15,39.99
TXN012993,C0250,2024-06-15,59.99
TXN002218,C0342,2024-06-15,59.99
TXN005203,C0273,2024-06-15,199.99
TXN007155,C0169,2024-06-15,44.19
TXN002997,C0128,2024-06-15,59.99
TXN002090,C0313,2024-06-15,39.99
TXN008323,C0183,2024-06-15,49.99
TXN017211,C0111,2024-06-15,99.99
TXN007824,C0235,2024-06-15,99.99
TXN001820,C0035,2024-06-15,79.99
TXN014791,C0225,2024-06-15,29.99
TXN014565,C0108,2024-06-15,19.99
TXN002027,C0068,2024-06-15,79.99
TXN015885,C0022,2024-06-15,29.99
TXN012027,C0219,2024-06-15,59.99
TXN003711,C0204,2024-06-15,39.99
TXN017719,C0111,2024-06-15,99.99
TXN009296,C0307,2024-06-15,59.99
TXN006158,C0294,2024-06-15,41.46
TXN002437,C0122,2024-06-15,149.99
TXN006958,C0011,2024-06-15,49.99
TXN009740,C0328,2024-06-16,29.99
TXN007181,C0346,2024-06-16,199.99
TXN005044,C0079,2024-06-16,29.99
TXN002257,C0305,2024-06-16,149.99
TXN001448,C0116,2024-06-16,29.99
TXN004327,C0244,2024-06-16,79.99
TXN002244,C0046,2024-06-16,79.99
TXN000311,C0306,2024-06-16,29.99
TXN013391,C0350,2024-06-16,19.99
TXN004323,C0147,2024-06-16,19.99
TXN009231,C0061,2024-06-16,49.99
TXN003877,C0285,2024-06-16,33.3
TXN005880,C0259,2024-06-16,59.99
TXN014143,C0314,2024-06-16,59.99
TXN014882,C0176,2024-06-16,59.99
TXN003084,C0045,2024-06-16,59.99
TXN017623,C0202,2024-06-16,19.99
TXN008958,C0028,2024-06-16,28.44
TXN012351,C0268,2024-06-16,45.63
TXN012631,C0304,2024-06-16,49.99
TXN000453,C0317,2024-06-16,29.99
TXN000648,C0289,2024-06-16,68.09
TXN005313,C0328,2024-06-16,29.99
TXN013243,C0330,2024-06-16,79.99
TXN004154,C0188,2024-06-16,49.99
TXN011440,C0186,2024-06-16,39.99
TXN001716,C0211,2024-06-16,40.63
TXN013091,C0263,2024-06-16,39.99
TXN005396,C0205,2024-06-16,19.99
TXN012626,C0235,2024-06-16,99.99
TXN012088,C0204,2024-06-16,39.99
TXN011164,C0201,2024-06-16,129.99
TXN015042,C0031,2024-06-16,19.99
TXN013508,C0323,2024-06-16,99.99
TXN007687,C0175,2024-06-16,19.99
TXN001388,C0246,2024-06-16,99.99
TXN010860,C0089,2024-06-16,79.99
TXN014156,C0050,2024-06-16,29.99
TXN003277,C0122,2024-06-16,149.99
TXN015916,C0236,2024-06-16,29.99
TXN010551,C0099,2024-06-17,22.35
TXN016224,C0011,2024-06-17,49.99
TXN009501,C0219,2024-06-17,59.99
TXN009281,C0022,2024-06-17,29.99
TXN017084,C0045,2024-06-17,59.99
TXN006558,C0308,2024-06-17,29.99
TXN016714,C0316,2024-06-17,129.99
TXN014737,C0224,2024-06-17,49.99
TXN004003,C0258,2024-06-17,19.99
TXN007358,C0343,2024-06-17,49.99
TXN017014,C0230,2024-06-17,19.99
TXN016955,C0045,2024-06-17,59.99
TXN016283,C0041,2024-06-17,49.99
TXN014077,C0346,2024-06-17,199.99
TXN017345,C0247,2024-06-17,49.99
TXN010961,C0071,2024-06-17,49.99
TXN005506,C0007,2024-06-17,39.99
TXN000277,C0317,2024-06-17,29.99
TXN008011,C0179,2024-06-17,49.99
TXN000209,C0016,2024-06-17,149.99
TXN011292,C0177,2024-06-17,59.99
TXN004296,C0023,2024-06-17,49.99
TXN017888,C0095,2024-06-17,19.99
TXN005727,C0082,2024-06-17,29.99
TXN017910,C0243,2024-06-17,29.99
TXN015717,C0347,2024-06-17,99.99
TXN007760,C0238,2024-06-17,59.99
TXN009743,C0255,2024-06-17,85.46
TXN000826,C0062,2024-06-17,29.99
TXN008266,C0048,2024-06-17,59.99
TXN008991,C0169,2024-06-17,59.99
TXN018205,C0231,2024-06-17,59.99
TXN010620,C0035,2024-06-18,79.99
TXN012347,C0350,2024-06-18,19.99
TXN008215,C0126,2024-06-18,87.92
TXN003489,C0225,2024-06-18,29.99
TXN018410,C0131,2024-06-18,59.99
TXN004228,C0172,2024-06-18,22.01
TXN004656,C0279,2024-06-18,19.99
TXN000491,C0123,2024-06-18,19.99
TXN010787,C0307,2024-06-18,59.99
TXN015624,C0344,2024-06-18,129.99
TXN011177,C0137,2024-06-18,129.99
TXN011172,C0078,2024-06-18,49.99
TXN001178,C0249,2024-06-18,19.99
TXN014609,C0126,2024-06-18,99.99
TXN007990,C0048,2024-06-18,51.98
TXN016326,C0194,2024-06-18,149.99
TXN008667,C0330,2024-06-18,79.99
TXN015548,C0092,2024-06-18,29.99
TXN010899,C0233,2024-06-18,59.99
TXN015063,C0282,2024-06-18,29.99
TXN006710,C0211,2024-06-18,49.99
TXN016136,C0250,2024-06-18,52.26
TXN000838,C0025,2024-06-18,79.99
TXN014460,C0342,2024-06-18,59.99
TXN017019,C0053,2024-06-18,29.99
TXN009975,C0184,2024-06-18,19.99
TXN013223,C0197,2024-06-18,19.99
TXN000442,C0004,2024-06-18,99.99
TXN007068,C0008,2024-06-18,29.99
TXN006029,C0120,2024-06-18,29.99
TXN011648,C0016,2024-06-18,149.99
TXN011444,C0208,2024-06-18,39.99
TXN005149,C0229,2024-06-18,39.25
TXN007179,C0150,2024-06-18,99.99
TXN018010,C0298,2024-06-18,199.99
TXN001961,C0019,2024-06-18,59.99
TXN017484,C0158,2024-06-18,79.99
TXN009682,C0261,2024-06-18,49.99
TXN007660,C0296,2024-06-18,39.99
TXN009530,C0346,2024-06-18,199.99
TXN014766,C0250,2024-06-18,59.99
TXN013586,C0318,2024-06-18,39.99
TXN001306,C0077,2024-06-18,99.99
TXN014535,C0211,2024-06-18,49.99
TXN010572,C0164,2024-06-18,49.99
TXN002143,C0010,2024-06-18,59.99
TXN001330,C0079,2024-06-19,29.99
TXN000913,C0265,2024-06-19,49.99
TXN016744,C0041,2024-06-19,49.99
TXN007291,C0025,2024-06-19,79.99
TXN007793,C0098,2024-06-19,19.99
TXN007225,C0236,2024-06-19,29.99
TXN008689,C0061,2024-06-19,49.99
TXN015557,C0342,2024-06-19,59.99
TXN001046,C0141,2024-06-19,59.99
TXN002789,C0152,2024-06-19,49.99
TXN006369,C0111,2024-06-19,99.99
TXN015150,C0085,2024-06-19,68.45
TXN006301,C0095,2024-06-19,19.99
TXN015865,C0196,2024-06-19,29.99
TXN002987,C0256,2024-06-19,29.99
TXN008877,C0284,2024-06-19,29.99
TXN012516,C0184,2024-06-19,19.99
TXN005584,C0038,2024-06-19,129.99
TXN003974,C0253,2024-06-19,29.99
TXN012708,C0326,2024-06-19,19.99
TXN017793,C0216,2024-06-19,39.99
TXN009495,C0046,2024-06-19,79.99
TXN003776,C0258,2024-06-19,19.99
TXN001414,C0340,2024-06-19,39.99
TXN012069,C0210,2024-06-19,79.99
TXN002551,C0295,2024-06-19,39.99
TXN012042,C0348,2024-06-19,29.99
TXN010690,C0191,2024-06-19,79.99
TXN002189,C0289,2024-06-19,79.99
TXN004704,C0289,2024-06-19,79.99
TXN011972,C0140,2024-06-19,29.99
TXN013695,C0117,2024-06-19,19.99
TXN002683,C0114,2024-06-19,49.99
TXN017259,C0339,2024-06-19,39.99
TXN017594,C0252,2024-06-19,49.99
TXN004312,C0210,2024-06-19,58.95
TXN007057,C0101,2024-06-20,100.91
TXN003128,C0344,2024-06-20,103.77
TXN015004,C0036,2024-06-20,49.99
TXN002796,C0022,2024-06-20,29.99
TXN002438,C0038,2024-06-20,129.99
TXN012900,C0258,2024-06-20,19.99
TXN014413,C0330,2024-06-20,79.99
TXN002583,C0258,2024-06-20,19.99
TXN011574,C0154,2024-06-20,99.99
TXN003810,C0221,2024-06-20,49.99
TXN017832,C0098,2024-06-20,19.99
TXN016393,C0192,2024-06-20,79.99
TXN011124,C0289,2024-06-20,79.99
TXN015097,C0195,2024-06-20,19.99
TXN015601,C0128,2024-06-20,59.99
TXN010378,C0194,2024-06-20,149.99
TXN017148,C0109,2024-06-20,149.99
TXN012072,C0120,2024-06-20,29.99
TXN005512,C0098,2024-06-20,19.99
TXN006298,C0211,2024-06-20,49.99
TXN011903,C0334,2024-06-20,29.99
TXN010395,C0341,2024-06-20,49.99
TXN004619,C0211,2024-06-20,49.99
TXN015451,C0186,2024-06-20,39.99
TXN016600,C0185,2024-06-20,39.99
TXN008740,C0093,2024-06-20,19.99
TXN012253,C0142,2024-06-20,39.99
TXN009202,C0027,2024-06-20,49.99
TXN015332,C0093,2024-06-20,19.99
TXN017554,C0243,2024-06-20,29.99
TXN004158,C0341,2024-06-20,49.99
TXN010568,C0095,2024-06-20,14.78
TXN015318,C0291,2024-06-20,49.99
TXN014157,C0125,2024-06-20,49.99
TXN018458,C0119,2024-06-20,59.99
TXN016724,C0201,2024-06-20,92.72
TXN015481,C0348,2024-06-20,29.99
TXN016981,C0315,2024-06-20,79.99
TXN006010,C0188,2024-06-21,49.99
TXN001011,C0229,2024-06-21,49.99
TXN012786,C0114,2024-06-21,49.99
TXN008432,C0336,2024-06-21,19.99
TXN018391,C0153,2024-06-21,79.99
TXN001059,C0191,2024-06-21,79.99
TXN001528,C0271,2024-06-21,59.99
TXN017879,C0214,2024-06-21,59.99
TXN004340,C0337,2024-06-21,129.99
TXN013005,C0027,2024-06-21,49.99
TXN000526,C0335,2024-06-21,39.99
TXN002917,C0063,2024-06-21,39.99
TXN003032,C0196,2024-06-21,29.99
TXN002947,C0037,2024-06-21,99.99
TXN012140,C0062,2024-06-21,22.43
TXN005676,C0014,2024-06-21,26.15
TXN008919,C0112,2024-06-21,49.99
TXN014491,C0220,2024-06-21,29.99
TXN018327,C0060,2024-06-21,39.99
TXN001971,C0299,2024-06-21,59.99
TXN017739,C0265,2024-06-21,38.25
TXN007725,C0187,2024-06-21,39.99
TXN014850,C0209,2024-06-21,39.99
TXN014537,C0002,2024-06-21,29.99
TXN011068,C0064,2024-06-21,149.99
TXN005491,C0350,2024-06-21,19.99
TXN007375,C0146,2024-06-21,199.99
TXN004785,C0294,2024-06-21,39.72
TXN009066,C0279,2024-06-21,19.99
TXN001459,C0350,2024-06-21,19.99
TXN006214,C0350,2024-06-21,19.99
TXN006219,C0150,2024-06-21,99.99
TXN014554,C0235,2024-06-21,99.99
TXN005956,C0319,2024-06-21,29.99
TXN007030,C0074,2024-06-21,29.99
TXN007750,C0180,2024-06-21,39.99
TXN005449,C0274,2024-06-21,29.99
TXN004516,C0126,2024-06-21,99.99
TXN017635,C0228,2024-06-21,56.43
TXN000156,C0151,2024-06-22,79.99
TXN015751,C0009,2024-06-22,79.99
TXN004533,C0085,2024-06-22,79.99
TXN013974,C0026,2024-06-22,79.99
TXN014148,C0127,2024-06-22,29.99
TXN005447,C0241,2024-06-22,106.02
TXN007985,C0101,2024-06-22,129.99
TXN005410,C0156,2024-06-22,39.99
TXN005356,C0254,2024-06-22,79.99
TXN017790,C0305,2024-06-22,149.99
TXN010392,C0234,2024-06-22,79.99
TXN011026,C0244,2024-06-22,79.99
TXN017544,C0236,2024-06-22,29.99
TXN017547,C0069,2024-06-22,29.99
TXN017567,C0043,2024-06-22,29.99
TXN008226,C0080,2024-06-22,44.1
TXN008271,C0048,2024-06-22,59.99
TXN011286,C0273,2024-06-22,199.99
TXN016419,C0061,2024-06-22,49.99
TXN000432,C0328,2024-06-22,29.99
TXN007424,C0069,2024-06-22,29.99
TXN016297,C0097,2024-06-22,112.04
TXN007041,C0014,2024-06-22,29.99
TXN012052,C0330,2024-06-22,79.99
TXN012031,C0229,2024-06-22,39.89
TXN007312,C0147,2024-06-22,19.99
TXN014455,C0314,2024-06-22,59.99
TXN007675,C0322,2024-06-22,49.99
TXN005848,C0327,2024-06-22,79.99
TXN016007,C0272,2024-06-22,59.99
TXN006921,C0237,2024-06-22,29.99
TXN015007,C0188,2024-06-22,49.99
TXN005843,C0219,2024-06-22,59.99
TXN018348,C0307,2024-06-22,59.99
TXN000332,C0005,2024-06-22,29.99
TXN016056,C0212,2024-06-22,39.99
TXN004407,C0118,2024-06-22,39.99
TXN001901,C0005,2024-06-22,24.03
TXN000547,C0147,2024-06-22,19.99
TXN000137,C0036,2024-06-22,49.99
TXN011116,C0276,2024-06-23,79.99
TXN006681,C0022,2024-06-23,29.99
TXN013354,C0130,2024-06-23,129.99
TXN006422,C0142,2024-06-23,39.99
TXN005911,C0179,2024-06-23,49.99
TXN016076,C0196,2024-06-23,29.99
TXN002861,C0259,2024-06-23,59.99
TXN002284,C0263,2024-06-23,39.99
TXN009632,C0018,2024-06-23,23.21
TXN006686,C0289,2024-06-23,79.99
TXN013819,C0285,2024-06-23,39.99
TXN014557,C0119,2024-06-23,59.99
TXN012200,C0069,2024-06-23,29.99
TXN001675,C0287,2024-06-23,49.99
TXN005947,C0271,2024-06-23,59.99
TXN008733,C0184,2024-06-23,19.99
TXN006093,C0237,2024-06-23,29.99
TXN010664,C0135,2024-06-23,49.99
TXN016878,C0145,2024-06-23,59.99
TXN010063,C0119,2024-06-23,59.99
TXN014197,C0265,2024-06-23,49.99
TXN014228,C0068,2024-06-23,79.99
TXN012711,C0274,2024-06-23,24.18
TXN012407,C0312,2024-06-23,79.99
TXN012293,C0099,2024-06-23,29.99
TXN004281,C0265,2024-06-23,49.99
TXN017557,C0122,2024-06-23,149.99
TXN016303,C0121,2024-06-23,59.99
TXN010679,C0184,2024-06-23,19.99
TXN016085,C0259,2024-06-24,59.99
TXN012318,C0138,2024-06-24,59.99
TXN008229,C0026,2024-06-24,79.99
TXN016703,C0018,2024-06-24,29.99
TXN010673,C0165,2024-06-24,19.99
TXN001881,C0077,2024-06-24,99.99
TXN013778,C0344,2024-06-24,129.99
TXN017017,C0047,2024-06-24,29.99
TXN015305,C0158,2024-06-24,79.99
TXN006559,C0183,2024-06-24,49.99
TXN005025,C0246,2024-06-24,99.99
TXN010429,C0152,2024-06-24,49.99
TXN017204,C0073,2024-06-24,19.99
TXN007934,C0340,2024-06-24,39.99
TXN002172,C0332,2024-06-24,19.99
TXN012103,C0138,2024-06-24,59.99
TXN008106,C0066,2024-06-24,59.99
TXN015057,C0247,2024-06-24,49.99
TXN014901,C0011,2024-06-24,49.99
TXN014394,C0138,2024-06-24,59.99
TXN002166,C0061,2024-06-24,49.99
TXN001447,C0247,2024-06-24,49.99
TXN002029,C0044,2024-06-24,59.99
TXN009634,C0041,2024-06-24,49.99
TXN006810,C0231,2024-06-24,59.99
TXN000242,C0119,2024-06-24,59.99
TXN008715,C0226,2024-06-24,149.99
TXN001264,C0122,2024-06-24,149.99
TXN007094,C0296,2024-06-24,39.99
TXN010929,C0197,2024-06-24,19.99
TXN008101,C0140,2024-06-24,29.99
TXN000606,C0189,2024-06-24,49.99
TXN015853,C0283,2024-06-24,39.99
TXN003813,C0194,2024-06-25,149.99
TXN012415,C0101,2024-06-25,129.99
TXN016415,C0319,2024-06-25,29.99
TXN012629,C0329,2024-06-25,99.99
TXN018447,C0012,2024-06-25,49.99
TXN002959,C0230,2024-06-25,19.99
TXN007149,C0251,2024-06-25,49.99
TXN007265,C0298,2024-06-25,199.99
TXN011158,C0282,2024-06-25,29.99
TXN012709,C0029,2024-06-25,39.99
TXN016292,C0319,2024-06-25,29.99
TXN016098,C0288,2024-06-25,15.05
TXN010823,C0159,2024-06-25,64.76
TXN012694,C0113,2024-06-25,49.99
TXN004919,C0101,2024-06-25,129.99
TXN006685,C0228,2024-06-25,79.99
TXN003145,C0261,2024-06-25,49.99
TXN004700,C0045,2024-06-25,59.99
TXN011694,C0239,2024-06-25,39.99
TXN009204,C0312,2024-06-25,79.99
TXN014140,C0075,2024-06-25,49.99
TXN017462,C0289,2024-06-25,79.99
TXN014354,C0035,2024-06-25,79.99
TXN014039,C0196,2024-06-25,29.99
TXN002679,C0192,2024-06-25,79.99
TXN010015,C0138,2024-06-25,59.99
TXN003402,C0138,2024-06-25,59.99
TXN017202,C0002,2024-06-25,29.99
TXN017144,C0097,2024-06-25,129.99
TXN000840,C0217,2024-06-25,29.99
TXN008766,C0294,2024-06-25,49.99
TXN009918,C0162,2024-06-25,79.99
TXN008557,C0251,2024-06-26,49.99
TXN015574,C0283,2024-06-26,30.74
TXN002601,C0302,2024-06-26,49.99
TXN010177,C0019,2024-06-26,59.99
TXN017851,C0100,2024-06-26,49.99
TXN003300,C0170,2024-06-26,39.99
TXN006429,C0180,2024-06-26,39.99
TXN000455,C0092,2024-06-26,29.99
TXN012246,C0191,2024-06-26,79.99
TXN018323,C0318,2024-06-26,39.99
TXN005439,C0111,2024-06-26,99.99
TXN003702,C0233,2024-06-26,59.99
TXN011181,C0179,2024-06-26,49.99
TXN009040,C0333,2024-06-26,39.99
TXN015909,C0328,2024-06-26,29.99
TXN010075,C0219,2024-06-26,59.99
TXN000272,C0201,2024-06-26,129.99
TXN003036,C0161,2024-06-26,49.99
TXN000024,C0188,2024-06-26,49.99
TXN006874,C0247,2024-06-26,49.99
TXN004311,C0112,2024-06-26,49.99
TXN000600,C0251,2024-06-26,49.99
TXN006344,C0216,2024-06-26,39.99
TXN004402,C0051,2024-06-26,29.99
TXN016392,C0333,2024-06-26,39.99
TXN009772,C0272,2024-06-26,59.99
TXN005941,C0024,2024-06-26,99.99
TXN000810,C0070,2024-06-26,149.99
TXN005281,C0005,2024-06-26,29.99
TXN004145,C0216,2024-06-26,39.99
TXN007340,C0093,2024-06-26,19.99
TXN001630,C0221,2024-06-26,49.99
TXN006005,C0020,2024-06-26,19.99
TXN017611,C0077,2024-06-26,80.14
TXN006101,C0113,2024-06-26,49.99
TXN006866,C0191,2024-06-27,79.99
TXN012313,C0337,2024-06-27,129.99
TXN001989,C0336,2024-06-27,19.99
TXN013350,C0137,2024-06-27,129.99
TXN007310,C0093,2024-06-27,19.99
TXN004510,C0137,2024-06-27,129.99
TXN009878,C0024,2024-06-27,99.99
TXN001681,C0231,2024-06-27,59.99
TXN010132,C0284,2024-06-27,29.99
TXN006247,C0263,2024-06-27,39.99
TXN008265,C0216,2024-06-27,39.99
TXN011342,C0189,2024-06-27,49.99
TXN006420,C0022,2024-06-27,29.99
TXN015639,C0115,2024-06-27,59.99
TXN013246,C0282,2024-06-27,29.99
TXN001620,C0075,2024-06-27,49.99
TXN009298,C0160,2024-06-27,79.99
TXN013898,C0332,2024-06-27,19.99
TXN011859,C0042,2024-06-27,99.3
TXN017983,C0026,2024-06-27,79.99
TXN008489,C0326,2024-06-27,15.31
TXN017153,C0056,2024-06-27,29.99
TXN011046,C0055,2024-06-27,49.99
TXN005816,C0257,2024-06-27,19.99
TXN012287,C0108,2024-06-27,19.99
TXN002734,C0335,2024-06-27,39.99
TXN008349,C0228,2024-06-27,79.99
TXN017673,C0310,2024-06-27,17.96
TXN013073,C0103,2024-06-27,49.99
TXN006479,C0076,2024-06-27,31.69
TXN013470,C0137,2024-06-27,129.99
TXN017288,C0209,2024-06-27,39.99
TXN014921,C0065,2024-06-28,29.99
TXN004022,C0056,2024-06-28,29.99
TXN010091,C0280,2024-06-28,19.99
TXN006941,C0020,2024-06-28,19.99
TXN005534,C0108,2024-06-28,19.99
TXN003898,C0093,2024-06-28,19.99
TXN001367,C0279,2024-06-28,19.99
TXN008693,C0026,2024-06-28,60.32
TXN001170,C0333,2024-06-28,39.99
TXN004241,C0088,2024-06-28,99.99
TXN018237,C0214,2024-06-28,59.99
TXN000904,C0234,2024-06-28,79.99
TXN015205,C0286,2024-06-28,19.99
TXN007282,C0328,2024-06-28,21.36
TXN006176,C0196,2024-06-28,29.99
TXN005945,C0350,2024-06-28,19.99
TXN004344,C0035,2024-06-28,79.99
TXN003146,C0180,2024-06-28,39.99
TXN007377,C0242,2024-06-28,39.99
TXN018139,C0051,2024-06-28,29.99
TXN015168,C0044,2024-06-28,59.99
TXN001027,C0245,2024-06-28,39.99
TXN007062,C0128,2024-06-28,59.99
TXN008419,C0269,2024-06-28,39.99
TXN005184,C0008,2024-06-28,29.99
TXN007658,C0305,2024-06-28,149.99
TXN007797,C0326,2024-06-28,19.99
TXN017117,C0313,2024-06-28,39.99
TXN009109,C0044,2024-06-28,50.2
TXN014665,C0022,2024-06-28,29.99
TXN002721,C0035,2024-06-28,79.99
TXN006208,C0058,2024-06-28,49.99
TXN012311,C0261,2024-06-28,49.99
TXN004135,C0332,2024-06-28,19.99
TXN007047,C0290,2024-06-28,29.99
TXN009876,C0332,2024-06-29,19.99
TXN000354,C0197,2024-06-29,19.99
TXN012481,C0223,2024-06-29,19.99
TXN004410,C0062,2024-06-29,29.99
TXN007573,C0187,2024-06-29,39.99
TXN002545,C0282,2024-06-29,29.99
TXN008854,C0305,2024-06-29,149.99
TXN008832,C0147,2024-06-29,19.99
TXN012816,C0141,2024-06-29,59.99
TXN016347,C0311,2024-06-29,49.99
TXN009166,C0048,2024-06-29,59.99
TXN006295,C0285,2024-06-29,39.99
TXN004531,C0251,2024-06-29,49.99
TXN010100,C0102,2024-06-29,39.99
TXN007558,C0013,2024-06-29,59.99
TXN002260,C0184,2024-06-29,19.99
TXN001708,C0024,2024-06-29,99.99
TXN011010,C0310,2024-06-29,19.99
TXN009589,C0144,2024-06-29,19.99
TXN013861,C0306,2024-06-29,29.99
TXN001580,C0237,2024-06-29,29.99
TXN009008,C0079,2024-06-29,29.99
TXN003779,C0058,2024-06-29,49.99
TXN008570,C0224,2024-06-29,49.99
TXN014812,C0254,2024-06-29,79.99
TXN003158,C0185,2024-06-29,39.99
TXN007975,C0222,2024-06-29,59.99
TXN011890,C0208,2024-06-29,39.99
TXN008900,C0200,2024-06-29,29.99
TXN006781,C0097,2024-06-29,129.99
TXN007042,C0210,2024-06-29,79.99
TXN013309,C0036,2024-06-29,49.99
TXN013122,C0005,2024-06-29,21.73
TXN008646,C0335,2024-06-29,39.99
TXN003820,C0036,2024-06-29,36.21
TXN007145,C0144,2024-06-29,19.99
TXN014703,C0196,2024-06-29,25.05
TXN000680,C0304,2024-06-29,49.99
TXN011427,C0316,2024-06-29,129.99
TXN014152,C0239,2024-06-29,39.99
TXN007864,C0218,2024-06-29,29.99
TXN012110,C0057,2024-06-29,99.99
TXN003498,C0028,2024-06-30,39.99
TXN003475,C0325,2024-06-30,59.99
TXN016896,C0310,2024-06-30,19.99
TXN012342,C0122,2024-06-30,149.99
TXN000559,C0137,2024-06-30,129.99
TXN007288,C0346,2024-06-30,199.99
TXN001442,C0076,2024-06-30,28.36
TXN004943,C0031,2024-06-30,19.99
TXN015802,C0304,2024-06-30,41.47
TXN005050,C0196,2024-06-30,29.99
TXN010441,C0208,2024-06-30,39.99
TXN010878,C0290,2024-06-30,29.99
TXN008482,C0344,2024-06-30,129.99
TXN015187,C0085,2024-06-30,79.99
TXN017767,C0133,2024-06-30,59.99
TXN015539,C0340,2024-06-30,39.99
TXN011073,C0016,2024-06-30,149.99
TXN006723,C0293,2024-06-30,59.99
TXN000747,C0138,2024-06-30,59.99
TXN002202,C0251,2024-06-30,49.99
TXN015589,C0021,2024-06-30,19.99
TXN003294,C0035,2024-06-30,79.99
TXN003052,C0157,2024-06-30,50.05
TXN003317,C0017,2024-06-30,59.99
TXN006379,C0063,2024-06-30,39.99
TXN014182,C0092,2024-06-30,29.99
TXN006340,C0077,2024-06-30,99.99
TXN011591,C0235,2024-07-01,99.99
TXN016767,C0012,2024-07-01,49.99
TXN000602,C0202,2024-07-01,19.99
TXN008807,C0089,2024-07-01,79.99
TXN007390,C0173,2024-07-01,39.99
TXN016036,C0264,2024-07-01,42.33
TXN015184,C0101,2024-07-01,129.99
TXN008471,C0304,2024-07-01,49.99
TXN017801,C0191,2024-07-01,79.99
TXN016966,C0214,2024-07-01,59.99
TXN010816,C0160,2024-07-01,71.29
TXN009371,C0299,2024-07-01,59.99
TXN013802,C0310,2024-07-01,19.99
TXN002309,C0024,2024-07-01,99.99
TXN012653,C0061,2024-07-01,49.99
TXN015361,C0335,2024-07-01,39.99
TXN012373,C0313,2024-07-01,39.99
TXN014595,C0157,2024-07-01,59.99
TXN008241,C0258,2024-07-01,16.59
TXN002376,C0261,2024-07-01,49.99
TXN010854,C0100,2024-07-01,49.99
TXN016001,C0102,2024-07-01,39.99
TXN015766,C0009,2024-07-01,79.99
TXN006392,C0036,2024-07-01,49.99
TXN003399,C0310,2024-07-01,19.99
TXN017146,C0332,2024-07-01,19.99
TXN004288,C0338,2024-07-01,49.99
TXN011119,C0144,2024-07-01,19.99
TXN000022,C0108,2024-07-01,14.38
TXN003625,C0102,2024-07-01,39.99
TXN004540,C0295,2024-07-01,39.99
TXN002496,C0174,2024-07-01,29.99
TXN000937,C0328,2024-07-02,29.99
TXN011794,C0038,2024-07-02,129.99
TXN008176,C0093,2024-07-02,19.99
TXN011371,C0268,2024-07-02,59.99
TXN004726,C0270,2024-07-02,49.99
TXN013563,C0089,2024-07-02,79.99
TXN012666,C0339,2024-07-02,39.99
TXN015392,C0031,2024-07-02,19.99
TXN007293,C0330,2024-07-02,79.99
TXN011481,C0123,2024-07-02,19.99
TXN000981,C0330,2024-07-02,79.99
TXN009348,C0288,2024-07-02,19.99
TXN014581,C0091,2024-07-02,99.99
TXN008227,C0286,2024-07-02,19.99
TXN003181,C0095,2024-07-02,19.99
TXN010688,C0036,2024-07-02,49.99
TXN012604,C0180,2024-07-02,39.99
TXN009170,C0247,2024-07-02,49.99
TXN013617,C0347,2024-07-02,99.99
TXN012985,C0176,2024-07-02,59.99
TXN006569,C0140,2024-07-02,29.99
TXN016736,C0303,2024-07-02,19.99
TXN015019,C0127,2024-07-02,21.53
TXN011299,C0305,2024-07-02,149.99
TXN003773,C0237,2024-07-02,29.99
TXN006754,C0191,2024-07-02,79.99
TXN002612,C0170,2024-07-02,39.99
TXN004792,C0325,2024-07-02,59.99
TXN005470,C0125,2024-07-02,49.99
TXN002163,C0088,2024-07-02,99.99
TXN013339,C0247,2024-07-02,49.99
TXN001429,C0315,2024-07-02,79.99
TXN000384,C0300,2024-07-02,49.99
TXN005617,C0315,2024-07-02,79.99
TXN015495,C0077,2024-07-02,99.99
TXN010964,C0070,2024-07-02,149.99
TXN002012,C0125,2024-07-02,49.99
TXN013863,C0008,2024-07-02,29.99
TXN001864,C0202,2024-07-02,19.99
TXN010102,C0045,2024-07-02,59.99
TXN008777,C0238,2024-07-02,59.99
TXN000884,C0305,2024-07-03,149.99
TXN006504,C0241,2024-07-03,129.99
TXN000370,C0177,2024-07-03,44.93
TXN017372,C0222,2024-07-03,59.99
TXN003943,C0265,2024-07-03,49.99
TXN004051,C0074,2024-07-03,29.99
TXN000031,C0316,2024-07-03,129.99
TXN003782,C0032,2024-07-03,99.99
TXN005912,C0055,2024-07-03,49.99
TXN017577,C0182,2024-07-03,44.45
TXN006220,C0232,2024-07-03,115.03
TXN003512,C0339,2024-07-03,39.99
TXN000438,C0130,2024-07-03,129.99
TXN017877,C0257,2024-07-03,19.99
TXN005003,C0104,2024-07-03,19.99
TXN006633,C0275,2024-07-03,14.87
TXN000946,C0315,2024-07-03,63.66
TXN003967,C0027,2024-07-03,49.99
TXN000258,C0051,2024-07-03,29.99
TXN011027,C0308,2024-07-03,29.99
TXN015966,C0193,2024-07-03,59.99
TXN001320,C0027,2024-07-03,49.99
TXN013524,C0026,2024-07-03,79.99
TXN011363,C0003,2024-07-03,21.44
TXN014718,C0328,2024-07-03,29.99
TXN011788,C0107,2024-07-03,149.99
TXN011847,C0257,2024-07-03,19.99
TXN011877,C0252,2024-07-03,49.99
TXN002892,C0021,2024-07-03,19.99
TXN009219,C0041,2024-07-03,49.99
TXN015255,C0282,2024-07-03,29.99
TXN014049,C0094,2024-07-03,29.99
TXN012576,C0003,2024-07-03,29.99
TXN007264,C0097,2024-07-03,129.99
TXN009287,C0208,2024-07-03,29.62
TXN009888,C0178,2024-07-03,59.99
TXN009418,C0301,2024-07-03,56.31
TXN007960,C0265,2024-07-03,49.99
TXN012348,C0138,2024-07-03,59.99
TXN003046,C0056,2024-07-03,29.99
TXN014106,C0056,2024-07-04,29.99
TXN007519,C0078,2024-07-04,49.99
TXN004939,C0184,2024-07-04,16.13
TXN005835,C0185,2024-07-04,39.99
TXN010776,C0121,2024-07-04,59.99
TXN010760,C0204,2024-07-04,39.99
TXN000219,C0252,2024-07-04,49.99
TXN003457,C0339,2024-07-04,39.99
TXN006841,C0311,2024-07-04,49.99
TXN010618,C0290,2024-07-04,29.99
TXN005278,C0136,2024-07-04,19.99
TXN016528,C0247,2024-07-04,49.99
TXN005437,C0171,2024-07-04,49.99
TXN010859,C0204,2024-07-04,39.99
TXN016145,C0238,2024-07-04,53.29
TXN009992,C0308,2024-07-04,29.99
TXN003051,C0223,2024-07-04,19.99
TXN015917,C0202,2024-07-04,19.99
TXN017794,C0248,2024-07-04,59.99
TXN004854,C0083,2024-07-04,29.99
TXN012223,C0337,2024-07-04,129.99
TXN004180,C0257,2024-07-04,16.0
TXN004176,C0248,2024-07-04,59.99
TXN004174,C0080,2024-07-04,59.99
TXN012247,C0222,2024-07-04,59.99
TXN003352,C0088,2024-07-04,99.99
TXN000273,C0277,2024-07-04,49.99
TXN018109,C0016,2024-07-04,149.99
TXN006324,C0339,2024-07-04,39.99
TXN013233,C0180,2024-07-04,39.99
TXN017878,C0026,2024-07-04,79.99
TXN011216,C0191,2024-07-04,79.99
TXN016672,C0138,2024-07-04,59.99
TXN003266,C0131,2024-07-04,59.99
TXN012107,C0122,2024-07-04,149.99
TXN014584,C0055,2024-07-05,39.85
TXN005976,C0194,2024-07-05,149.99
TXN008334,C0147,2024-07-05,19.99
TXN014668,C0330,2024-07-05,79.99
TXN003369,C0315,2024-07-05,79.99
TXN000112,C0149,2024-07-05,39.99
TXN008441,C0327,2024-07-05,79.99
TXN015212,C0174,2024-07-05,29.99
TXN001363,C0062,2024-07-05,29.99
TXN016788,C0154,2024-07-05,99.99
TXN014998,C0253,2024-07-05,29.99
TXN008839,C0105,2024-07-05,29.99
TXN008948,C0031,2024-07-05,16.2
TXN006167,C0342,2024-07-05,59.99
TXN008357,C0288,2024-07-05,19.99
TXN001227,C0150,2024-07-05,99.99
TXN001564,C0013,2024-07-05,59.99
TXN017135,C0330,2024-07-05,59.07
TXN005928,C0023,2024-07-05,43.3
TXN016048,C0152,2024-07-05,49.99
TXN011750,C0202,2024-07-05,19.99
TXN017763,C0138,2024-07-05,59.99
TXN013498,C0159,2024-07-05,63.92
TXN011768,C0272,2024-07-05,59.99
TXN004539,C0124,2024-07-05,59.99
TXN005323,C0140,2024-07-05,29.99
TXN017942,C0236,2024-07-05,29.99
TXN012303,C0080,2024-07-05,59.99
TXN005838,C0209,2024-07-05,39.99
TXN013920,C0089,2024-07-05,79.99
TXN002019,C0292,2024-07-06,99.99
TXN018315,C0144,2024-07-06,16.74
TXN011760,C0245,2024-07-06,39.99
TXN012312,C0329,2024-07-06,99.99
TXN012378,C0243,2024-07-06,29.99
TXN018033,C0247,2024-07-06,49.99
TXN012452,C0183,2024-07-06,40.82
TXN012855,C0132,2024-07-06,49.99
TXN016891,C0321,2024-07-06,129.99
TXN011109,C0211,2024-07-06,49.99
TXN011086,C0258,2024-07-06,19.99
TXN002764,C0283,2024-07-06,39.99
TXN014897,C0047,2024-07-06,29.99
TXN014729,C0144,2024-07-06,19.99
TXN002332,C0255,2024-07-06,72.0
TXN005067,C0164,2024-07-06,49.99
TXN013970,C0258,2024-07-06,19.99
TXN010189,C0299,2024-07-06,59.99
TXN014145,C0148,2024-07-06,149.99
TXN017365,C0256,2024-07-06,29.99
TXN001481,C0120,2024-07-06,29.99
TXN009402,C0249,2024-07-06,19.99
TXN011251,C0319,2024-07-06,29.99
TXN008302,C0080,2024-07-06,59.99
TXN016154,C0246,2024-07-06,99.99
TXN007428,C0282,2024-07-06,29.99
TXN001076,C0277,2024-07-06,49.99
TXN007743,C0181,2024-07-06,99.99
TXN003197,C0115,2024-07-06,59.99
TXN016525,C0008,2024-07-06,29.99
TXN003518,C0093,2024-07-07,19.99
TXN003636,C0065,2024-07-07,29.99
TXN009692,C0296,2024-07-07,39.99
TXN006071,C0336,2024-07-07,19.99
TXN011567,C0115,2024-07-07,59.99
TXN006768,C0283,2024-07-07,39.99
TXN013722,C0294,2024-07-07,49.99
TXN017212,C0078,2024-07-07,49.99
TXN016178,C0322,2024-07-07,49.99
TXN017378,C0077,2024-07-07,99.99
TXN004611,C0309,2024-07-07,49.99
TXN014904,C0132,2024-07-07,49.99
TXN016327,C0031,2024-07-07,19.99
TXN013743,C0212,2024-07-07,39.99
TXN013627,C0117,2024-07-07,19.99
TXN012239,C0139,2024-07-07,52.26
TXN007830,C0195,2024-07-07,19.99
TXN008355,C0145,2024-07-07,59.99
TXN007135,C0281,2024-07-07,99.99
TXN014411,C0139,2024-07-07,59.99
TXN005286,C0314,2024-07-07,59.99
TXN009244,C0006,2024-07-07,149.99
TXN010592,C0206,2024-07-07,49.99
TXN012089,C0159,2024-07-07,79.99
TXN000659,C0213,2024-07-07,59.99
TXN005566,C0282,2024-07-07,21.26
TXN008195,C0259,2024-07-07,59.99
TXN015152,C0217,2024-07-07,26.91
TXN012596,C0208,2024-07-07,39.99
TXN004395,C0308,2024-07-07,29.99
TXN011830,C0191,2024-07-07,79.99
TXN009627,C0263,2024-07-07,39.99
TXN012580,C0168,2024-07-07,39.99
TXN012509,C0229,2024-07-07,49.99
TXN014943,C0218,2024-07-07,29.99
TXN006824,C0340,2024-07-07,39.99
TXN000279,C0113,2024-07-07,49.99
TXN012987,C0057,2024-07-07,99.99
TXN005693,C0204,2024-07-07,39.99
TXN004735,C0310,2024-07-08,19.99
TXN001552,C0041,2024-07-08,49.99
TXN013763,C0282,2024-07-08,29.99
TXN002883,C0265,2024-07-08,49.99
TXN001747,C0018,2024-07-08,29.99
TXN015739,C0289,2024-07-08,79.99
TXN011066,C0340,2024-07-08,39.99
TXN008718,C0116,2024-07-08,29.99
TXN016262,C0089,2024-07-08,79.99
TXN005982,C0087,2024-07-08,49.99
TXN009848,C0166,2024-07-08,39.99
TXN015963,C0121,2024-07-08,59.99
TXN013949,C0233,2024-07-08,59.99
TXN005076,C0150,2024-07-08,99.99
TXN001533,C0077,2024-07-08,99.99
TXN008622,C0274,2024-07-08,29.99
TXN018420,C0005,2024-07-08,29.99
TXN018414,C0081,2024-07-08,59.99
TXN011300,C0175,2024-07-08,19.99
TXN006997,C0164,2024-07-08,49.99
TXN008944,C0282,2024-07-08,26.88
TXN018404,C0079,2024-07-08,29.99
TXN006538,C0200,2024-07-08,24.42
TXN015820,C0289,2024-07-08,79.99
TXN016293,C0211,2024-07-08,49.99
TXN017418,C0089,2024-07-08,66.64
TXN003028,C0095,2024-07-08,19.99
TXN015516,C0046,2024-07-08,79.99
TXN009713,C0198,2024-07-08,59.99
TXN011386,C0147,2024-07-08,19.99
TXN007173,C0282,2024-07-08,24.49
TXN002159,C0118,2024-07-08,39.99
TXN010943,C0334,2024-07-08,29.99
TXN000756,C0124,2024-07-08,59.99
TXN009651,C0151,2024-07-08,79.99
TXN012192,C0173,2024-07-08,39.99
TXN013209,C0348,2024-07-08,29.99
TXN004502,C0148,2024-07-09,149.99
TXN013240,C0333,2024-07-09,39.99
TXN011125,C0341,2024-07-09,49.99
TXN006294,C0039,2024-07-09,49.99
TXN008725,C0125,2024-07-09,49.99
TXN013984,C0138,2024-07-09,59.99
TXN010431,C0141,2024-07-09,59.99
TXN008864,C0095,2024-07-09,16.44
TXN004535,C0140,2024-07-09,29.99
TXN018218,C0236,2024-07-09,25.42
TXN010156,C0257,2024-07-09,19.99
TXN015856,C0078,2024-07-09,49.99
TXN013467,C0046,2024-07-09,79.99
TXN017221,C0290,2024-07-09,29.99
TXN014582,C0101,2024-07-09,129.99
TXN000034,C0214,2024-07-09,59.99
TXN003234,C0319,2024-07-09,29.99
TXN013519,C0109,2024-07-09,128.32
TXN016959,C0279,2024-07-09,19.99
TXN013397,C0033,2024-07-09,49.99
TXN010510,C0225,2024-07-09,29.99
TXN009872,C0069,2024-07-09,29.99
TXN010644,C0016,2024-07-09,149.99
TXN008246,C0046,2024-07-09,79.99
TXN009542,C0282,2024-07-09,29.99
TXN008113,C0062,2024-07-09,29.99
TXN016731,C0337,2024-07-09,129.99
TXN016599,C0235,2024-07-09,99.99
TXN000926,C0185,2024-07-09,39.99
TXN012888,C0342,2024-07-09,44.31
TXN016254,C0159,2024-07-09,79.99
TXN011866,C0158,2024-07-09,79.99
TXN009843,C0007,2024-07-09,39.99
TXN016340,C0259,2024-07-09,59.99
TXN008559,C0298,2024-07-09,150.9
TXN005661,C0296,2024-07-09,39.99
TXN011051,C0339,2024-07-09,39.99
TXN010687,C0029,2024-07-10,39.99
TXN004975,C0161,2024-07-10,36.41
TXN005891,C0169,2024-07-10,59.99
TXN014464,C0056,2024-07-10,29.99
TXN006856,C0347,2024-07-10,99.99
TXN006190,C0317,2024-07-10,25.55
TXN013759,C0335,2024-07-10,39.99
TXN002234,C0170,2024-07-10,39.99
TXN003772,C0140,2024-07-10,29.99
TXN006843,C0097,2024-07-10,129.99
TXN001093,C0346,2024-07-10,199.99
TXN011115,C0151,2024-07-10,79.99
TXN005057,C0328,2024-07-10,29.99
TXN000730,C0083,2024-07-10,29.99
TXN015654,C0208,2024-07-10,39.99
TXN012023,C0064,2024-07-10,149.99
TXN016510,C0323,2024-07-10,99.99
TXN016020,C0107,2024-07-10,149.99
TXN001839,C0113,2024-07-10,49.99
TXN018322,C0036,2024-07-10,38.38
TXN001119,C0248,2024-07-10,59.99
TXN000321,C0229,2024-07-10,49.99
TXN012654,C0145,2024-07-10,59.99
TXN016164,C0300,2024-07-10,49.99
TXN006631,C0288,2024-07-10,19.99
TXN004081,C0086,2024-07-10,59.99
TXN012612,C0058,2024-07-10,36.29
TXN000963,C0140,2024-07-10,29.99
TXN012671,C0114,2024-07-10,49.99
TXN017473,C0204,2024-07-10,39.99
TXN000013,C0242,2024-07-10,39.99
TXN000046,C0012,2024-07-10,49.99
TXN017899,C0330,2024-07-10,79.99
TXN005336,C0238,2024-07-10,59.99
TXN000119,C0199,2024-07-10,99.99
TXN017954,C0159,2024-07-11,79.99
TXN007823,C0022,2024-07-11,29.99
TXN009915,C0032,2024-07-11,99.99
TXN003186,C0245,2024-07-11,39.99
TXN017948,C0282,2024-07-11,29.99
TXN007394,C0131,2024-07-11,59.99
TXN017281,C0300,2024-07-11,49.99
TXN009084,C0253,2024-07-11,29.99
TXN005749,C0037,2024-07-11,99.99
TXN013656,C0319,2024-07-11,29.99
TXN006674,C0191,2024-07-11,58.3
TXN012394,C0140,2024-07-11,29.99
TXN003933,C0158,2024-07-11,79.99
TXN013205,C0143,2024-07-11,59.99
TXN016580,C0332,2024-07-11,19.99
TXN000850,C0134,2024-07-11,99.99
TXN007852,C0282,2024-07-11,29.99
TXN018397,C0241,2024-07-11,129.99
TXN000939,C0239,2024-07-11,32.02
TXN009209,C0060,2024-07-11,39.99
TXN011681,C0341,2024-07-11,49.99
TXN004473,C0109,2024-07-11,149.99
TXN007376,C0290,2024-07-11,22.44
TXN016965,C0333,2024-07-11,39.99
TXN000057,C0289,2024-07-11,79.99
TXN007275,C0164,2024-07-11,42.4
TXN004379,C0296,2024-07-11,39.99
TXN007477,C0027,2024-07-11,49.99
TXN012986,C0204,2024-07-11,39.99
TXN013377,C0121,2024-07-11,59.99
TXN011441,C0245,2024-07-11,39.99
TXN007894,C0214,2024-07-11,59.99
TXN009615,C0198,2024-07-11,59.99
TXN015017,C0119,2024-07-11,59.99
TXN016832,C0095,2024-07-11,19.99
TXN002559,C0033,2024-07-12,41.18
TXN010406,C0058,2024-07-12,40.74
TXN014448,C0018,2024-07-12,29.99
TXN013628,C0249,2024-07-12,19.99
TXN014284,C0090,2024-07-12,49.99
TXN000703,C0004,2024-07-12,99.99
TXN010194,C0256,2024-07-12,22.97
TXN001419,C0167,2024-07-12,39.99
TXN014217,C0029,2024-07-12,39.99
TXN003062,C0179,2024-07-12,49.99
TXN009959,C0158,2024-07-12,79.99
TXN017367,C0332,2024-07-12,19.99
TXN016263,C0001,2024-07-12,19.99
TXN008523,C0284,2024-07-12,22.24
TXN011418,C0253,2024-07-12,29.99
TXN014973,C0174,2024-07-12,29.99
TXN007884,C0069,2024-07-12,29.99
TXN011931,C0345,2024-07-12,39.73
TXN012098,C0064,2024-07-12,110.43
TXN015971,C0167,2024-07-12,39.99
TXN006606,C0037,2024-07-12,99.99
TXN004140,C0289,2024-07-12,79.99
TXN004763,C0201,2024-07-12,129.99
TXN003120,C0166,2024-07-12,39.99
TXN008308,C0098,2024-07-12,19.99
TXN018368,C0244,2024-07-12,79.99
TXN011005,C0350,2024-07-12,19.99
TXN004832,C0339,2024-07-12,39.99
TXN012381,C0076,2024-07-12,39.99
TXN001696,C0138,2024-07-12,59.99
TXN006745,C0283,2024-07-12,39.99
TXN014602,C0092,2024-07-12,29.99
TXN010912,C0330,2024-07-12,79.99
TXN014591,C0348,2024-07-12,29.99
TXN004991,C0338,2024-07-12,49.99
TXN013560,C0233,2024-07-12,52.36
TXN007999,C0331,2024-07-12,59.99
TXN001202,C0268,2024-07-12,59.99
TXN000979,C0305,2024-07-13,149.99
TXN000017,C0333,2024-07-13,39.99
TXN014192,C0186,2024-07-13,39.99
TXN018498,C0340,2024-07-13,39.99
TXN017472,C0188,2024-07-13,49.99
TXN005545,C0298,2024-07-13,199.99
TXN005785,C0254,2024-07-13,79.99
TXN007947,C0105,2024-07-13,24.34
TXN002470,C0198,2024-07-13,59.99
TXN006599,C0291,2024-07-13,38.11
TXN001918,C0069,2024-07-13,29.99
TXN003070,C0175,2024-07-13,17.4
TXN016656,C0241,2024-07-13,94.68
TXN014225,C0043,2024-07-13,29.99
TXN001795,C0346,2024-07-13,199.99
TXN017637,C0215,2024-07-13,32.92
TXN011584,C0096,2024-07-13,49.99
TXN002386,C0171,2024-07-13,49.99
TXN011110,C0035,2024-07-13,79.99
TXN006859,C0342,2024-07-13,59.99
TXN017848,C0128,2024-07-13,59.99
TXN013304,C0275,2024-07-13,19.99
TXN011100,C0082,2024-07-13,29.99
TXN013578,C0014,2024-07-13,29.99
TXN016912,C0050,2024-07-13,29.99
TXN016857,C0030,2024-07-13,199.99
TXN016845,C0258,2024-07-13,14.57
TXN013105,C0316,2024-07-13,129.99
TXN010346,C0141,2024-07-13,44.94
TXN017057,C0069,2024-07-13,29.99
TXN017641,C0205,2024-07-13,19.99
TXN011368,C0154,2024-07-13,99.99
TXN009100,C0212,2024-07-13,29.43
TXN010807,C0150,2024-07-14,99.99
TXN017416,C0180,2024-07-14,39.99
TXN000707,C0186,2024-07-14,39.99
TXN017708,C0211,2024-07-14,49.99
TXN005623,C0086,2024-07-14,59.99
TXN003111,C0274,2024-07-14,29.99
TXN002310,C0348,2024-07-14,29.99
TXN009989,C0128,2024-07-14,59.99
TXN004004,C0078,2024-07-14,49.99
TXN005166,C0313,2024-07-14,39.99
TXN004465,C0184,2024-07-14,19.99
TXN010084,C0150,2024-07-14,99.99
TXN005192,C0053,2024-07-14,29.99
TXN004134,C0197,2024-07-14,19.99
TXN016034,C0069,2024-07-14,29.99
TXN001966,C0119,2024-07-14,59.99
TXN016180,C0132,2024-07-14,42.86
TXN002517,C0047,2024-07-14,29.99
TXN004201,C0141,2024-07-14,59.99
TXN014096,C0001,2024-07-14,19.99
TXN018244,C0206,2024-07-14,40.72
TXN004554,C0263,2024-07-14,39.99
TXN013420,C0150,2024-07-14,99.99
TXN017571,C0216,2024-07-14,39.99
TXN007981,C0332,2024-07-14,19.99
TXN002633,C0219,2024-07-14,59.99
TXN006216,C0311,2024-07-14,49.99
TXN015726,C0259,2024-07-14,59.99
TXN014368,C0076,2024-07-14,39.99
TXN009803,C0203,2024-07-14,129.99
TXN000049,C0260,2024-07-14,59.99
TXN015818,C0031,2024-07-14,19.99
TXN005845,C0230,2024-07-14,19.99
TXN000876,C0271,2024-07-14,59.99
TXN017005,C0133,2024-07-14,59.99
TXN015189,C0347,2024-07-14,99.99
TXN014302,C0206,2024-07-14,37.49
TXN015227,C0286,2024-07-14,19.99
TXN009376,C0152,2024-07-14,49.99
TXN000087,C0248,2024-07-14,59.99
TXN006573,C0346,2024-07-14,199.99
TXN005922,C0169,2024-07-14,59.99
TXN007753,C0104,2024-07-14,19.99
TXN017092,C0334,2024-07-14,29.99
TXN008354,C0046,2024-07-14,79.99
TXN002776,C0304,2024-07-14,49.99
TXN001145,C0280,2024-07-14,14.37
TXN005298,C0345,2024-07-15,49.99
TXN008912,C0307,2024-07-15,59.99
TXN000714,C0285,2024-07-15,39.99
TXN013776,C0237,2024-07-15,29.99
TXN009355,C0209,2024-07-15,39.99
TXN000118,C0289,2024-07-15,68.16
TXN003446,C0328,2024-07-15,29.99
TXN009609,C0257,2024-07-15,19.99
TXN007533,C0244,2024-07-15,79.99
TXN010651,C0235,2024-07-15,99.99
TXN002651,C0069,2024-07-15,29.99
TXN006142,C0053,2024-07-15,29.99
TXN007777,C0258,2024-07-15,19.99
TXN009319,C0259,2024-07-15,59.99
TXN013918,C0261,2024-07-15,49.99
TXN009242,C0093,2024-07-15,19.99
TXN017125,C0317,2024-07-15,23.97
TXN001023,C0082,2024-07-15,29.99
TXN002411,C0189,2024-07-15,49.99
TXN002337,C0016,2024-07-15,149.99
TXN017098,C0095,2024-07-15,14.22
TXN006122,C0192,2024-07-15,79.99
TXN015880,C0107,2024-07-15,149.99
TXN016926,C0286,2024-07-15,19.99
TXN017915,C0129,2024-07-15,99.99
TXN010090,C0208,2024-07-15,39.99
TXN016758,C0078,2024-07-15,49.99
TXN015707,C0202,2024-07-15,19.99
TXN009956,C0237,2024-07-15,29.99
TXN011949,C0196,2024-07-15,29.99
TXN012790,C0130,2024-07-15,129.99
TXN005552,C0257,2024-07-15,16.69
TXN001058,C0157,2024-07-15,42.22
TXN010018,C0009,2024-07-15,79.99
TXN001965,C0038,2024-07-15,129.99
TXN007226,C0114,2024-07-15,49.99
TXN012375,C0231,2024-07-15,59.99
TXN016360,C0133,2024-07-15,59.99
TXN001877,C0068,2024-07-15,79.99
TXN015477,C0270,2024-07-15,49.99
TXN012593,C0005,2024-07-15,29.99
TXN015552,C0317,2024-07-15,29.99
TXN006424,C0141,2024-07-15,59.99
TXN002074,C0275,2024-07-15,19.99
TXN006790,C0128,2024-07-15,59.99
TXN008729,C0203,2024-07-15,129.99
TXN005502,C0329,2024-07-15,99.99
TXN004451,C0191,2024-07-15,60.78
TXN004557,C0248,2024-07-15,59.99
TXN002474,C0258,2024-07-15,19.99
TXN004486,C0033,2024-07-15,35.23
TXN011581,C0228,2024-07-15,79.99
TXN011647,C0330,2024-07-15,79.99
TXN007962,C0135,2024-07-15,49.99
TXN011500,C0234,2024-07-15,79.99
TXN015440,C0320,2024-07-16,199.99
TXN011736,C0342,2024-07-16,59.99
TXN009485,C0008,2024-07-16,29.99
TXN014536,C0124,2024-07-16,59.99
TXN005155,C0032,2024-07-16,87.61
TXN010616,C0311,2024-07-16,49.99
TXN016921,C0115,2024-07-16,59.99
TXN001420,C0137,2024-07-16,129.99
TXN003945,C0071,2024-07-16,49.99
TXN013605,C0029,2024-07-16,39.99
TXN005029,C0215,2024-07-16,39.99
TXN002821,C0188,2024-07-16,49.99
TXN012221,C0240,2024-07-16,99.99
TXN015236,C0142,2024-07-16,39.99
TXN004778,C0291,2024-07-16,49.99
TXN006135,C0268,2024-07-16,59.99
TXN001385,C0184,2024-07-16,19.99
TXN009179,C0138,2024-07-16,59.99
TXN002700,C0072,2024-07-16,24.56
TXN014816,C0096,2024-07-16,49.99
TXN009982,C0150,2024-07-16,99.99
TXN017803,C0082,2024-07-16,29.99
TXN014199,C0219,2024-07-16,59.99
TXN017403,C0152,2024-07-16,49.99
TXN014057,C0144,2024-07-16,17.34
TXN002520,C0330,2024-07-16,79.99
TXN005893,C0350,2024-07-16,19.99
TXN001558,C0196,2024-07-16,29.99
TXN009780,C0029,2024-07-16,39.99
TXN001605,C0314,2024-07-16,59.99
TXN005651,C0291,2024-07-16,49.99
TXN007621,C0022,2024-07-16,29.99
TXN005673,C0310,2024-07-16,19.99
TXN005663,C0187,2024-07-16,39.99
TXN014160,C0231,2024-07-16,45.3
TXN005469,C0038,2024-07-16,129.99
TXN009882,C0019,2024-07-16,59.99
TXN012823,C0123,2024-07-17,19.99
TXN009661,C0207,2024-07-17,21.58
TXN009321,C0236,2024-07-17,24.8
TXN014579,C0062,2024-07-17,29.99
TXN000185,C0275,2024-07-17,19.99
TXN011971,C0127,2024-07-17,29.99
TXN003048,C0220,2024-07-17,23.97
TXN013424,C0201,2024-07-17,112.28
TXN017752,C0219,2024-07-17,59.99
TXN010167,C0034,2024-07-17,49.99
TXN016050,C0156,2024-07-17,39.99
TXN007105,C0053,2024-07-17,29.99
TXN015107,C0042,2024-07-17,129.99
TXN012813,C0105,2024-07-17,29.99
TXN013017,C0066,2024-07-17,59.99
TXN013045,C0127,2024-07-17,29.99
TXN008721,C0323,2024-07-17,99.99
TXN010315,C0223,2024-07-17,19.99
TXN001303,C0139,2024-07-17,59.99
TXN002807,C0341,2024-07-17,49.99
TXN017821,C0035,2024-07-17,79.99
TXN013166,C0174,2024-07-17,29.99
TXN007560,C0100,2024-07-17,49.99
TXN018283,C0288,2024-07-17,19.99
TXN006512,C0133,2024-07-17,59.99
TXN009964,C0065,2024-07-17,29.99
TXN013554,C0037,2024-07-17,99.99
TXN013600,C0328,2024-07-17,29.99
TXN008002,C0019,2024-07-17,59.99
TXN002383,C0183,2024-07-17,49.99
TXN013587,C0019,2024-07-17,59.99
TXN003105,C0032,2024-07-17,99.99
TXN005975,C0019,2024-07-17,59.99
TXN001017,C0027,2024-07-18,49.99
TXN002918,C0062,2024-07-18,25.24
TXN012949,C0124,2024-07-18,59.99
TXN014410,C0053,2024-07-18,29.99
TXN011622,C0061,2024-07-18,49.99
TXN010301,C0111,2024-07-18,99.99
TXN018480,C0185,2024-07-18,39.99
TXN006744,C0199,2024-07-18,99.99
TXN015687,C0068,2024-07-18,79.99
TXN014482,C0338,2024-07-18,49.99
TXN011298,C0101,2024-07-18,129.99
TXN016905,C0048,2024-07-18,51.94
TXN018417,C0024,2024-07-18,99.99
TXN003480,C0097,2024-07-18,129.99
TXN006668,C0210,2024-07-18,79.99
TXN015241,C0215,2024-07-18,39.99
TXN008546,C0141,2024-07-18,59.99
TXN008373,C0014,2024-07-18,29.99
TXN001269,C0022,2024-07-18,29.99
TXN006524,C0230,2024-07-18,17.75
TXN008346,C0093,2024-07-18,19.99
TXN011961,C0173,2024-07-18,39.99
TXN013568,C0274,2024-07-18,29.99
TXN006565,C0088,2024-07-18,72.54
TXN010072,C0018,2024-07-18,29.99
TXN006719,C0348,2024-07-19,29.99
TXN000974,C0219,2024-07-19,59.99
TXN003172,C0189,2024-07-19,41.1
TXN003862,C0308,2024-07-19,21.38
TXN011396,C0294,2024-07-19,49.99
TXN006288,C0129,2024-07-19,99.99
TXN008886,C0144,2024-07-19,19.99
TXN017175,C0036,2024-07-19,49.99
TXN000008,C0164,2024-07-19,37.18
TXN008791,C0292,2024-07-19,99.99
TXN005797,C0013,2024-07-19,59.99
TXN018423,C0065,2024-07-19,29.99
TXN015443,C0041,2024-07-19,49.99
TXN016253,C0271,2024-07-19,59.99
TXN003324,C0148,2024-07-19,125.06
TXN008424,C0060,2024-07-19,39.99
TXN012455,C0205,2024-07-19,19.99
TXN006679,C0150,2024-07-19,99.99
TXN014138,C0076,2024-07-19,39.99
TXN000280,C0099,2024-07-19,29.99
TXN014261,C0284,2024-07-19,29.99
TXN016771,C0295,2024-07-19,39.99
TXN001243,C0164,2024-07-19,49.99
TXN018090,C0257,2024-07-19,16.28
TXN001234,C0234,2024-07-19,79.99
TXN014490,C0172,2024-07-19,29.99
TXN013260,C0269,2024-07-19,39.99
TXN003824,C0264,2024-07-19,49.99
TXN013562,C0093,2024-07-19,17.26
TXN013751,C0181,2024-07-19,99.99
TXN011106,C0102,2024-07-19,39.99
TXN009007,C0193,2024-07-19,59.99
TXN013908,C0137,2024-07-19,129.99
TXN013398,C0062,2024-07-19,29.99
TXN014597,C0325,2024-07-19,59.99
TXN011076,C0325,2024-07-19,59.99
TXN013843,C0283,2024-07-19,39.99
TXN002448,C0108,2024-07-19,19.99
TXN015906,C0046,2024-07-19,79.99
TXN010489,C0041,2024-07-19,49.99
TXN010548,C0115,2024-07-19,43.13
TXN017716,C0313,2024-07-19,39.99
TXN002607,C0239,2024-07-19,39.99
TXN010615,C0303,2024-07-19,19.99
TXN012442,C0197,2024-07-20,14.7
TXN002719,C0175,2024-07-20,19.99
TXN011722,C0307,2024-07-20,59.99
TXN001715,C0304,2024-07-20,49.99
TXN006662,C0330,2024-07-20,79.99
TXN003617,C0062,2024-07-20,29.99
TXN012743,C0041,2024-07-20,44.18
TXN012678,C0244,2024-07-20,79.99
TXN003011,C0306,2024-07-20,29.99
TXN010960,C0048,2024-07-20,59.99
TXN005006,C0008,2024-07-20,29.99
TXN017698,C0189,2024-07-20,44.27
TXN001252,C0301,2024-07-20,79.99
TXN001688,C0050,2024-07-20,24.91
TXN008386,C0036,2024-07-20,49.99
TXN007015,C0055,2024-07-20,43.46
TXN008200,C0094,2024-07-20,29.99
TXN005704,C0233,2024-07-20,59.99
TXN001731,C0110,2024-07-20,59.99
TXN016817,C0204,2024-07-20,39.99
TXN004023,C0100,2024-07-20,49.99
TXN000488,C0041,2024-07-20,41.9
TXN010523,C0278,2024-07-20,35.17
TXN001126,C0261,2024-07-20,49.99
TXN017591,C0341,2024-07-20,49.99
TXN010497,C0231,2024-07-20,59.99
TXN009049,C0136,2024-07-20,19.99
TXN008935,C0151,2024-07-20,79.99
TXN014187,C0216,2024-07-21,39.99
TXN000864,C0253,2024-07-21,29.99
TXN010047,C0129,2024-07-21,99.99
TXN008251,C0207,2024-07-21,29.99
TXN018380,C0046,2024-07-21,79.99
TXN016536,C0029,2024-07-21,39.99
TXN005951,C0056,2024-07-21,26.11
TXN000345,C0164,2024-07-21,49.99
TXN004721,C0048,2024-07-21,59.99
TXN011033,C0250,2024-07-21,59.99
TXN016700,C0289,2024-07-21,79.99
TXN006989,C0239,2024-07-21,39.99
TXN017616,C0282,2024-07-21,29.99
TXN012503,C0091,2024-07-21,99.99
TXN017882,C0002,2024-07-21,22.05
TXN008965,C0286,2024-07-21,19.99
TXN015868,C0350,2024-07-21,19.99
TXN008535,C0196,2024-07-21,29.99
TXN015118,C0219,2024-07-21,59.99
TXN018048,C0265,2024-07-21,49.99
TXN004057,C0240,2024-07-21,99.99
TXN003497,C0014,2024-07-21,29.99
TXN007896,C0277,2024-07-21,49.99
TXN006962,C0022,2024-07-21,29.99
TXN014278,C0295,2024-07-21,39.99
TXN010676,C0335,2024-07-21,28.93
TXN003243,C0218,2024-07-22,21.86
TXN008711,C0099,2024-07-22,29.99
TXN002473,C0112,2024-07-22,49.99
TXN014338,C0192,2024-07-22,79.99
TXN011632,C0156,2024-07-22,39.99
TXN012767,C0350,2024-07-22,19.99
TXN011445,C0068,2024-07-22,79.99
TXN007737,C0152,2024-07-22,49.99
TXN008707,C0201,2024-07-22,129.99
TXN001493,C0150,2024-07-22,79.89
TXN017886,C0214,2024-07-22,59.99
TXN015395,C0303,2024-07-22,19.99
TXN010029,C0107,2024-07-22,149.99
TXN012774,C0149,2024-07-22,39.99
TXN015560,C0294,2024-07-22,49.99
TXN017225,C0058,2024-07-22,49.99
TXN014025,C0334,2024-07-22,29.99
TXN002967,C0176,2024-07-22,59.99
TXN015010,C0111,2024-07-22,99.99
TXN004604,C0005,2024-07-22,29.99
TXN011113,C0229,2024-07-22,37.28
TXN006435,C0121,2024-07-22,59.99
TXN013159,C0255,2024-07-22,87.46
TXN017110,C0084,2024-07-22,19.99
TXN005087,C0191,2024-07-22,79.99
TXN014615,C0332,2024-07-22,19.99
TXN011863,C0193,2024-07-22,59.99
TXN004736,C0029,2024-07-22,39.99
TXN005537,C0036,2024-07-22,49.99
TXN010080,C0109,2024-07-22,149.99
TXN016940,C0310,2024-07-22,15.37
TXN014698,C0051,2024-07-22,29.99
TXN011260,C0078,2024-07-22,49.99
TXN013752,C0334,2024-07-22,29.99
TXN001415,C0095,2024-07-22,19.99
TXN016654,C0282,2024-07-23,29.99
TXN001658,C0110,2024-07-23,59.99
TXN001513,C0147,2024-07-23,17.89
TXN005620,C0149,2024-07-23,39.99
TXN012649,C0150,2024-07-23,99.99
TXN012449,C0089,2024-07-23,79.99
TXN003941,C0148,2024-07-23,149.99
TXN002367,C0041,2024-07-23,49.99
TXN014960,C0046,2024-07-23,79.99
TXN003228,C0176,2024-07-23,59.99
TXN005861,C0200,2024-07-23,29.99
TXN017743,C0215,2024-07-23,39.99
TXN004361,C0042,2024-07-23,129.99
TXN005757,C0122,2024-07-23,149.99
TXN000757,C0148,2024-07-23,149.99
TXN016021,C0043,2024-07-23,29.99
TXN002281,C0222,2024-07-23,59.99
TXN012845,C0066,2024-07-23,59.99
TXN007382,C0003,2024-07-23,29.99
TXN011585,C0119,2024-07-23,59.99
TXN015032,C0187,2024-07-23,39.99
TXN010796,C0062,2024-07-23,29.99
TXN017034,C0233,2024-07-23,59.99
TXN004660,C0025,2024-07-23,79.99
TXN009810,C0288,2024-07-23,19.99
TXN000934,C0340,2024-07-23,39.99
TXN005884,C0338,2024-07-23,49.99
TXN003069,C0209,2024-07-23,34.06
TXN016088,C0321,2024-07-23,129.99
TXN015230,C0335,2024-07-23,39.99
TXN006912,C0021,2024-07-23,19.99
TXN006836,C0122,2024-07-24,149.99
TXN000271,C0231,2024-07-24,59.99
TXN009454,C0244,2024-07-24,71.46
TXN010451,C0191,2024-07-24,79.99
TXN016642,C0061,2024-07-24,49.99
TXN006299,C0025,2024-07-24,79.99
TXN005452,C0231,2024-07-24,59.99
TXN006242,C0076,2024-07-24,39.99
TXN004713,C0116,2024-07-24,29.99
TXN013691,C0155,2024-07-24,39.99
TXN014775,C0052,2024-07-24,149.99
TXN016316,C0011,2024-07-24,49.99
TXN011690,C0294,2024-07-24,49.99
TXN006153,C0036,2024-07-24,49.99
TXN016117,C0019,2024-07-24,59.99
TXN004244,C0178,2024-07-24,59.99
TXN013534,C0338,2024-07-24,49.99
TXN012082,C0060,2024-07-24,39.99
TXN017553,C0332,2024-07-24,19.99
TXN008321,C0317,2024-07-24,29.99
TXN012871,C0154,2024-07-24,89.13
TXN004038,C0236,2024-07-24,29.99
TXN015183,C0285,2024-07-24,39.99
TXN017043,C0041,2024-07-24,49.99
TXN014694,C0152,2024-07-24,49.99
TXN014137,C0149,2024-07-24,33.31
TXN017047,C0077,2024-07-24,99.99
TXN004477,C0026,2024-07-24,79.99
TXN009379,C0222,2024-07-24,59.99
TXN015393,C0331,2024-07-24,59.99
TXN005690,C0307,2024-07-24,59.99
TXN011945,C0038,2024-07-24,129.99
TXN000518,C0191,2024-07-24,79.99
TXN001567,C0159,2024-07-24,79.99
TXN003652,C0258,2024-07-24,19.99
TXN001520,C0067,2024-07-24,39.99
TXN000667,C0281,2024-07-24,99.99
TXN013371,C0173,2024-07-25,39.99
TXN002905,C0011,2024-07-25,49.99
TXN013219,C0213,2024-07-25,59.99
TXN016556,C0037,2024-07-25,79.23
TXN004920,C0316,2024-07-25,129.99
TXN011996,C0302,2024-07-25,49.99
TXN018227,C0223,2024-07-25,19.99
TXN016349,C0151,2024-07-25,79.99
TXN005520,C0296,2024-07-25,33.42
TXN008573,C0340,2024-07-25,28.28
TXN001194,C0276,2024-07-25,79.99
TXN002434,C0141,2024-07-25,59.99
TXN015122,C0332,2024-07-25,19.99
TXN014308,C0342,2024-07-25,59.99
TXN014340,C0122,2024-07-25,149.99
TXN011675,C0201,2024-07-25,129.99
TXN014530,C0337,2024-07-25,129.99
TXN009829,C0249,2024-07-25,15.95
TXN005887,C0272,2024-07-25,59.99
TXN001333,C0265,2024-07-25,43.69
TXN006027,C0307,2024-07-25,59.99
TXN013858,C0134,2024-07-25,99.99
TXN000419,C0310,2024-07-26,19.99
TXN013688,C0051,2024-07-26,24.76
TXN001597,C0215,2024-07-26,39.99
TXN013583,C0350,2024-07-26,19.99
TXN013491,C0028,2024-07-26,39.99
TXN000631,C0178,2024-07-26,59.99
TXN005629,C0322,2024-07-26,49.99
TXN018478,C0139,2024-07-26,59.99
TXN017023,C0285,2024-07-26,39.99
TXN000651,C0011,2024-07-26,49.99
TXN015650,C0130,2024-07-26,129.99
TXN000042,C0107,2024-07-26,149.99
TXN010275,C0202,2024-07-26,19.99
TXN004214,C0310,2024-07-26,19.99
TXN015862,C0112,2024-07-26,49.99
TXN014825,C0086,2024-07-26,59.99
TXN007547,C0012,2024-07-26,42.43
TXN009128,C0271,2024-07-26,59.99
TXN005674,C0149,2024-07-26,39.99
TXN005557,C0163,2024-07-26,29.99
TXN005195,C0298,2024-07-26,175.91
TXN000984,C0294,2024-07-26,49.99
TXN004993,C0350,2024-07-26,19.99
TXN015519,C0058,2024-07-26,49.99
TXN012491,C0287,2024-07-26,49.99
TXN004528,C0317,2024-07-26,29.99
TXN000988,C0325,2024-07-26,59.99
TXN004598,C0161,2024-07-26,49.99
TXN012980,C0337,2024-07-26,95.55
TXN012539,C0196,2024-07-26,29.99
TXN012050,C0052,2024-07-26,149.99
TXN012461,C0081,2024-07-26,59.99
TXN015744,C0187,2024-07-27,39.99
TXN010187,C0331,2024-07-27,59.99
TXN006863,C0122,2024-07-27,149.99
TXN000641,C0350,2024-07-27,17.84
TXN007540,C0330,2024-07-27,79.99
TXN003870,C0148,2024-07-27,149.99
TXN005463,C0034,2024-07-27,49.99
TXN004339,C0289,2024-07-27,79.99
TXN010142,C0277,2024-07-27,49.99
TXN003927,C0047,2024-07-27,29.99
TXN006922,C0121,2024-07-27,59.99
TXN003875,C0238,2024-07-27,59.99
TXN003684,C0239,2024-07-27,39.99
TXN008260,C0259,2024-07-27,59.99
TXN000021,C0176,2024-07-27,59.99
TXN007845,C0322,2024-07-27,49.99
TXN003237,C0164,2024-07-27,49.99
TXN003750,C0187,2024-07-27,39.99
TXN002723,C0223,2024-07-27,19.99
TXN013030,C0108,2024-07-27,17.42
TXN002797,C0290,2024-07-27,29.99
TXN003905,C0067,2024-07-27,39.99
TXN004371,C0238,2024-07-27,48.2
TXN002745,C0234,2024-07-27,79.99
TXN015828,C0318,2024-07-27,39.99
TXN011697,C0317,2024-07-27,29.99
TXN014887,C0165,2024-07-27,19.99
TXN015105,C0019,2024-07-27,59.99
TXN012797,C0329,2024-07-27,99.99
TXN016781,C0258,2024-07-27,19.99
TXN004667,C0273,2024-07-27,199.99
TXN013335,C0289,2024-07-27,79.99
TXN012787,C0218,2024-07-27,29.99
TXN014575,C0062,2024-07-27,29.99
TXN004183,C0153,2024-07-27,79.99
TXN013251,C0059,2024-07-27,49.99
TXN004521,C0285,2024-07-27,39.99
TXN002125,C0258,2024-07-27,19.99
TXN005054,C0256,2024-07-27,29.99
TXN001963,C0073,2024-07-27,19.99
TXN013269,C0204,2024-07-27,39.99
TXN011752,C0304,2024-07-27,49.99
TXN004806,C0049,2024-07-28,129.99
TXN007726,C0241,2024-07-28,129.99
TXN017197,C0175,2024-07-28,19.99
TXN007404,C0071,2024-07-28,49.99
TXN006083,C0340,2024-07-28,39.99
TXN001153,C0347,2024-07-28,99.99
TXN016468,C0275,2024-07-28,19.99
TXN018329,C0175,2024-07-28,19.99
TXN016481,C0231,2024-07-28,59.99
TXN003193,C0184,2024-07-28,19.99
TXN009492,C0129,2024-07-28,83.8
TXN010093,C0269,2024-07-28,39.99
TXN002662,C0078,2024-07-28,49.99
TXN014727,C0105,2024-07-28,29.99
TXN001798,C0219,2024-07-28,59.99
TXN012590,C0161,2024-07-28,49.99
TXN003378,C0100,2024-07-28,49.99
TXN002042,C0036,2024-07-28,49.99
TXN013468,C0093,2024-07-28,19.99
TXN002996,C0254,2024-07-28,79.99
TXN013546,C0104,2024-07-28,19.99
TXN013579,C0094,2024-07-28,29.99
TXN008407,C0264,2024-07-28,49.99
TXN016825,C0130,2024-07-28,129.99
TXN003853,C0243,2024-07-28,29.99
TXN002859,C0140,2024-07-28,29.99
TXN018131,C0145,2024-07-28,59.99
TXN013225,C0097,2024-07-28,129.99
TXN013862,C0251,2024-07-28,49.99
TXN009320,C0263,2024-07-28,39.99
TXN007583,C0315,2024-07-28,79.99
TXN011165,C0008,2024-07-28,24.88
TXN001954,C0015,2024-07-28,199.99
TXN014178,C0213,2024-07-28,49.18
TXN008724,C0294,2024-07-28,49.99
TXN004310,C0005,2024-07-28,29.99
TXN004107,C0229,2024-07-28,49.99
TXN002824,C0228,2024-07-28,79.99
TXN015620,C0125,2024-07-28,49.99
TXN004548,C0008,2024-07-28,29.99
TXN014003,C0265,2024-07-28,49.99
TXN006879,C0216,2024-07-28,39.99
TXN015239,C0051,2024-07-28,29.99
TXN001561,C0235,2024-07-28,70.37
TXN001077,C0027,2024-07-28,49.99
TXN006903,C0159,2024-07-28,79.99
TXN017052,C0332,2024-07-28,19.99
TXN014828,C0200,2024-07-29,29.99
TXN005301,C0297,2024-07-29,59.99
TXN002017,C0080,2024-07-29,47.21
TXN014474,C0341,2024-07-29,49.99
TXN011875,C0345,2024-07-29,49.99
TXN001697,C0237,2024-07-29,26.49
TXN012149,C0008,2024-07-29,29.99
TXN006714,C0066,2024-07-29,59.99
TXN016499,C0144,2024-07-29,17.87
TXN002350,C0005,2024-07-29,29.99
TXN014183,C0315,2024-07-29,59.64
TXN001853,C0151,2024-07-29,79.99
TXN010365,C0027,2024-07-29,49.99
TXN003633,C0062,2024-07-29,29.99
TXN010303,C0290,2024-07-29,29.99
TXN012601,C0175,2024-07-29,19.99
TXN012622,C0203,2024-07-29,129.99
TXN012624,C0131,2024-07-29,59.99
TXN004230,C0128,2024-07-29,59.99
TXN004212,C0016,2024-07-29,149.99
TXN014241,C0209,2024-07-29,39.99
TXN017143,C0036,2024-07-29,49.99
TXN010539,C0310,2024-07-29,19.99
TXN008496,C0317,2024-07-29,29.99
TXN015576,C0336,2024-07-29,19.99
TXN015053,C0141,2024-07-29,42.84
TXN008114,C0136,2024-07-29,19.99
TXN003691,C0350,2024-07-29,19.99
TXN017639,C0312,2024-07-29,79.99
TXN003921,C0096,2024-07-29,49.99
TXN015127,C0212,2024-07-29,30.66
TXN006998,C0094,2024-07-30,29.99
TXN015252,C0095,2024-07-30,19.99
TXN004036,C0298,2024-07-30,199.99
TXN009784,C0233,2024-07-30,48.14
TXN013140,C0044,2024-07-30,59.99
TXN009038,C0127,2024-07-30,22.23
TXN016441,C0288,2024-07-30,19.99
TXN011588,C0008,2024-07-30,29.99
TXN000197,C0268,2024-07-30,59.99
TXN009886,C0196,2024-07-30,29.99
TXN003311,C0034,2024-07-30,40.04
TXN011270,C0046,2024-07-30,79.99
TXN003407,C0207,2024-07-30,29.99
TXN008811,C0088,2024-07-30,99.99
TXN018419,C0338,2024-07-30,49.99
TXN010729,C0114,2024-07-30,49.99
TXN008751,C0152,2024-07-30,49.99
TXN010448,C0088,2024-07-30,99.99
TXN006967,C0350,2024-07-30,16.14
TXN003353,C0109,2024-07-30,149.99
TXN010403,C0152,2024-07-30,49.99
TXN010370,C0244,2024-07-30,79.99
TXN003743,C0242,2024-07-30,39.99
TXN005594,C0041,2024-07-30,49.99
TXN003980,C0221,2024-07-30,49.99
TXN008881,C0298,2024-07-30,199.99
TXN015116,C0302,2024-07-30,49.99
TXN014074,C0151,2024-07-30,79.99
TXN003668,C0220,2024-07-30,29.99
TXN013867,C0036,2024-07-30,49.99
TXN010584,C0324,2024-07-30,37.79
TXN003365,C0228,2024-07-30,79.99
TXN001661,C0208,2024-07-30,39.99
TXN000582,C0026,2024-07-30,79.99
TXN018091,C0127,2024-07-30,29.99
TXN011954,C0045,2024-07-30,59.99
TXN001309,C0037,2024-07-30,99.99
TXN009488,C0299,2024-07-30,59.99
TXN002962,C0001,2024-07-31,19.99
TXN008712,C0060,2024-07-31,39.99
TXN005874,C0056,2024-07-31,29.99
TXN012462,C0091,2024-07-31,99.99
TXN011780,C0240,2024-07-31,99.99
TXN011882,C0299,2024-07-31,59.99
TXN012488,C0308,2024-07-31,24.52
TXN016623,C0058,2024-07-31,49.99
TXN000306,C0271,2024-07-31,59.99
TXN010832,C0112,2024-07-31,49.99
TXN014240,C0134,2024-07-31,99.99
TXN008318,C0238,2024-07-31,59.99
TXN013155,C0326,2024-07-31,19.99
TXN013954,C0333,2024-07-31,39.99
TXN010160,C0171,2024-07-31,49.99
TXN003893,C0074,2024-07-31,29.99
TXN015702,C0211,2024-07-31,49.99
TXN007602,C0317,2024-07-31,29.99
TXN011264,C0326,2024-07-31,19.99
TXN016106,C0212,2024-07-31,39.99
TXN007776,C0121,2024-07-31,59.99
TXN003341,C0150,2024-07-31,99.99
TXN005142,C0285,2024-07-31,39.99
TXN017796,C0323,2024-07-31,99.99
TXN003622,C0237,2024-07-31,29.99
TXN009035,C0116,2024-07-31,29.99
TXN008533,C0210,2024-07-31,79.99
TXN016338,C0308,2024-07-31,25.96
TXN006628,C0041,2024-07-31,49.99
TXN000100,C0306,2024-07-31,29.99
TXN014689,C0081,2024-07-31,59.99
TXN002750,C0087,2024-07-31,49.99
TXN015277,C0019,2024-07-31,59.99
TXN004186,C0146,2024-07-31,199.99
TXN007073,C0025,2024-08-01,64.0
TXN004956,C0234,2024-08-01,79.99
TXN006930,C0193,2024-08-01,59.99
TXN000576,C0342,2024-08-01,59.99
TXN004255,C0314,2024-08-01,59.99
TXN018071,C0223,2024-08-01,19.99
TXN013380,C0012,2024-08-01,49.99
TXN015768,C0095,2024-08-01,19.99
TXN011608,C0285,2024-08-01,39.99
TXN013655,C0005,2024-08-01,29.99
TXN009550,C0095,2024-08-01,19.99
TXN004425,C0171,2024-08-01,49.99
TXN016330,C0028,2024-08-01,39.99
TXN015950,C0011,2024-08-01,49.99
TXN002506,C0192,2024-08-01,79.99
TXN003627,C0332,2024-08-01,19.99
TXN013132,C0235,2024-08-01,99.99
TXN000501,C0156,2024-08-01,39.99
TXN003615,C0118,2024-08-01,39.99
TXN007048,C0077,2024-08-01,89.44
TXN006780,C0065,2024-08-01,29.99
TXN003577,C0040,2024-08-01,39.99
TXN010686,C0155,2024-08-02,39.99
TXN013387,C0143,2024-08-02,59.99
TXN012453,C0239,2024-08-02,39.99
TXN004275,C0282,2024-08-02,29.99
TXN017797,C0223,2024-08-02,19.99
TXN012512,C0048,2024-08-02,59.99
TXN012508,C0313,2024-08-02,39.99
TXN002992,C0308,2024-08-02,29.99
TXN009113,C0177,2024-08-02,50.57
TXN013012,C0238,2024-08-02,59.99
TXN014186,C0180,2024-08-02,39.99
TXN009164,C0101,2024-08-02,129.99
TXN005875,C0042,2024-08-02,129.99
TXN008370,C0202,2024-08-02,19.99
TXN004387,C0215,2024-08-02,39.99
TXN017667,C0175,2024-08-02,19.99
TXN011806,C0289,2024-08-02,79.99
TXN010005,C0069,2024-08-02,29.99
TXN013150,C0163,2024-08-02,29.99
TXN002743,C0263,2024-08-02,39.99
TXN017417,C0325,2024-08-02,59.99
TXN002065,C0282,2024-08-02,29.99
TXN008243,C0236,2024-08-02,29.99
TXN000054,C0189,2024-08-02,49.99
TXN013344,C0259,2024-08-02,59.99
TXN015518,C0051,2024-08-02,29.99
TXN007507,C0266,2024-08-02,199.99
TXN007506,C0328,2024-08-02,29.99
TXN004177,C0032,2024-08-02,99.99
TXN002628,C0196,2024-08-02,29.99
TXN000026,C0158,2024-08-02,79.99
TXN008673,C0280,2024-08-02,19.99
TXN009624,C0228,2024-08-02,79.99
TXN011016,C0306,2024-08-02,29.99
TXN018360,C0282,2024-08-02,29.99
TXN002979,C0173,2024-08-02,39.99
TXN008087,C0233,2024-08-02,59.99
TXN001861,C0309,2024-08-02,49.99
TXN011407,C0189,2024-08-03,49.99
TXN004018,C0038,2024-08-03,129.99
TXN015359,C0060,2024-08-03,39.99
TXN002070,C0024,2024-08-03,89.81
TXN007875,C0340,2024-08-03,39.99
TXN016886,C0062,2024-08-03,29.99
TXN008446,C0104,2024-08-03,19.99
TXN004483,C0282,2024-08-03,29.99
TXN012028,C0114,2024-08-03,49.99
TXN016684,C0115,2024-08-03,59.99
TXN010803,C0154,2024-08-03,99.99
TXN010838,C0095,2024-08-03,19.99
TXN001695,C0287,2024-08-03,49.99
TXN012240,C0093,2024-08-03,19.99
TXN000302,C0333,2024-08-03,39.99
TXN011127,C0053,2024-08-03,29.99
TXN008688,C0221,2024-08-03,49.99
TXN005622,C0082,2024-08-03,29.99
TXN002853,C0116,2024-08-03,29.99
TXN006797,C0061,2024-08-03,42.85
TXN001189,C0016,2024-08-03,149.99
TXN004124,C0061,2024-08-03,49.99
TXN000310,C0201,2024-08-03,129.99
TXN008066,C0142,2024-08-03,39.99
TXN008831,C0111,2024-08-03,99.99
TXN003481,C0350,2024-08-03,19.99
TXN010513,C0324,2024-08-03,49.99
TXN007762,C0149,2024-08-03,39.99
TXN018354,C0006,2024-08-03,149.99
TXN015003,C0071,2024-08-03,38.99
TXN001847,C0347,2024-08-03,99.99
TXN010554,C0287,2024-08-03,49.99
TXN010172,C0254,2024-08-03,79.99
TXN002702,C0122,2024-08-03,149.99
TXN004198,C0109,2024-08-03,149.99
TXN012560,C0098,2024-08-03,19.99
TXN007136,C0081,2024-08-04,59.99
TXN001492,C0076,2024-08-04,39.99
TXN011872,C0176,2024-08-04,59.99
TXN012809,C0221,2024-08-04,49.99
TXN003701,C0202,2024-08-04,19.99
TXN003354,C0173,2024-08-04,32.29
TXN010924,C0131,2024-08-04,59.99
TXN010316,C0001,2024-08-04,19.99
TXN007431,C0078,2024-08-04,49.99
TXN012295,C0014,2024-08-04,29.99
TXN016603,C0130,2024-08-04,129.99
TXN018051,C0245,2024-08-04,39.99
TXN000018,C0184,2024-08-04,19.99
TXN010827,C0022,2024-08-04,29.99
TXN017568,C0269,2024-08-04,39.99
TXN007931,C0151,2024-08-04,79.99
TXN004764,C0026,2024-08-04,70.23
TXN001359,C0294,2024-08-04,49.99
TXN004189,C0187,2024-08-04,39.99
TXN008483,C0125,2024-08-04,49.99
TXN008290,C0101,2024-08-04,129.99
TXN002394,C0247,2024-08-04,49.99
TXN011950,C0029,2024-08-04,34.31
TXN004262,C0304,2024-08-04,49.99
TXN000009,C0014,2024-08-04,29.99
TXN009939,C0064,2024-08-04,149.99
TXN011333,C0212,2024-08-04,39.99
TXN010792,C0044,2024-08-04,59.99
TXN003430,C0293,2024-08-04,59.99
TXN017925,C0142,2024-08-04,39.99
TXN005607,C0119,2024-08-04,59.99
TXN000561,C0279,2024-08-04,19.99
TXN000644,C0238,2024-08-05,59.99
TXN009112,C0109,2024-08-05,126.51
TXN005010,C0047,2024-08-05,29.99
TXN013107,C0236,2024-08-05,29.99
TXN005765,C0189,2024-08-05,49.99
TXN002930,C0045,2024-08-05,59.99
TXN012097,C0124,2024-08-05,59.99
TXN013666,C0341,2024-08-05,49.99
TXN008211,C0202,2024-08-05,19.99
TXN016096,C0273,2024-08-05,199.99
TXN002152,C0326,2024-08-05,19.99
TXN017682,C0315,2024-08-05,79.99
TXN002540,C0127,2024-08-05,29.99
TXN013740,C0095,2024-08-05,19.99
TXN002903,C0005,2024-08-05,29.99
TXN012958,C0220,2024-08-05,29.99
TXN003332,C0022,2024-08-05,29.99
TXN014071,C0169,2024-08-05,59.99
TXN015638,C0286,2024-08-05,19.99
TXN007815,C0164,2024-08-05,49.99
TXN007984,C0214,2024-08-05,59.99
TXN014307,C0340,2024-08-05,39.99
TXN010795,C0067,2024-08-05,39.99
TXN004562,C0002,2024-08-05,29.99
TXN001934,C0269,2024-08-05,39.99
TXN017190,C0014,2024-08-05,29.99
TXN000833,C0347,2024-08-05,99.99
TXN005461,C0223,2024-08-05,19.99
TXN004428,C0173,2024-08-05,39.99
TXN018306,C0144,2024-08-05,19.99
TXN002911,C0121,2024-08-05,59.99
TXN002958,C0188,2024-08-06,49.99
TXN007861,C0107,2024-08-06,149.99
TXN009763,C0127,2024-08-06,29.99
TXN003882,C0097,2024-08-06,129.99
TXN005767,C0038,2024-08-06,129.99
TXN012174,C0007,2024-08-06,39.99
TXN005917,C0292,2024-08-06,99.99
TXN002810,C0026,2024-08-06,79.99
TXN009907,C0056,2024-08-06,29.99
TXN013730,C0193,2024-08-06,59.99
TXN005202,C0149,2024-08-06,39.99
TXN013773,C0338,2024-08-06,49.99
TXN001865,C0125,2024-08-06,49.99
TXN001668,C0158,2024-08-06,79.99
TXN012907,C0295,2024-08-06,39.99
TXN005639,C0338,2024-08-06,49.99
TXN000051,C0327,2024-08-06,79.99
TXN001319,C0035,2024-08-06,79.99
TXN016925,C0315,2024-08-06,79.99
TXN010041,C0091,2024-08-06,99.99
TXN012258,C0099,2024-08-06,29.99
TXN003848,C0122,2024-08-06,149.99
TXN002023,C0248,2024-08-06,59.99
TXN014062,C0324,2024-08-06,49.99
TXN010864,C0241,2024-08-06,129.99
TXN015883,C0157,2024-08-06,59.99
TXN016390,C0255,2024-08-06,99.99
TXN017978,C0076,2024-08-06,39.99
TXN015522,C0031,2024-08-07,19.99
TXN016666,C0147,2024-08-07,19.99
TXN002588,C0182,2024-08-07,49.99
TXN017939,C0200,2024-08-07,29.99
TXN000463,C0194,2024-08-07,149.99
TXN013701,C0150,2024-08-07,99.99
TXN007952,C0230,2024-08-07,19.99
TXN001390,C0083,2024-08-07,29.99
TXN008410,C0294,2024-08-07,49.99
TXN013114,C0321,2024-08-07,129.99
TXN000902,C0166,2024-08-07,39.99
TXN008764,C0107,2024-08-07,149.99
TXN005822,C0317,2024-08-07,29.99
TXN013806,C0328,2024-08-07,29.99
TXN004008,C0233,2024-08-07,59.99
TXN007022,C0181,2024-08-07,99.99
TXN010508,C0256,2024-08-07,29.99
TXN010773,C0330,2024-08-07,79.99
TXN001009,C0243,2024-08-07,29.99
TXN015761,C0049,2024-08-07,129.99
TXN002792,C0258,2024-08-07,19.99
TXN006918,C0017,2024-08-07,50.09
TXN015669,C0015,2024-08-07,199.99
TXN012976,C0246,2024-08-07,99.99
TXN001725,C0152,2024-08-07,40.1
TXN000871,C0216,2024-08-07,39.99
TXN016607,C0320,2024-08-07,199.99
TXN002477,C0346,2024-08-07,199.99
TXN014773,C0189,2024-08-07,49.99
TXN000476,C0225,2024-08-07,29.99
TXN002878,C0332,2024-08-07,19.99
TXN008339,C0023,2024-08-07,49.99
TXN008962,C0132,2024-08-07,49.99
TXN007303,C0171,2024-08-07,49.99
TXN005643,C0243,2024-08-07,29.99
TXN011213,C0172,2024-08-07,29.99
TXN007258,C0056,2024-08-07,29.99
TXN005937,C0127,2024-08-07,29.99
TXN001235,C0067,2024-08-07,39.99
TXN013388,C0047,2024-08-08,29.99
TXN000916,C0166,2024-08-08,39.99
TXN017638,C0241,2024-08-08,129.99
TXN007528,C0294,2024-08-08,49.99
TXN015312,C0121,2024-08-08,59.99
TXN004674,C0235,2024-08-08,72.17
TXN013618,C0103,2024-08-08,49.99
TXN014176,C0171,2024-08-08,49.99
TXN008300,C0040,2024-08-08,39.99
TXN016574,C0276,2024-08-08,79.99
TXN015202,C0272,2024-08-08,42.11
TXN000846,C0327,2024-08-08,79.99
TXN015208,C0137,2024-08-08,108.93
TXN010946,C0248,2024-08-08,46.47
TXN008702,C0222,2024-08-08,59.99
TXN002828,C0007,2024-08-08,39.99
TXN016604,C0249,2024-08-08,19.99
TXN013995,C0210,2024-08-08,79.99
TXN009041,C0175,2024-08-08,15.21
TXN012547,C0022,2024-08-08,29.99
TXN006839,C0273,2024-08-08,199.99
TXN012272,C0036,2024-08-08,49.99
TXN000686,C0294,2024-08-08,49.99
TXN015323,C0175,2024-08-08,15.84
TXN007421,C0062,2024-08-08,29.99
TXN013847,C0181,2024-08-08,99.99
TXN014314,C0130,2024-08-08,129.99
TXN014379,C0274,2024-08-08,29.99
TXN002142,C0230,2024-08-08,19.99
TXN007285,C0122,2024-08-08,149.99
TXN007229,C0318,2024-08-08,39.99
TXN018425,C0026,2024-08-08,79.99
TXN002910,C0283,2024-08-09,39.99
TXN012912,C0077,2024-08-09,99.99
TXN016647,C0196,2024-08-09,29.99
TXN008239,C0294,2024-08-09,49.99
TXN016538,C0053,2024-08-09,29.99
TXN012421,C0100,2024-08-09,37.35
TXN008310,C0285,2024-08-09,39.99
TXN012918,C0318,2024-08-09,39.99
TXN008020,C0295,2024-08-09,28.62
TXN002849,C0196,2024-08-09,29.99
TXN002365,C0147,2024-08-09,19.99
TXN014288,C0052,2024-08-09,149.99
TXN018472,C0345,2024-08-09,49.99
TXN007146,C0161,2024-08-09,49.99
TXN010868,C0315,2024-08-09,79.99
TXN002258,C0037,2024-08-09,99.99
TXN016032,C0340,2024-08-09,39.99
TXN014347,C0186,2024-08-09,39.99
TXN000788,C0158,2024-08-09,79.99
TXN005189,C0065,2024-08-09,29.99
TXN004098,C0065,2024-08-09,29.99
TXN001123,C0314,2024-08-09,59.99
TXN003010,C0060,2024-08-09,39.99
TXN002397,C0201,2024-08-09,129.99
TXN009106,C0131,2024-08-09,59.99
TXN011638,C0258,2024-08-09,19.99
TXN006545,C0164,2024-08-09,49.99
TXN009324,C0300,2024-08-09,49.99
TXN000069,C0225,2024-08-10,29.99
TXN003385,C0067,2024-08-10,39.99
TXN004363,C0103,2024-08-10,49.99
TXN008480,C0125,2024-08-10,49.99
TXN017331,C0221,2024-08-10,49.99
TXN017699,C0199,2024-08-10,99.99
TXN002256,C0171,2024-08-10,49.99
TXN017564,C0183,2024-08-10,49.99
TXN012350,C0104,2024-08-10,19.99
TXN016351,C0093,2024-08-10,17.05
TXN009648,C0085,2024-08-10,79.99
TXN016493,C0122,2024-08-10,149.99
TXN005455,C0340,2024-08-10,39.99
TXN015982,C0317,2024-08-10,29.99
TXN007024,C0105,2024-08-10,29.99
TXN013179,C0206,2024-08-10,49.99
TXN003200,C0236,2024-08-10,29.99
TXN001921,C0323,2024-08-10,99.99
TXN004629,C0115,2024-08-10,59.99
TXN017164,C0228,2024-08-10,63.37
TXN003961,C0279,2024-08-10,19.99
TXN013154,C0099,2024-08-10,29.99
TXN006949,C0230,2024-08-10,19.99
TXN000214,C0035,2024-08-10,79.99
TXN013910,C0273,2024-08-10,199.99
TXN011557,C0193,2024-08-10,59.99
TXN017987,C0323,2024-08-10,99.99
TXN000951,C0112,2024-08-10,35.8
TXN009696,C0089,2024-08-10,79.99
TXN008589,C0161,2024-08-10,40.02
TXN015823,C0015,2024-08-10,199.99
TXN012181,C0230,2024-08-10,19.99
TXN000006,C0214,2024-08-10,59.99
TXN002571,C0208,2024-08-10,39.99
TXN005926,C0265,2024-08-10,49.99
TXN018179,C0028,2024-08-10,39.99
TXN006753,C0228,2024-08-10,79.99
TXN015248,C0156,2024-08-10,39.99
TXN009435,C0189,2024-08-10,49.99
TXN014191,C0162,2024-08-10,79.99
TXN000371,C0184,2024-08-10,19.99
TXN013933,C0138,2024-08-10,47.46
TXN015892,C0121,2024-08-11,59.99
TXN014709,C0286,2024-08-11,19.99
TXN001790,C0037,2024-08-11,99.99
TXN001366,C0272,2024-08-11,59.99
TXN015551,C0105,2024-08-11,29.99
TXN005968,C0150,2024-08-11,99.99
TXN007758,C0224,2024-08-11,49.99
TXN005295,C0205,2024-08-11,19.99
TXN014513,C0305,2024-08-11,110.79
TXN007237,C0321,2024-08-11,129.99
TXN005451,C0169,2024-08-11,59.99
TXN009688,C0076,2024-08-11,30.18
TXN002523,C0303,2024-08-11,19.99
TXN001709,C0315,2024-08-11,79.99
TXN010835,C0241,2024-08-11,129.99
TXN016533,C0140,2024-08-11,22.6
TXN013911,C0322,2024-08-11,49.99
TXN018174,C0021,2024-08-11,16.33
TXN016616,C0166,2024-08-11,39.99
TXN007890,C0234,2024-08-11,79.99
TXN012276,C0325,2024-08-11,59.99
TXN005589,C0128,2024-08-11,59.99
TXN010886,C0303,2024-08-11,19.99
TXN017961,C0303,2024-08-11,19.99
TXN010873,C0089,2024-08-11,79.99
TXN012224,C0053,2024-08-11,29.99
TXN000434,C0196,2024-08-11,29.99
TXN001569,C0040,2024-08-11,39.99
TXN003513,C0099,2024-08-11,29.99
TXN017206,C0046,2024-08-11,79.99
TXN002373,C0074,2024-08-11,29.99
TXN011446,C0018,2024-08-11,29.99
TXN000145,C0121,2024-08-11,44.85
TXN005041,C0312,2024-08-11,79.99
TXN013293,C0247,2024-08-11,49.99
TXN012846,C0192,2024-08-12,63.26
TXN000894,C0153,2024-08-12,79.99
TXN015016,C0179,2024-08-12,49.99
TXN012132,C0064,2024-08-12,149.99
TXN001736,C0197,2024-08-12,19.99
TXN001427,C0142,2024-08-12,39.99
TXN002148,C0029,2024-08-12,39.99
TXN016831,C0304,2024-08-12,49.99
TXN004695,C0306,2024-08-12,29.99
TXN009171,C0274,2024-08-12,29.99
TXN004519,C0310,2024-08-12,19.99
TXN009268,C0285,2024-08-12,30.27
TXN004908,C0095,2024-08-12,14.28
TXN013164,C0311,2024-08-12,49.99
TXN002035,C0062,2024-08-12,29.99
TXN012530,C0016,2024-08-12,149.99
TXN008861,C0274,2024-08-12,29.99
TXN011223,C0306,2024-08-12,29.99
TXN010257,C0012,2024-08-12,49.99
TXN017104,C0071,2024-08-12,49.99
TXN008077,C0111,2024-08-12,99.99
TXN011008,C0181,2024-08-12,99.99
TXN010044,C0134,2024-08-12,99.99
TXN014349,C0144,2024-08-12,19.99
TXN012242,C0286,2024-08-12,16.01
TXN007202,C0140,2024-08-12,29.99
TXN013637,C0058,2024-08-12,40.7
TXN016171,C0186,2024-08-13,39.99
TXN005514,C0219,2024-08-13,59.99
TXN013362,C0062,2024-08-13,29.99
TXN015271,C0203,2024-08-13,129.99
TXN001133,C0100,2024-08-13,49.99
TXN005392,C0311,2024-08-13,36.54
TXN014166,C0008,2024-08-13,29.99
TXN001270,C0318,2024-08-13,35.79
TXN014758,C0201,2024-08-13,129.99
TXN016313,C0290,2024-08-13,29.99
TXN009509,C0143,2024-08-13,59.99
TXN003250,C0026,2024-08-13,79.99
TXN016688,C0295,2024-08-13,39.99
TXN011834,C0152,2024-08-13,36.44
TXN011698,C0119,2024-08-13,59.99
TXN004409,C0171,2024-08-13,49.99
TXN006684,C0063,2024-08-13,39.99
TXN016980,C0285,2024-08-13,39.99
TXN004608,C0285,2024-08-13,39.99
TXN012360,C0174,2024-08-13,29.99
TXN007063,C0259,2024-08-13,59.99
TXN004480,C0049,2024-08-13,129.99
TXN004260,C0007,2024-08-13,39.99
TXN009748,C0176,2024-08-13,59.99
TXN010360,C0050,2024-08-13,29.99
TXN009343,C0340,2024-08-13,39.99
TXN003965,C0092,2024-08-13,29.99
TXN002931,C0095,2024-08-13,19.99
TXN008366,C0338,2024-08-13,49.99
TXN007869,C0323,2024-08-13,83.83
TXN002580,C0145,2024-08-13,59.99
TXN017651,C0277,2024-08-13,49.99
TXN009052,C0329,2024-08-13,99.99
TXN009065,C0041,2024-08-13,49.99
TXN012063,C0255,2024-08-13,99.99
TXN017618,C0169,2024-08-14,43.44
TXN005346,C0172,2024-08-14,29.99
TXN013410,C0242,2024-08-14,39.99
TXN018330,C0038,2024-08-14,129.99
TXN013488,C0332,2024-08-14,19.99
TXN003362,C0208,2024-08-14,39.99
TXN006583,C0326,2024-08-14,19.99
TXN009884,C0319,2024-08-14,29.99
TXN013681,C0053,2024-08-14,29.99
TXN001621,C0041,2024-08-14,49.99
TXN004053,C0261,2024-08-14,49.99
TXN011472,C0323,2024-08-14,77.84
TXN007317,C0019,2024-08-14,59.99
TXN011253,C0036,2024-08-14,49.99
TXN003596,C0258,2024-08-14,19.99
TXN006848,C0214,2024-08-14,59.99
TXN016043,C0085,2024-08-14,79.99
TXN005428,C0173,2024-08-14,28.94
TXN015023,C0138,2024-08-14,59.99
TXN005536,C0348,2024-08-14,29.99
TXN017156,C0104,2024-08-14,19.99
TXN017310,C0211,2024-08-14,44.54
TXN007125,C0080,2024-08-14,59.99
TXN000043,C0086,2024-08-14,59.99
TXN015931,C0244,2024-08-14,67.82
TXN017742,C0191,2024-08-14,79.99
TXN006045,C0162,2024-08-14,79.99
TXN006376,C0003,2024-08-14,29.99
TXN016547,C0101,2024-08-14,129.99
TXN013298,C0317,2024-08-14,29.99
TXN013236,C0330,2024-08-14,79.99
TXN012625,C0027,2024-08-14,44.82
TXN013252,C0328,2024-08-14,29.99
TXN003531,C0074,2024-08-14,24.85
TXN001416,C0112,2024-08-15,49.99
TXN008585,C0193,2024-08-15,59.99
TXN001942,C0032,2024-08-15,80.56
TXN004504,C0027,2024-08-15,49.99
TXN005586,C0321,2024-08-15,129.99
TXN003263,C0085,2024-08-15,79.99
TXN002802,C0233,2024-08-15,45.3
TXN007808,C0015,2024-08-15,199.99
TXN004566,C0228,2024-08-15,79.99
TXN003568,C0099,2024-08-15,29.99
TXN003574,C0016,2024-08-15,111.06
TXN002138,C0116,2024-08-15,29.99
TXN008893,C0014,2024-08-15,22.1
TXN000202,C0261,2024-08-15,49.99
TXN005160,C0048,2024-08-15,46.38
TXN009059,C0121,2024-08-15,59.99
TXN009928,C0137,2024-08-15,129.99
TXN012194,C0108,2024-08-15,19.99
TXN003650,C0162,2024-08-15,57.45
TXN014144,C0168,2024-08-15,39.99
TXN008036,C0191,2024-08-15,79.99
TXN013440,C0222,2024-08-15,48.6
TXN001236,C0105,2024-08-15,29.99
TXN004460,C0137,2024-08-15,129.99
TXN014390,C0040,2024-08-15,39.99
TXN018252,C0001,2024-08-15,19.99
TXN012125,C0328,2024-08-15,29.99
TXN016671,C0097,2024-08-15,129.99
TXN014504,C0022,2024-08-15,22.99
TXN005855,C0122,2024-08-15,149.99
TXN012185,C0039,2024-08-16,49.99
TXN014946,C0139,2024-08-16,59.99
TXN018450,C0119,2024-08-16,44.29
TXN005598,C0052,2024-08-16,149.99
TXN006128,C0003,2024-08-16,29.99
TXN004123,C0127,2024-08-16,29.99
TXN016999,C0252,2024-08-16,49.99
TXN015178,C0048,2024-08-16,59.99
TXN009943,C0041,2024-08-16,49.99
TXN015083,C0132,2024-08-16,49.99
TXN013869,C0108,2024-08-16,19.99
TXN016904,C0051,2024-08-16,29.99
TXN000597,C0032,2024-08-16,99.99
TXN016237,C0192,2024-08-16,79.99
TXN010294,C0259,2024-08-16,59.99
TXN002553,C0327,2024-08-16,66.92
TXN007172,C0285,2024-08-16,39.99
TXN005500,C0244,2024-08-16,79.99
TXN001500,C0090,2024-08-16,49.99
TXN016776,C0010,2024-08-16,59.99
TXN013400,C0182,2024-08-16,49.99
TXN002593,C0025,2024-08-16,79.99
TXN014141,C0064,2024-08-16,149.99
TXN013926,C0170,2024-08-16,39.99
TXN007465,C0344,2024-08-16,129.99
TXN017546,C0025,2024-08-16,79.99
TXN007500,C0214,2024-08-16,59.99
TXN009039,C0038,2024-08-17,129.99
TXN005389,C0204,2024-08-17,39.99
TXN012504,C0314,2024-08-17,59.99
TXN009208,C0149,2024-08-17,39.99
TXN010243,C0144,2024-08-17,19.99
TXN012478,C0312,2024-08-17,79.99
TXN010585,C0202,2024-08-17,19.99
TXN009167,C0248,2024-08-17,59.99
TXN014493,C0178,2024-08-17,59.99
TXN016977,C0139,2024-08-17,59.99
TXN002498,C0137,2024-08-17,129.99
TXN014331,C0027,2024-08-17,49.99
TXN005576,C0313,2024-08-17,39.99
TXN001746,C0024,2024-08-17,99.99
TXN009083,C0202,2024-08-17,19.99
TXN014328,C0214,2024-08-17,47.75
TXN000830,C0344,2024-08-17,129.99
TXN017123,C0263,2024-08-17,39.99
TXN009659,C0080,2024-08-17,59.99
TXN014132,C0103,2024-08-17,49.99
TXN007413,C0205,2024-08-17,19.99
TXN018228,C0317,2024-08-17,21.27
TXN001122,C0318,2024-08-17,39.99
TXN008641,C0009,2024-08-17,79.99
TXN008600,C0028,2024-08-17,39.99
TXN003470,C0284,2024-08-17,29.99
TXN015169,C0162,2024-08-17,79.99
TXN015531,C0065,2024-08-17,29.99
TXN016209,C0041,2024-08-17,36.86
TXN008698,C0125,2024-08-17,49.99
TXN018446,C0036,2024-08-17,49.99
TXN011884,C0275,2024-08-17,19.99
TXN015626,C0299,2024-08-17,59.99
TXN011319,C0289,2024-08-17,79.99
TXN016742,C0197,2024-08-17,19.99
TXN017317,C0245,2024-08-18,39.99
TXN013358,C0288,2024-08-18,19.99
TXN000914,C0050,2024-08-18,29.99
TXN006766,C0079,2024-08-18,29.99
TXN001720,C0237,2024-08-18,29.99
TXN017180,C0145,2024-08-18,59.99
TXN005320,C0302,2024-08-18,49.99
TXN017220,C0123,2024-08-18,19.99
TXN001407,C0319,2024-08-18,29.99
TXN013511,C0024,2024-08-18,87.44
TXN003792,C0348,2024-08-18,29.99
TXN014376,C0026,2024-08-18,79.99
TXN000945,C0338,2024-08-18,49.99
TXN003964,C0261,2024-08-18,49.99
TXN005471,C0350,2024-08-18,19.99
TXN018495,C0340,2024-08-18,39.99
TXN008459,C0037,2024-08-18,99.99
TXN015910,C0078,2024-08-18,49.99
TXN018027,C0282,2024-08-18,29.99
TXN017981,C0312,2024-08-18,79.99
TXN003951,C0261,2024-08-18,49.99
TXN010180,C0029,2024-08-18,39.99
TXN007395,C0201,2024-08-18,105.89
TXN009856,C0003,2024-08-18,29.99
TXN015020,C0152,2024-08-18,49.99
TXN003784,C0315,2024-08-18,79.99
TXN013982,C0124,2024-08-18,59.99
TXN012237,C0126,2024-08-18,99.99
TXN008871,C0211,2024-08-18,49.99
TXN007740,C0231,2024-08-18,44.29
TXN005570,C0097,2024-08-18,114.17
TXN003745,C0245,2024-08-18,39.99
TXN002223,C0020,2024-08-18,19.99
TXN007872,C0102,2024-08-18,39.99
TXN010793,C0013,2024-08-18,59.99
TXN000539,C0344,2024-08-18,129.99
TXN004501,C0301,2024-08-18,66.97
TXN004435,C0304,2024-08-18,43.53
TXN005721,C0120,2024-08-19,26.79
TXN006419,C0003,2024-08-19,29.99
TXN002133,C0188,2024-08-19,41.13
TXN013981,C0056,2024-08-19,29.99
TXN000102,C0104,2024-08-19,19.99
TXN013340,C0338,2024-08-19,49.99
TXN010066,C0202,2024-08-19,19.99
TXN013961,C0192,2024-08-19,79.99
TXN011345,C0167,2024-08-19,39.99
TXN003283,C0045,2024-08-19,59.99
TXN013360,C0210,2024-08-19,79.99
TXN007316,C0154,2024-08-19,99.99
TXN018248,C0112,2024-08-19,43.25
TXN000336,C0248,2024-08-19,59.99
TXN018272,C0115,2024-08-19,59.99
TXN007347,C0104,2024-08-19,19.99
TXN004576,C0007,2024-08-19,39.99
TXN012207,C0028,2024-08-19,39.99
TXN012299,C0183,2024-08-19,49.99
TXN011747,C0316,2024-08-19,129.99
TXN000489,C0043,2024-08-19,29.99
TXN009465,C0288,2024-08-19,19.99
TXN017903,C0124,2024-08-19,59.99
TXN007611,C0207,2024-08-19,24.08
TXN010522,C0111,2024-08-19,99.99
TXN017209,C0002,2024-08-19,29.99
TXN004728,C0313,2024-08-19,28.12
TXN009719,C0325,2024-08-19,59.99
TXN002820,C0251,2024-08-19,49.99
TXN001632,C0298,2024-08-19,199.99
TXN018416,C0308,2024-08-19,23.82
TXN013720,C0042,2024-08-19,108.49
TXN001755,C0052,2024-08-19,149.99
TXN004625,C0269,2024-08-20,39.99
TXN008830,C0294,2024-08-20,49.99
TXN008151,C0321,2024-08-20,129.99
TXN003754,C0129,2024-08-20,99.99
TXN002566,C0021,2024-08-20,19.99
TXN005172,C0200,2024-08-20,29.99
TXN000721,C0027,2024-08-20,49.99
TXN012118,C0310,2024-08-20,19.99
TXN010975,C0072,2024-08-20,29.99
TXN006244,C0182,2024-08-20,49.99
TXN011222,C0174,2024-08-20,24.91
TXN006636,C0042,2024-08-20,129.99
TXN011044,C0303,2024-08-20,19.99
TXN010997,C0115,2024-08-20,59.99
TXN013447,C0209,2024-08-20,39.99
TXN001084,C0053,2024-08-20,29.99
TXN011843,C0241,2024-08-20,129.99
TXN006499,C0285,2024-08-20,39.99
TXN006909,C0202,2024-08-20,14.39
TXN010862,C0294,2024-08-20,49.99
TXN005766,C0116,2024-08-20,29.99
TXN010843,C0047,2024-08-20,29.99
TXN014174,C0318,2024-08-20,39.99
TXN006318,C0162,2024-08-20,79.99
TXN006700,C0192,2024-08-20,79.99
TXN017264,C0259,2024-08-20,59.99
TXN003850,C0201,2024-08-20,129.99
TXN015908,C0109,2024-08-20,149.99
TXN010108,C0056,2024-08-20,29.99
TXN002852,C0169,2024-08-21,59.99
TXN002819,C0126,2024-08-21,99.99
TXN000856,C0152,2024-08-21,49.99
TXN010154,C0230,2024-08-21,19.99
TXN012215,C0242,2024-08-21,39.99
TXN001566,C0011,2024-08-21,49.99
TXN016660,C0050,2024-08-21,29.99
TXN011550,C0205,2024-08-21,19.99
TXN012695,C0260,2024-08-21,59.99
TXN013167,C0067,2024-08-21,39.99
TXN012737,C0081,2024-08-21,59.99
TXN004101,C0235,2024-08-21,99.99
TXN016132,C0100,2024-08-21,49.99
TXN008996,C0140,2024-08-21,22.49
TXN007799,C0335,2024-08-21,39.99
TXN007127,C0252,2024-08-21,49.99
TXN012893,C0191,2024-08-21,79.99
TXN016242,C0026,2024-08-21,79.99
TXN009826,C0314,2024-08-21,59.99
TXN013083,C0058,2024-08-21,49.99
TXN009660,C0207,2024-08-21,24.82
TXN015975,C0062,2024-08-21,29.99
TXN014211,C0267,2024-08-21,29.99
TXN000615,C0002,2024-08-21,29.99
TXN016613,C0235,2024-08-21,99.99
TXN001351,C0264,2024-08-21,49.99
TXN012018,C0346,2024-08-21,199.99
TXN011478,C0263,2024-08-21,39.99
TXN001032,C0134,2024-08-21,99.99
TXN011743,C0014,2024-08-21,29.99
TXN012603,C0134,2024-08-21,74.69
TXN000578,C0065,2024-08-21,29.99
TXN007615,C0124,2024-08-21,59.99
TXN016335,C0020,2024-08-21,19.99
TXN006651,C0231,2024-08-22,42.35
TXN006646,C0086,2024-08-22,42.35
TXN011727,C0252,2024-08-22,49.99
TXN011775,C0332,2024-08-22,19.99
TXN018488,C0094,2024-08-22,23.27
TXN008580,C0176,2024-08-22,50.8
TXN011564,C0175,2024-08-22,19.99
TXN008420,C0231,2024-08-22,59.99
TXN011746,C0311,2024-08-22,49.99
TXN016772,C0261,2024-08-22,36.81
TXN008916,C0007,2024-08-22,39.99
TXN003207,C0154,2024-08-22,99.99
TXN010351,C0135,2024-08-22,49.99
TXN017187,C0218,2024-08-22,22.53
TXN014653,C0041,2024-08-22,49.99
TXN014707,C0143,2024-08-22,59.99
TXN000753,C0282,2024-08-22,29.99
TXN010761,C0091,2024-08-22,99.99
TXN018422,C0134,2024-08-22,99.99
TXN004876,C0125,2024-08-22,49.99
TXN015989,C0333,2024-08-22,39.99
TXN014028,C0335,2024-08-22,39.99
TXN009142,C0031,2024-08-22,19.99
TXN008394,C0165,2024-08-22,19.99
TXN003592,C0020,2024-08-22,16.11
TXN006713,C0018,2024-08-22,29.99
TXN000688,C0192,2024-08-22,79.99
TXN017585,C0281,2024-08-22,78.93
TXN005899,C0233,2024-08-22,46.27
TXN015435,C0254,2024-08-23,79.99
TXN013039,C0231,2024-08-23,59.99
TXN008277,C0027,2024-08-23,49.99
TXN001829,C0310,2024-08-23,16.89
TXN012170,C0306,2024-08-23,29.99
TXN005023,C0328,2024-08-23,29.99
TXN012046,C0022,2024-08-23,29.99
TXN014449,C0026,2024-08-23,79.99
TXN013552,C0014,2024-08-23,29.99
TXN010152,C0309,2024-08-23,49.99
TXN005467,C0014,2024-08-23,29.99
TXN012428,C0064,2024-08-23,149.99
TXN006212,C0142,2024-08-23,39.99
TXN010641,C0284,2024-08-23,29.99
TXN009663,C0283,2024-08-23,39.99
TXN009456,C0061,2024-08-23,49.99
TXN014070,C0341,2024-08-23,49.99
TXN007661,C0006,2024-08-23,149.99
TXN002214,C0247,2024-08-23,49.99
TXN011146,C0348,2024-08-23,29.99
TXN002773,C0267,2024-08-23,29.99
TXN006627,C0309,2024-08-23,49.99
TXN015215,C0092,2024-08-23,29.99
TXN013610,C0230,2024-08-23,19.99
TXN008490,C0056,2024-08-23,29.99
TXN006751,C0089,2024-08-23,79.99
TXN012972,C0317,2024-08-23,29.99
TXN017655,C0319,2024-08-23,25.78
TXN016060,C0288,2024-08-23,19.99
TXN004044,C0072,2024-08-23,29.99
TXN012931,C0280,2024-08-24,19.99
TXN017941,C0129,2024-08-24,99.99
TXN014293,C0171,2024-08-24,41.54
TXN001488,C0100,2024-08-24,44.44
TXN007052,C0077,2024-08-24,99.99
TXN016924,C0318,2024-08-24,39.99
TXN015958,C0318,2024-08-24,39.99
TXN012419,C0030,2024-08-24,199.99
TXN003440,C0062,2024-08-24,29.99
TXN004789,C0092,2024-08-24,29.99
TXN005021,C0337,2024-08-24,129.99
TXN011201,C0026,2024-08-24,79.99
TXN009548,C0095,2024-08-24,19.99
TXN008376,C0188,2024-08-24,49.99
TXN012805,C0335,2024-08-24,39.99
TXN015897,C0217,2024-08-24,29.99
TXN009303,C0185,2024-08-24,34.34
TXN007616,C0256,2024-08-24,29.99
TXN004493,C0183,2024-08-24,49.99
TXN000991,C0231,2024-08-24,59.99
TXN010387,C0124,2024-08-24,59.99
TXN006416,C0322,2024-08-24,49.99
TXN011392,C0184,2024-08-24,19.99
TXN005205,C0115,2024-08-24,59.99
TXN010324,C0342,2024-08-24,59.99
TXN018110,C0165,2024-08-24,19.99
TXN012741,C0061,2024-08-24,49.99
TXN014738,C0337,2024-08-24,113.01
TXN010146,C0262,2024-08-24,29.99
TXN008939,C0224,2024-08-24,49.99
TXN004989,C0103,2024-08-24,49.99
TXN015420,C0322,2024-08-24,37.53
TXN008932,C0161,2024-08-24,49.99
TXN010800,C0064,2024-08-24,149.99
TXN010852,C0259,2024-08-24,59.99
TXN006792,C0095,2024-08-24,19.99
TXN001732,C0176,2024-08-25,59.99
TXN006857,C0166,2024-08-25,39.99
TXN013823,C0046,2024-08-25,67.71
TXN018118,C0272,2024-08-25,59.99
TXN006060,C0191,2024-08-25,79.99
TXN006850,C0280,2024-08-25,19.99
TXN014272,C0282,2024-08-25,29.99
TXN009111,C0204,2024-08-25,39.99
TXN011696,C0242,2024-08-25,39.99
TXN014190,C0244,2024-08-25,79.99
TXN016618,C0323,2024-08-25,89.36
TXN015026,C0002,2024-08-25,29.99
TXN013842,C0158,2024-08-25,79.99
TXN002648,C0300,2024-08-25,49.99
TXN008514,C0271,2024-08-25,59.99
TXN011933,C0231,2024-08-25,59.99
TXN010308,C0067,2024-08-25,39.99
TXN004807,C0011,2024-08-25,49.99
TXN017778,C0053,2024-08-25,29.99
TXN002341,C0171,2024-08-25,49.99
TXN005222,C0256,2024-08-25,29.99
TXN010624,C0092,2024-08-25,29.99
TXN005460,C0037,2024-08-25,99.99
TXN006621,C0285,2024-08-25,39.99
TXN013404,C0309,2024-08-25,49.99
TXN009481,C0117,2024-08-25,19.99
TXN014785,C0034,2024-08-25,49.99
TXN008602,C0079,2024-08-25,29.99
TXN001968,C0157,2024-08-26,59.99
TXN005493,C0272,2024-08-26,53.09
TXN006500,C0191,2024-08-26,79.99
TXN005418,C0176,2024-08-26,59.99
TXN002191,C0228,2024-08-26,79.99
TXN016267,C0258,2024-08-26,14.66
TXN009924,C0338,2024-08-26,49.99
TXN016015,C0349,2024-08-26,129.99
TXN008632,C0022,2024-08-26,25.11
TXN001578,C0160,2024-08-26,79.99
TXN007483,C0203,2024-08-26,106.69
TXN000870,C0094,2024-08-26,26.3
TXN016156,C0174,2024-08-26,29.99
TXN012634,C0349,2024-08-26,129.99
TXN001104,C0016,2024-08-26,149.99
TXN009503,C0089,2024-08-26,57.67
TXN002872,C0283,2024-08-26,39.99
TXN004899,C0052,2024-08-26,149.99
TXN011811,C0263,2024-08-26,39.99
TXN011998,C0288,2024-08-26,19.99
TXN000136,C0143,2024-08-26,59.99
TXN001540,C0145,2024-08-26,59.99
TXN001553,C0038,2024-08-26,129.99
TXN001143,C0200,2024-08-26,29.99
TXN017458,C0144,2024-08-26,19.99
TXN006786,C0310,2024-08-26,19.99
TXN004687,C0289,2024-08-26,79.99
TXN000064,C0349,2024-08-27,129.99
TXN010536,C0287,2024-08-27,49.99
TXN015018,C0350,2024-08-27,19.99
TXN003786,C0118,2024-08-27,39.99
TXN004161,C0124,2024-08-27,59.99
TXN001891,C0171,2024-08-27,49.99
TXN008252,C0131,2024-08-27,59.99
TXN014195,C0295,2024-08-27,39.99
TXN014691,C0258,2024-08-27,19.99
TXN018479,C0212,2024-08-27,34.16
TXN018098,C0319,2024-08-27,29.99
TXN003346,C0020,2024-08-27,19.99
TXN016385,C0240,2024-08-27,99.99
TXN010999,C0073,2024-08-27,19.99
TXN006676,C0012,2024-08-27,49.99
TXN013859,C0279,2024-08-27,19.99
TXN003902,C0022,2024-08-27,25.88
TXN011964,C0121,2024-08-27,59.99
TXN009785,C0075,2024-08-27,49.99
TXN008117,C0241,2024-08-27,129.99
TXN003929,C0201,2024-08-27,129.99
TXN000857,C0196,2024-08-27,29.99
TXN015114,C0084,2024-08-27,19.99
TXN011842,C0312,2024-08-27,79.99
TXN016775,C0232,2024-08-27,149.99
TXN016416,C0127,2024-08-27,24.78
TXN015295,C0292,2024-08-27,99.99
TXN003398,C0048,2024-08-27,59.99
TXN000343,C0111,2024-08-27,99.99
TXN006006,C0019,2024-08-27,59.99
TXN000450,C0149,2024-08-27,39.99
TXN014001,C0188,2024-08-27,49.99
TXN004567,C0163,2024-08-27,29.99
TXN007883,C0191,2024-08-27,79.99
TXN015540,C0128,2024-08-27,52.0
TXN014415,C0272,2024-08-27,59.99
TXN016960,C0294,2024-08-27,49.99
TXN018384,C0237,2024-08-27,29.99
TXN017126,C0201,2024-08-27,129.99
TXN000874,C0302,2024-08-27,43.23
TXN003492,C0045,2024-08-27,59.99
TXN008842,C0169,2024-08-27,59.99
TXN012468,C0233,2024-08-27,59.99
TXN015355,C0236,2024-08-27,29.99
TXN013215,C0211,2024-08-27,49.99
TXN011278,C0229,2024-08-28,49.99
TXN001969,C0223,2024-08-28,19.99
TXN014549,C0238,2024-08-28,59.99
TXN016328,C0169,2024-08-28,44.45
TXN016257,C0207,2024-08-28,29.99
TXN009098,C0038,2024-08-28,129.99
TXN012228,C0222,2024-08-28,59.99
TXN004209,C0217,2024-08-28,29.99
TXN014127,C0188,2024-08-28,49.99
TXN014034,C0169,2024-08-28,59.99
TXN007123,C0236,2024-08-28,29.99
TXN001042,C0277,2024-08-28,49.99
TXN015461,C0022,2024-08-28,29.99
TXN015385,C0168,2024-08-28,39.99
TXN002646,C0101,2024-08-28,129.99
TXN011981,C0349,2024-08-28,129.99
TXN006007,C0319,2024-08-28,26.25
TXN007544,C0250,2024-08-28,59.99
TXN002895,C0098,2024-08-28,19.99
TXN004523,C0303,2024-08-28,19.99
TXN014986,C0150,2024-08-28,99.99
TXN004830,C0234,2024-08-28,79.99
TXN015441,C0336,2024-08-28,19.99
TXN002549,C0186,2024-08-28,39.99
TXN010629,C0269,2024-08-28,29.32
TXN014660,C0115,2024-08-28,59.99
TXN016261,C0267,2024-08-28,24.01
TXN014855,C0222,2024-08-29,59.99
TXN013357,C0045,2024-08-29,59.99
TXN014462,C0058,2024-08-29,49.99
TXN018184,C0150,2024-08-29,99.99
TXN000908,C0290,2024-08-29,29.99
TXN005604,C0044,2024-08-29,59.99
TXN007826,C0205,2024-08-29,19.99
TXN016444,C0235,2024-08-29,99.99
TXN013737,C0200,2024-08-29,29.99
TXN012354,C0291,2024-08-29,49.99
TXN005161,C0144,2024-08-29,19.99
TXN003799,C0019,2024-08-29,59.99
TXN018385,C0147,2024-08-29,17.59
TXN011839,C0315,2024-08-29,79.99
TXN017548,C0282,2024-08-29,29.99
TXN002282,C0028,2024-08-29,39.99
TXN007223,C0099,2024-08-29,29.99
TXN014105,C0335,2024-08-29,28.89
TXN003998,C0249,2024-08-29,19.99
TXN010200,C0306,2024-08-29,24.39
TXN003325,C0241,2024-08-29,129.99
TXN002245,C0100,2024-08-29,49.99
TXN001241,C0322,2024-08-29,49.99
TXN014658,C0282,2024-08-29,23.84
TXN006232,C0149,2024-08-29,39.99
TXN016375,C0024,2024-08-29,99.99
TXN014230,C0021,2024-08-29,19.99
TXN018089,C0064,2024-08-29,149.99
TXN014296,C0158,2024-08-29,79.99
TXN012051,C0320,2024-08-29,199.99
TXN005563,C0022,2024-08-29,29.99
TXN010861,C0233,2024-08-29,59.99
TXN017696,C0231,2024-08-29,59.99
TXN007493,C0342,2024-08-29,59.99
TXN013629,C0158,2024-08-29,61.35
TXN016782,C0117,2024-08-29,16.25
TXN004790,C0345,2024-08-30,49.99
TXN015462,C0175,2024-08-30,19.99
TXN017232,C0096,2024-08-30,49.99
TXN014378,C0028,2024-08-30,39.99
TXN018021,C0279,2024-08-30,19.99
TXN011288,C0048,2024-08-30,59.99
TXN009969,C0132,2024-08-30,37.87
TXN013023,C0193,2024-08-30,59.99
TXN009218,C0287,2024-08-30,49.99
TXN003594,C0210,2024-08-30,79.99
TXN007117,C0052,2024-08-30,149.99
TXN008133,C0202,2024-08-30,16.92
TXN008722,C0243,2024-08-30,29.99
TXN008110,C0234,2024-08-30,79.99
TXN014876,C0076,2024-08-30,39.99
TXN003379,C0161,2024-08-30,49.99
TXN002064,C0062,2024-08-30,29.99
TXN016033,C0152,2024-08-30,49.99
TXN009683,C0245,2024-08-30,39.99
TXN013272,C0333,2024-08-30,39.99
TXN003730,C0324,2024-08-30,49.99
TXN005927,C0060,2024-08-30,39.99
TXN015131,C0288,2024-08-30,15.43
TXN001304,C0127,2024-08-30,29.99
TXN009786,C0134,2024-08-30,99.99
TXN014226,C0084,2024-08-30,19.99
TXN010602,C0182,2024-08-30,49.99
TXN017906,C0003,2024-08-30,29.99
TXN001478,C0285,2024-08-30,39.99
TXN012112,C0045,2024-08-30,59.99
TXN007946,C0026,2024-08-30,71.89
TXN005918,C0201,2024-08-30,110.97
TXN014781,C0176,2024-08-30,59.99
TXN016270,C0024,2024-08-30,99.99
TXN011168,C0195,2024-08-31,19.99
TXN004710,C0233,2024-08-31,59.99
TXN003249,C0168,2024-08-31,39.99
TXN006412,C0058,2024-08-31,49.99
TXN004490,C0148,2024-08-31,149.99
TXN011409,C0069,2024-08-31,29.99
TXN014451,C0273,2024-08-31,199.99
TXN008183,C0140,2024-08-31,29.99
TXN007058,C0130,2024-08-31,129.99
TXN004381,C0183,2024-08-31,49.99
TXN001127,C0184,2024-08-31,14.41
TXN000710,C0265,2024-08-31,49.99
TXN011560,C0056,2024-08-31,29.99
TXN009189,C0020,2024-08-31,19.99
TXN002336,C0271,2024-08-31,59.99
TXN012730,C0202,2024-08-31,19.99
TXN007636,C0145,2024-08-31,59.99
TXN008838,C0101,2024-08-31,129.99
TXN009437,C0143,2024-08-31,59.99
TXN008661,C0318,2024-08-31,32.15
TXN002487,C0139,2024-08-31,59.99
TXN008594,C0092,2024-08-31,29.99
TXN008795,C0196,2024-08-31,29.99
TXN000517,C0251,2024-08-31,49.99
TXN011469,C0121,2024-08-31,46.69
TXN016973,C0125,2024-08-31,37.89
TXN000719,C0093,2024-08-31,19.99
TXN006080,C0285,2024-08-31,39.99
TXN000104,C0096,2024-08-31,49.99
TXN015257,C0045,2024-08-31,59.99
TXN000683,C0147,2024-09-01,19.99
TXN010136,C0138,2024-09-01,59.99
TXN006178,C0177,2024-09-01,59.99
TXN010990,C0195,2024-09-01,16.21
TXN007159,C0285,2024-09-01,39.99
TXN008947,C0240,2024-09-01,99.99
TXN016633,C0145,2024-09-01,43.41
TXN003321,C0003,2024-09-01,29.99
TXN003856,C0027,2024-09-01,49.99
TXN014009,C0298,2024-09-01,199.99
TXN001887,C0306,2024-09-01,29.99
TXN006181,C0210,2024-09-01,79.99
TXN005457,C0114,2024-09-01,49.99
TXN012411,C0005,2024-09-01,21.97
TXN012796,C0296,2024-09-01,39.99
TXN017558,C0038,2024-09-01,129.99
TXN009315,C0342,2024-09-01,59.99
TXN013888,C0111,2024-09-01,76.06
TXN007425,C0348,2024-09-01,29.99
TXN006983,C0282,2024-09-01,29.99
TXN016045,C0284,2024-09-01,29.99
TXN007338,C0152,2024-09-01,49.99
TXN000777,C0147,2024-09-01,19.99
TXN018430,C0245,2024-09-01,39.99
TXN008122,C0310,2024-09-01,19.99
TXN011188,C0196,2024-09-01,29.99
TXN014939,C0023,2024-09-01,49.99
TXN016371,C0007,2024-09-01,39.99
TXN014938,C0178,2024-09-01,59.99
TXN011919,C0325,2024-09-01,59.99
TXN006832,C0031,2024-09-01,19.99
TXN008022,C0191,2024-09-01,79.99
TXN016380,C0201,2024-09-01,129.99
TXN016962,C0167,2024-09-02,39.99
TXN001922,C0277,2024-09-02,49.99
TXN016494,C0303,2024-09-02,19.99
TXN001250,C0048,2024-09-02,59.99
TXN001255,C0194,2024-09-02,113.64
TXN008328,C0068,2024-09-02,79.99
TXN012890,C0076,2024-09-02,39.99
TXN005551,C0098,2024-09-02,19.99
TXN016718,C0268,2024-09-02,59.99
TXN005560,C0004,2024-09-02,99.99
TXN006934,C0062,2024-09-02,23.52
TXN005306,C0107,2024-09-02,149.99
TXN005305,C0304,2024-09-02,49.99
TXN001092,C0158,2024-09-02,79.99
TXN004463,C0305,2024-09-02,149.99
TXN005569,C0277,2024-09-02,49.99
TXN007488,C0159,2024-09-02,79.99
TXN003821,C0192,2024-09-02,79.99
TXN015181,C0005,2024-09-02,29.99
TXN016173,C0184,2024-09-02,19.99
TXN002056,C0114,2024-09-02,49.99
TXN001623,C0039,2024-09-02,49.99
TXN014911,C0032,2024-09-02,99.99
TXN000048,C0078,2024-09-02,49.99
TXN013324,C0196,2024-09-02,29.99
TXN005364,C0043,2024-09-02,29.99
TXN010412,C0108,2024-09-02,19.99
TXN008388,C0103,2024-09-02,49.99
TXN007818,C0348,2024-09-02,29.99
TXN007072,C0026,2024-09-02,79.99
TXN011656,C0185,2024-09-02,39.99
TXN003554,C0106,2024-09-02,168.77
TXN000217,C0321,2024-09-02,129.99
TXN017358,C0139,2024-09-02,59.99
TXN005083,C0037,2024-09-02,99.99
TXN005688,C0251,2024-09-02,49.99
TXN006508,C0057,2024-09-02,75.18
TXN011259,C0150,2024-09-02,99.99
TXN001651,C0050,2024-09-03,29.99
TXN016990,C0342,2024-09-03,59.99
TXN004798,C0264,2024-09-03,49.99
TXN012454,C0211,2024-09-03,49.99
TXN011205,C0317,2024-09-03,29.99
TXN007320,C0231,2024-09-03,59.99
TXN016474,C0039,2024-09-03,49.99
TXN018453,C0138,2024-09-03,59.99
TXN007596,C0217,2024-09-03,29.99
TXN000139,C0279,2024-09-03,19.99
TXN004817,C0189,2024-09-03,49.99
TXN002620,C0136,2024-09-03,19.99
TXN012685,C0231,2024-09-03,59.99
TXN006872,C0247,2024-09-03,49.99
TXN017022,C0235,2024-09-03,99.99
TXN002025,C0264,2024-09-03,38.04
TXN008100,C0195,2024-09-03,19.99
TXN003210,C0074,2024-09-03,29.99
TXN007031,C0026,2024-09-03,79.99
TXN006979,C0214,2024-09-03,59.99
TXN003958,C0036,2024-09-03,39.69
TXN008575,C0094,2024-09-03,21.6
TXN015031,C0228,2024-09-03,79.99
TXN003472,C0228,2024-09-03,79.99
TXN007007,C0113,2024-09-03,49.99
TXN010903,C0210,2024-09-03,79.99
TXN011618,C0091,2024-09-03,99.99
TXN000614,C0330,2024-09-03,79.99
TXN000607,C0091,2024-09-03,70.05
TXN010259,C0260,2024-09-03,47.18
TXN016800,C0075,2024-09-03,49.99
TXN014840,C0274,2024-09-04,29.99
TXN007189,C0134,2024-09-04,99.99
TXN005073,C0104,2024-09-04,19.99
TXN007700,C0144,2024-09-04,19.99
TXN013396,C0283,2024-09-04,39.99
TXN005352,C0025,2024-09-04,67.92
TXN001169,C0085,2024-09-04,79.99
TXN003586,C0190,2024-09-04,59.99
TXN000062,C0348,2024-09-04,29.99
TXN013349,C0253,2024-09-04,23.22
TXN007373,C0350,2024-09-04,19.99
TXN005112,C0224,2024-09-04,49.99
TXN009201,C0334,2024-09-04,29.99
TXN000655,C0321,2024-09-04,129.99
TXN004898,C0259,2024-09-04,59.99
TXN001929,C0163,2024-09-04,29.99
TXN000206,C0168,2024-09-04,39.99
TXN007654,C0348,2024-09-04,29.99
TXN004658,C0029,2024-09-04,39.99
TXN001325,C0316,2024-09-04,129.99
TXN000898,C0265,2024-09-04,49.99
TXN018224,C0260,2024-09-04,59.99
TXN017896,C0279,2024-09-04,19.99
TXN009792,C0107,2024-09-04,149.99
TXN006925,C0256,2024-09-04,29.99
TXN016103,C0188,2024-09-04,49.99
TXN006361,C0191,2024-09-04,79.99
TXN001213,C0020,2024-09-04,19.99
TXN007195,C0307,2024-09-04,59.99
TXN000461,C0078,2024-09-04,49.99
TXN009510,C0011,2024-09-04,49.99
TXN001045,C0156,2024-09-04,30.4
TXN005311,C0266,2024-09-04,199.99
TXN006037,C0237,2024-09-04,29.99
TXN012954,C0282,2024-09-04,29.99
TXN003494,C0299,2024-09-04,59.99
TXN000124,C0108,2024-09-04,19.99
TXN017744,C0031,2024-09-04,19.99
TXN015810,C0245,2024-09-04,39.99
TXN014572,C0311,2024-09-04,43.32
TXN010048,C0347,2024-09-04,99.99
TXN008291,C0178,2024-09-04,59.99
TXN006436,C0008,2024-09-05,29.99
TXN001216,C0075,2024-09-05,49.99
TXN011740,C0096,2024-09-05,49.99
TXN005625,C0082,2024-09-05,29.99
TXN001315,C0332,2024-09-05,19.99
TXN012151,C0024,2024-09-05,99.99
TXN011611,C0138,2024-09-05,59.99
TXN004957,C0050,2024-09-05,29.99
TXN013463,C0018,2024-09-05,29.99
TXN006614,C0264,2024-09-05,49.99
TXN003095,C0166,2024-09-05,39.99
TXN009232,C0340,2024-09-05,39.99
TXN001622,C0249,2024-09-05,19.99
TXN011672,C0051,2024-09-05,29.99
TXN007459,C0207,2024-09-05,29.99
TXN014050,C0208,2024-09-05,39.99
TXN010851,C0157,2024-09-05,59.99
TXN017201,C0203,2024-09-05,129.99
TXN009952,C0245,2024-09-05,39.99
TXN007491,C0284,2024-09-05,29.99
TXN004224,C0285,2024-09-05,39.99
TXN012673,C0282,2024-09-05,29.99
TXN004137,C0187,2024-09-05,39.99
TXN015260,C0302,2024-09-05,49.99
TXN008790,C0131,2024-09-05,59.99
TXN000510,C0042,2024-09-05,129.99
TXN011434,C0035,2024-09-05,79.99
TXN017319,C0200,2024-09-05,29.99
TXN006358,C0046,2024-09-05,79.99
TXN006345,C0031,2024-09-05,19.99
TXN010581,C0050,2024-09-05,29.99
TXN017454,C0222,2024-09-05,59.99
TXN010580,C0294,2024-09-05,49.99
TXN009595,C0073,2024-09-05,19.99
TXN006993,C0027,2024-09-05,49.99
TXN002028,C0184,2024-09-05,19.99
TXN002289,C0238,2024-09-06,59.99
TXN002044,C0205,2024-09-06,19.99
TXN004615,C0144,2024-09-06,19.99
TXN013040,C0083,2024-09-06,29.99
TXN014010,C0207,2024-09-06,29.99
TXN005145,C0314,2024-09-06,59.99
TXN006794,C0275,2024-09-06,19.99
TXN015595,C0067,2024-09-06,39.99
TXN013093,C0070,2024-09-06,149.99
TXN015203,C0242,2024-09-06,39.99
TXN004190,C0050,2024-09-06,29.99
TXN018125,C0275,2024-09-06,19.99
TXN007381,C0221,2024-09-06,49.99
TXN009823,C0313,2024-09-06,39.99
TXN010590,C0138,2024-09-06,59.99
TXN005685,C0068,2024-09-06,79.99
TXN011815,C0011,2024-09-06,49.99
TXN013835,C0139,2024-09-06,59.99
TXN009795,C0087,2024-09-06,49.99
TXN012902,C0279,2024-09-06,19.99
TXN008057,C0043,2024-09-06,25.3
TXN013287,C0338,2024-09-06,49.99
TXN004193,C0201,2024-09-06,129.99
TXN013551,C0221,2024-09-06,49.99
TXN008665,C0263,2024-09-06,39.99
TXN008779,C0114,2024-09-06,49.99
TXN004724,C0038,2024-09-06,129.99
TXN014592,C0200,2024-09-06,29.99
TXN003894,C0300,2024-09-06,49.99
TXN000444,C0311,2024-09-06,49.99
TXN006908,C0176,2024-09-07,59.99
TXN006748,C0213,2024-09-07,59.99
TXN009679,C0053,2024-09-07,29.99
TXN010745,C0299,2024-09-07,59.99
TXN001050,C0197,2024-09-07,16.98
TXN005800,C0216,2024-09-07,39.99
TXN004225,C0149,2024-09-07,39.99
TXN015317,C0202,2024-09-07,19.99
TXN015092,C0194,2024-09-07,149.99
TXN005940,C0151,2024-09-07,79.99
TXN003340,C0142,2024-09-07,39.99
TXN017068,C0254,2024-09-07,79.99
TXN017508,C0151,2024-09-07,79.99
TXN004665,C0198,2024-09-07,53.16
TXN006008,C0256,2024-09-07,29.99
TXN010287,C0258,2024-09-07,19.99
TXN010016,C0006,2024-09-07,149.99
TXN005652,C0212,2024-09-07,39.99
TXN010265,C0201,2024-09-07,129.99
TXN004679,C0222,2024-09-07,59.99
TXN011047,C0072,2024-09-07,26.69
TXN004427,C0269,2024-09-07,32.79
TXN006516,C0164,2024-09-07,49.99
TXN005733,C0243,2024-09-07,29.99
TXN007463,C0111,2024-09-07,75.09
TXN002417,C0136,2024-09-07,15.81
TXN006607,C0236,2024-09-07,29.99
TXN012923,C0225,2024-09-07,22.53
TXN001837,C0180,2024-09-07,39.99
TXN018456,C0231,2024-09-07,59.99
TXN000413,C0105,2024-09-07,29.99
TXN001090,C0060,2024-09-07,39.99
TXN014713,C0171,2024-09-07,49.99
TXN018280,C0243,2024-09-08,29.99
TXN012432,C0323,2024-09-08,99.99
TXN011030,C0279,2024-09-08,19.99
TXN003500,C0245,2024-09-08,30.95
TXN000610,C0040,2024-09-08,39.99
TXN013922,C0229,2024-09-08,38.04
TXN007871,C0279,2024-09-08,19.99
TXN002140,C0048,2024-09-08,59.99
TXN003976,C0235,2024-09-08,99.99
TXN008773,C0007,2024-09-08,39.99
TXN012681,C0022,2024-09-08,29.99
TXN016653,C0027,2024-09-08,49.99
TXN013807,C0098,2024-09-08,19.99
TXN000763,C0041,2024-09-08,49.99
TXN012440,C0196,2024-09-08,29.99
TXN017681,C0040,2024-09-08,39.99
TXN001393,C0017,2024-09-08,59.99
TXN000386,C0310,2024-09-08,14.99
TXN009538,C0037,2024-09-08,99.99
TXN006389,C0349,2024-09-08,129.99
TXN002210,C0026,2024-09-08,79.99
TXN004508,C0104,2024-09-08,19.99
TXN006825,C0168,2024-09-08,39.99
TXN009864,C0036,2024-09-08,49.99
TXN012531,C0283,2024-09-08,39.99
TXN007205,C0243,2024-09-08,29.99
TXN011519,C0242,2024-09-08,39.99
TXN001710,C0166,2024-09-08,39.99
TXN013905,C0136,2024-09-09,15.46
TXN010433,C0121,2024-09-09,59.99
TXN007005,C0041,2024-09-09,49.99
TXN015781,C0023,2024-09-09,49.99
TXN017621,C0103,2024-09-09,49.99
TXN014784,C0161,2024-09-09,49.99
TXN010278,C0196,2024-09-09,29.99
TXN000905,C0290,2024-09-09,29.99
TXN000901,C0291,2024-09-09,49.99
TXN015605,C0150,2024-09-09,99.99
TXN007527,C0319,2024-09-09,29.99
TXN012999,C0340,2024-09-09,39.99
TXN004169,C0164,2024-09-09,42.31
TXN014702,C0276,2024-09-09,79.99
TXN012496,C0330,2024-09-09,79.99
TXN016625,C0317,2024-09-09,29.99
TXN010173,C0203,2024-09-09,129.99
TXN017453,C0060,2024-09-09,39.99
TXN018253,C0219,2024-09-09,59.99
TXN008926,C0348,2024-09-09,23.82
TXN013800,C0202,2024-09-09,19.99
TXN000243,C0122,2024-09-09,149.99
TXN013274,C0061,2024-09-09,49.99
TXN009340,C0055,2024-09-09,49.99
TXN007100,C0158,2024-09-09,69.0
TXN000420,C0165,2024-09-09,19.99
TXN015135,C0251,2024-09-09,49.99
TXN012638,C0080,2024-09-09,59.99
TXN009410,C0313,2024-09-09,39.99
TXN010335,C0169,2024-09-09,59.99
TXN011395,C0322,2024-09-09,49.99
TXN012670,C0144,2024-09-09,17.96
TXN017604,C0236,2024-09-09,29.99
TXN002109,C0241,2024-09-09,129.99
TXN015870,C0342,2024-09-09,59.99
TXN008532,C0314,2024-09-09,59.99
TXN009814,C0077,2024-09-09,99.99
TXN002013,C0088,2024-09-09,99.99
TXN004783,C0115,2024-09-10,59.99
TXN002459,C0179,2024-09-10,49.99
TXN004558,C0143,2024-09-10,59.99
TXN002307,C0007,2024-09-10,39.99
TXN001098,C0066,2024-09-10,59.99
TXN005129,C0286,2024-09-10,19.99
TXN010801,C0194,2024-09-10,149.99
TXN002973,C0150,2024-09-10,99.99
TXN012651,C0038,2024-09-10,129.99
TXN017033,C0350,2024-09-10,19.99
TXN006026,C0331,2024-09-10,59.99
TXN012310,C0236,2024-09-10,29.99
TXN007473,C0241,2024-09-10,129.99
TXN012133,C0036,2024-09-10,49.99
TXN007384,C0318,2024-09-10,39.99
TXN017626,C0025,2024-09-10,79.99
TXN001739,C0107,2024-09-10,149.99
TXN008789,C0203,2024-09-10,129.99
TXN000470,C0186,2024-09-10,29.21
TXN001780,C0282,2024-09-10,29.99
TXN012168,C0184,2024-09-10,19.99
TXN005521,C0107,2024-09-10,149.99
TXN004634,C0115,2024-09-10,59.99
TXN018015,C0161,2024-09-10,49.99
TXN006882,C0141,2024-09-10,59.99
TXN001703,C0028,2024-09-10,39.99
TXN009668,C0295,2024-09-10,39.99
TXN009364,C0281,2024-09-10,99.99
TXN015611,C0332,2024-09-10,19.99
TXN008108,C0098,2024-09-11,19.99
TXN007880,C0081,2024-09-11,59.99
TXN002230,C0041,2024-09-11,49.99
TXN014529,C0233,2024-09-11,59.99
TXN006044,C0312,2024-09-11,79.99
TXN009289,C0307,2024-09-11,59.99
TXN011853,C0136,2024-09-11,19.99
TXN005813,C0061,2024-09-11,49.99
TXN017077,C0039,2024-09-11,49.99
TXN002460,C0077,2024-09-11,99.99
TXN009920,C0290,2024-09-11,29.99
TXN013492,C0343,2024-09-11,49.99
TXN010826,C0229,2024-09-11,49.99
TXN018497,C0318,2024-09-11,39.99
TXN017228,C0134,2024-09-11,70.73
TXN005157,C0124,2024-09-11,53.33
TXN012910,C0151,2024-09-11,79.99
TXN003757,C0137,2024-09-11,129.99
TXN002472,C0153,2024-09-11,66.51
TXN009354,C0153,2024-09-11,79.99
TXN013192,C0129,2024-09-11,99.99
TXN000400,C0117,2024-09-11,19.99
TXN016870,C0137,2024-09-11,129.99
TXN001237,C0220,2024-09-11,29.99
TXN017636,C0177,2024-09-11,59.99
TXN013840,C0038,2024-09-11,129.99
TXN013814,C0319,2024-09-11,26.69
TXN008493,C0236,2024-09-11,29.99
TXN013442,C0088,2024-09-11,99.99
TXN013903,C0002,2024-09-11,29.99
TXN004377,C0185,2024-09-11,39.99
TXN005985,C0229,2024-09-11,49.99
TXN014742,C0161,2024-09-11,38.28
TXN010565,C0170,2024-09-11,39.99
TXN000327,C0164,2024-09-12,44.25
TXN017061,C0271,2024-09-12,59.99
TXN005923,C0336,2024-09-12,19.99
TXN000812,C0102,2024-09-12,39.99
TXN012594,C0038,2024-09-12,129.99
TXN012742,C0196,2024-09-12,29.99
TXN007071,C0215,2024-09-12,39.99
TXN017366,C0284,2024-09-12,22.92
TXN006154,C0299,2024-09-12,59.99
TXN017124,C0092,2024-09-12,29.99
TXN007289,C0089,2024-09-12,79.99
TXN001925,C0188,2024-09-12,49.99
TXN008458,C0148,2024-09-12,149.99
TXN003969,C0237,2024-09-12,23.76
TXN012392,C0306,2024-09-12,29.99
TXN015875,C0286,2024-09-12,19.99
TXN014470,C0067,2024-09-12,39.99
TXN007706,C0170,2024-09-12,39.99
TXN017521,C0151,2024-09-12,79.99
TXN017634,C0279,2024-09-12,19.99
TXN007718,C0120,2024-09-12,29.99
TXN005330,C0303,2024-09-12,19.99
TXN002774,C0111,2024-09-12,99.99
TXN000911,C0281,2024-09-12,85.73
TXN008380,C0240,2024-09-12,99.99
TXN006386,C0048,2024-09-12,59.99
TXN014802,C0347,2024-09-12,99.99
TXN011649,C0266,2024-09-12,199.99
TXN002770,C0045,2024-09-13,59.99
TXN004596,C0157,2024-09-13,49.35
TXN009395,C0251,2024-09-13,49.99
TXN007032,C0167,2024-09-13,39.99
TXN002212,C0306,2024-09-13,29.99
TXN015881,C0283,2024-09-13,39.99
TXN015876,C0123,2024-09-13,17.83
TXN014873,C0256,2024-09-13,29.99
TXN007627,C0342,2024-09-13,59.99
TXN006439,C0308,2024-09-13,29.99
TXN017996,C0311,2024-09-13,49.99
TXN008289,C0012,2024-09-13,49.99
TXN009159,C0164,2024-09-13,49.99
TXN016638,C0124,2024-09-13,59.99
TXN005350,C0222,2024-09-13,45.32
TXN007254,C0045,2024-09-13,59.99
TXN015024,C0030,2024-09-13,199.99
TXN008283,C0095,2024-09-13,19.99
TXN013592,C0129,2024-09-13,99.99
TXN015602,C0274,2024-09-13,29.99
TXN004760,C0196,2024-09-13,29.99
TXN009537,C0029,2024-09-13,39.99
TXN015998,C0113,2024-09-13,49.99
TXN014046,C0169,2024-09-13,59.99
TXN012505,C0269,2024-09-13,29.24
TXN012498,C0054,2024-09-13,99.99
TXN003295,C0161,2024-09-13,49.99
TXN005590,C0062,2024-09-13,29.99
TXN012552,C0319,2024-09-14,29.99
TXN002422,C0026,2024-09-14,79.99
TXN001807,C0095,2024-09-14,19.99
TXN014342,C0197,2024-09-14,16.84
TXN005368,C0236,2024-09-14,29.99
TXN001103,C0068,2024-09-14,79.99
TXN017045,C0156,2024-09-14,39.99
TXN009149,C0327,2024-09-14,79.99
TXN001867,C0009,2024-09-14,79.99
TXN010272,C0029,2024-09-14,30.39
TXN008828,C0092,2024-09-14,29.99
TXN010292,C0185,2024-09-14,39.99
TXN012007,C0185,2024-09-14,28.52
TXN014264,C0247,2024-09-14,36.98
TXN018025,C0292,2024-09-14,99.99
TXN017603,C0201,2024-09-14,107.38
TXN007351,C0180,2024-09-14,39.99
TXN017582,C0108,2024-09-14,19.99
TXN011810,C0193,2024-09-14,59.99
TXN000944,C0114,2024-09-14,49.99
TXN011290,C0027,2024-09-14,49.99
TXN001627,C0147,2024-09-14,16.19
TXN008601,C0107,2024-09-14,149.99
TXN017893,C0066,2024-09-14,59.99
TXN017389,C0118,2024-09-14,39.99
TXN009075,C0036,2024-09-14,49.99
TXN003798,C0318,2024-09-14,39.99
TXN007780,C0266,2024-09-14,199.99
TXN011004,C0167,2024-09-14,32.15
TXN016783,C0222,2024-09-14,47.09
TXN015033,C0289,2024-09-14,79.99
TXN016897,C0041,2024-09-14,49.99
TXN009233,C0197,2024-09-14,19.99
TXN016412,C0238,2024-09-14,59.99
TXN000528,C0310,2024-09-14,19.99
TXN008179,C0244,2024-09-14,79.99
TXN006215,C0346,2024-09-14,199.99
TXN007897,C0138,2024-09-14,59.99
TXN018357,C0288,2024-09-14,19.99
TXN007332,C0046,2024-09-14,79.99
TXN003985,C0034,2024-09-14,49.99
TXN016091,C0336,2024-09-14,19.99
TXN011994,C0130,2024-09-14,129.99
TXN001256,C0346,2024-09-14,199.99
TXN009730,C0300,2024-09-14,43.34
TXN014438,C0095,2024-09-15,17.72
TXN009325,C0238,2024-09-15,59.99
TXN013116,C0226,2024-09-15,123.72
TXN013803,C0291,2024-09-15,49.99
TXN014446,C0014,2024-09-15,29.99
TXN011561,C0166,2024-09-15,39.99
TXN015723,C0043,2024-09-15,23.17
TXN018390,C0328,2024-09-15,29.99
TXN014363,C0319,2024-09-15,29.99
TXN017269,C0151,2024-09-15,79.99
TXN003648,C0322,2024-09-15,49.99
TXN010452,C0331,2024-09-15,59.99
TXN008824,C0318,2024-09-15,33.24
TXN011015,C0345,2024-09-15,49.99
TXN017992,C0311,2024-09-15,44.59
TXN000566,C0214,2024-09-15,48.4
TXN002756,C0237,2024-09-15,29.99
TXN001570,C0058,2024-09-15,36.37
TXN003716,C0038,2024-09-15,129.99
TXN008423,C0093,2024-09-15,19.99
TXN005280,C0017,2024-09-15,59.99
TXN015526,C0251,2024-09-15,49.99
TXN005008,C0248,2024-09-15,59.99
TXN002201,C0168,2024-09-15,39.99
TXN005505,C0094,2024-09-15,29.99
TXN006281,C0172,2024-09-15,29.99
TXN016492,C0311,2024-09-15,49.99
TXN006554,C0283,2024-09-15,30.66
TXN004206,C0015,2024-09-15,199.99
TXN009178,C0009,2024-09-15,79.99
TXN008404,C0258,2024-09-15,19.99
TXN014890,C0289,2024-09-15,79.99
TXN007374,C0281,2024-09-15,99.99
TXN007585,C0248,2024-09-15,59.99
TXN009337,C0316,2024-09-15,129.99
TXN009423,C0214,2024-09-15,59.99
TXN003519,C0249,2024-09-16,19.99
TXN002778,C0129,2024-09-16,77.75
TXN007292,C0230,2024-09-16,19.99
TXN007076,C0280,2024-09-16,19.99
TXN012507,C0124,2024-09-16,42.37
TXN001389,C0231,2024-09-16,59.99
TXN018249,C0111,2024-09-16,99.99
TXN006988,C0026,2024-09-16,79.99
TXN008317,C0129,2024-09-16,99.99
TXN007273,C0274,2024-09-16,29.99
TXN016031,C0237,2024-09-16,29.99
TXN008324,C0155,2024-09-16,39.99
TXN009237,C0236,2024-09-16,29.99
TXN002161,C0238,2024-09-16,45.66
TXN011825,C0085,2024-09-16,79.99
TXN014930,C0157,2024-09-16,42.36
TXN012577,C0065,2024-09-16,29.99
TXN015096,C0332,2024-09-16,19.99
TXN016723,C0188,2024-09-16,49.99
TXN001307,C0006,2024-09-16,149.99
TXN005987,C0323,2024-09-16,99.99
TXN007541,C0132,2024-09-16,49.99
TXN000428,C0185,2024-09-16,39.99
TXN014196,C0220,2024-09-16,29.99
TXN003345,C0046,2024-09-16,79.99
TXN010466,C0198,2024-09-16,59.99
TXN009689,C0116,2024-09-16,29.99
TXN009562,C0247,2024-09-16,49.99
TXN000265,C0238,2024-09-16,59.99
TXN016515,C0125,2024-09-16,49.99
TXN017900,C0100,2024-09-16,49.99
TXN018438,C0282,2024-09-16,29.99
TXN010802,C0346,2024-09-16,199.99
TXN006556,C0191,2024-09-17,79.99
TXN004290,C0061,2024-09-17,49.99
TXN017757,C0317,2024-09-17,23.69
TXN012203,C0068,2024-09-17,70.64
TXN011513,C0035,2024-09-17,79.99
TXN014712,C0134,2024-09-17,88.88
TXN017333,C0078,2024-09-17,49.99
TXN010955,C0259,2024-09-17,59.99
TXN007403,C0274,2024-09-17,29.99
TXN008474,C0088,2024-09-17,72.1
TXN009647,C0316,2024-09-17,129.99
TXN003391,C0332,2024-09-17,19.99
TXN017086,C0303,2024-09-17,19.99
TXN012464,C0208,2024-09-17,39.99
TXN002537,C0072,2024-09-17,29.99
TXN003322,C0285,2024-09-17,39.99
TXN018411,C0107,2024-09-17,149.99
TXN005495,C0095,2024-09-17,17.89
TXN002567,C0060,2024-09-17,39.99
TXN015783,C0160,2024-09-17,79.99
TXN012475,C0334,2024-09-17,29.99
TXN016815,C0056,2024-09-17,29.99
TXN016202,C0277,2024-09-17,49.99
TXN006758,C0161,2024-09-17,49.99
TXN005071,C0291,2024-09-17,49.99
TXN014863,C0176,2024-09-17,48.12
TXN001487,C0095,2024-09-17,19.99
TXN011335,C0003,2024-09-17,24.3
TXN014801,C0122,2024-09-18,149.99
TXN012802,C0283,2024-09-18,39.99
TXN007230,C0188,2024-09-18,49.99
TXN005719,C0188,2024-09-18,49.99
TXN011153,C0039,2024-09-18,49.99
TXN006496,C0234,2024-09-18,79.99
TXN015266,C0269,2024-09-18,39.99
TXN008649,C0288,2024-09-18,19.99
TXN003384,C0337,2024-09-18,129.99
TXN014396,C0343,2024-09-18,36.72
TXN014979,C0279,2024-09-18,19.99
TXN002069,C0211,2024-09-18,49.99
TXN014309,C0044,2024-09-18,59.99
TXN007945,C0333,2024-09-18,39.99
TXN006284,C0265,2024-09-18,49.99
TXN012938,C0083,2024-09-18,29.99
TXN009516,C0204,2024-09-18,39.99
TXN012427,C0316,2024-09-18,129.99
TXN011487,C0254,2024-09-18,79.99
TXN001031,C0243,2024-09-18,29.99
TXN009999,C0212,2024-09-18,39.99
TXN006227,C0104,2024-09-18,19.99
TXN009186,C0334,2024-09-18,29.99
TXN006169,C0199,2024-09-18,77.44
TXN008857,C0007,2024-09-18,39.99
TXN017089,C0158,2024-09-18,79.99
TXN012011,C0047,2024-09-18,29.99
TXN010337,C0273,2024-09-18,145.36
TXN008822,C0218,2024-09-19,29.99
TXN007796,C0253,2024-09-19,29.99
TXN010181,C0089,2024-09-19,79.99
TXN005266,C0138,2024-09-19,59.99
TXN000407,C0272,2024-09-19,59.99
TXN009631,C0317,2024-09-19,22.85
TXN012755,C0144,2024-09-19,19.99
TXN012860,C0196,2024-09-19,29.99
TXN010648,C0258,2024-09-19,15.0
TXN010957,C0254,2024-09-19,79.99
TXN004971,C0002,2024-09-19,29.99
TXN000465,C0137,2024-09-19,129.99
TXN000784,C0332,2024-09-19,17.47
TXN005567,C0309,2024-09-19,49.99
TXN012321,C0188,2024-09-19,49.99
TXN001606,C0332,2024-09-19,19.99
TXN006729,C0292,2024-09-19,99.99
TXN004084,C0114,2024-09-19,49.99
TXN010856,C0326,2024-09-19,19.99
TXN015846,C0038,2024-09-19,129.99
TXN018202,C0239,2024-09-19,39.99
TXN002864,C0026,2024-09-19,79.99
TXN003879,C0307,2024-09-19,59.99
TXN007309,C0185,2024-09-19,39.99
TXN011195,C0062,2024-09-19,29.99
TXN003515,C0345,2024-09-19,49.99
TXN015091,C0292,2024-09-19,99.99
TXN004851,C0041,2024-09-19,49.99
TXN005538,C0144,2024-09-19,15.71
TXN001514,C0056,2024-09-19,29.99
TXN017911,C0022,2024-09-19,29.99
TXN006657,C0338,2024-09-19,49.99
TXN015093,C0189,2024-09-19,49.99
TXN001226,C0101,2024-09-19,129.99
TXN005952,C0264,2024-09-19,49.99
TXN015943,C0304,2024-09-19,49.99
TXN007600,C0310,2024-09-20,15.84
TXN003110,C0093,2024-09-20,19.99
TXN001842,C0129,2024-09-20,99.99
TXN002957,C0279,2024-09-20,19.99
TXN008406,C0348,2024-09-20,29.99
TXN008683,C0287,2024-09-20,38.05
TXN006604,C0096,2024-09-20,49.99
TXN008425,C0245,2024-09-20,39.99
TXN001915,C0198,2024-09-20,59.99
TXN017828,C0237,2024-09-20,29.99
TXN008760,C0298,2024-09-20,199.99
TXN012686,C0134,2024-09-20,99.99
TXN008305,C0275,2024-09-20,19.99
TXN015038,C0212,2024-09-20,39.99
TXN010068,C0141,2024-09-20,59.99
TXN016848,C0208,2024-09-20,39.99
TXN003127,C0322,2024-09-20,49.99
TXN007257,C0095,2024-09-20,19.99
TXN001850,C0215,2024-09-20,39.99
TXN014731,C0010,2024-09-20,52.4
TXN003851,C0113,2024-09-20,49.99
TXN007955,C0172,2024-09-20,29.99
TXN008383,C0253,2024-09-20,29.99
TXN005261,C0251,2024-09-20,42.38
TXN001421,C0114,2024-09-20,49.99
TXN009134,C0044,2024-09-20,59.99
TXN002141,C0235,2024-09-20,72.03
TXN010730,C0339,2024-09-20,39.99
TXN003463,C0035,2024-09-20,79.99
TXN006105,C0060,2024-09-20,39.99
TXN005541,C0032,2024-09-21,99.99
TXN007974,C0328,2024-09-21,29.99
TXN012766,C0139,2024-09-21,59.99
TXN012126,C0310,2024-09-21,19.99
TXN001457,C0163,2024-09-21,21.35
TXN002204,C0047,2024-09-21,29.99
TXN000388,C0011,2024-09-21,49.99
TXN008409,C0089,2024-09-21,58.87
TXN012457,C0090,2024-09-21,49.99
TXN011001,C0019,2024-09-21,59.99
TXN013163,C0131,2024-09-21,59.99
TXN015609,C0096,2024-09-21,49.99
TXN005595,C0155,2024-09-21,33.39
TXN012768,C0342,2024-09-21,59.99
TXN009570,C0280,2024-09-21,19.99
TXN001671,C0318,2024-09-21,39.99
TXN013916,C0045,2024-09-21,59.99
TXN006017,C0114,2024-09-21,49.99
TXN006625,C0036,2024-09-21,49.99
TXN017105,C0256,2024-09-21,29.99
TXN015656,C0001,2024-09-21,19.99
TXN015514,C0028,2024-09-21,39.99
TXN003676,C0263,2024-09-21,39.99
TXN008261,C0188,2024-09-21,49.99
TXN018386,C0243,2024-09-21,29.99
TXN002570,C0317,2024-09-21,29.99
TXN004618,C0012,2024-09-21,49.99
TXN007590,C0064,2024-09-21,113.97
TXN002433,C0300,2024-09-21,49.99
TXN008052,C0079,2024-09-21,29.99
TXN005132,C0261,2024-09-21,49.99
TXN017348,C0240,2024-09-21,99.99
TXN010366,C0222,2024-09-21,59.99
TXN005114,C0133,2024-09-21,59.99
TXN007190,C0318,2024-09-21,30.84
TXN004207,C0293,2024-09-21,59.99
TXN002071,C0293,2024-09-22,59.99
TXN001020,C0212,2024-09-22,33.96
TXN004509,C0057,2024-09-22,99.99
TXN014977,C0172,2024-09-22,29.99
TXN001880,C0024,2024-09-22,99.99
TXN008078,C0115,2024-09-22,59.99
TXN005484,C0059,2024-09-22,49.99
TXN003101,C0079,2024-09-22,29.99
TXN004803,C0316,2024-09-22,129.99
TXN003142,C0345,2024-09-22,39.12
TXN005511,C0007,2024-09-22,39.99
TXN009720,C0230,2024-09-22,19.99
TXN004542,C0240,2024-09-22,78.27
TXN004980,C0271,2024-09-22,59.99
TXN009710,C0140,2024-09-22,29.99
TXN016543,C0313,2024-09-22,39.99
TXN000758,C0259,2024-09-22,59.99
TXN012973,C0169,2024-09-22,59.99
TXN013985,C0217,2024-09-22,29.99
TXN014990,C0068,2024-09-22,79.99
TXN016377,C0128,2024-09-22,59.99
TXN004833,C0284,2024-09-22,29.99
TXN009978,C0053,2024-09-22,29.99
TXN014974,C0239,2024-09-22,39.99
TXN001763,C0248,2024-09-22,59.99
TXN000088,C0002,2024-09-22,25.32
TXN012156,C0047,2024-09-22,29.99
TXN016829,C0029,2024-09-22,39.99
TXN011784,C0314,2024-09-22,59.99
TXN010251,C0189,2024-09-22,49.99
TXN017758,C0142,2024-09-22,39.99
TXN015606,C0254,2024-09-22,79.99
TXN001132,C0263,2024-09-22,39.99
TXN006667,C0092,2024-09-22,29.99
TXN012265,C0338,2024-09-22,49.99
TXN014507,C0189,2024-09-22,49.99
TXN013624,C0289,2024-09-22,79.99
TXN008377,C0197,2024-09-23,19.99
TXN007010,C0141,2024-09-23,59.99
TXN010668,C0252,2024-09-23,49.99
TXN004976,C0268,2024-09-23,59.99
TXN015309,C0286,2024-09-23,19.99
TXN011911,C0163,2024-09-23,29.99
TXN006534,C0015,2024-09-23,199.99
TXN004556,C0304,2024-09-23,49.99
TXN010363,C0035,2024-09-23,79.99
TXN006326,C0223,2024-09-23,19.99
TXN006715,C0057,2024-09-23,99.99
TXN001472,C0202,2024-09-23,19.99
TXN005214,C0060,2024-09-23,39.99
TXN013808,C0263,2024-09-23,39.99
TXN014020,C0050,2024-09-23,29.99
TXN000560,C0345,2024-09-23,49.99
TXN004191,C0024,2024-09-23,85.53
TXN017512,C0097,2024-09-23,129.99
TXN017260,C0060,2024-09-23,39.99
TXN014596,C0009,2024-09-23,79.99
TXN003292,C0027,2024-09-23,49.99
TXN017688,C0006,2024-09-23,149.99
TXN004159,C0102,2024-09-23,39.99
TXN011665,C0102,2024-09-23,39.99
TXN010921,C0248,2024-09-23,59.99
TXN012736,C0144,2024-09-23,19.99
TXN018145,C0329,2024-09-23,76.8
TXN000500,C0238,2024-09-23,59.99
TXN011183,C0340,2024-09-23,39.99
TXN008855,C0005,2024-09-23,29.99
TXN004343,C0061,2024-09-23,49.99
TXN002287,C0310,2024-09-24,19.99
TXN000554,C0029,2024-09-24,32.28
TXN002712,C0143,2024-09-24,59.99
TXN005827,C0187,2024-09-24,39.99
TXN009993,C0340,2024-09-24,39.99
TXN013565,C0024,2024-09-24,79.03
TXN009227,C0312,2024-09-24,79.99
TXN001454,C0045,2024-09-24,59.99
TXN010777,C0142,2024-09-24,39.99
TXN009358,C0285,2024-09-24,39.99
TXN008137,C0116,2024-09-24,29.99
TXN009528,C0012,2024-09-24,49.99
TXN017469,C0318,2024-09-24,39.99
TXN000978,C0176,2024-09-24,43.15
TXN009590,C0144,2024-09-24,19.99
TXN009206,C0349,2024-09-24,94.13
TXN015618,C0150,2024-09-24,99.99
TXN008138,C0324,2024-09-24,49.99
TXN017988,C0306,2024-09-24,29.99
TXN014936,C0244,2024-09-24,79.99
TXN000186,C0001,2024-09-24,19.99
TXN011569,C0212,2024-09-24,39.99
TXN002842,C0319,2024-09-24,29.99
TXN007138,C0128,2024-09-24,59.99
TXN008384,C0176,2024-09-24,59.99
TXN017266,C0085,2024-09-24,79.99
TXN017145,C0203,2024-09-24,129.99
TXN003887,C0277,2024-09-24,49.99
TXN016790,C0112,2024-09-24,49.99
TXN012825,C0140,2024-09-24,29.99
TXN018163,C0253,2024-09-24,29.99
TXN008732,C0108,2024-09-24,19.99
TXN002577,C0174,2024-09-25,29.99
TXN005683,C0087,2024-09-25,44.42
TXN009809,C0312,2024-09-25,79.99
TXN006152,C0231,2024-09-25,59.99
TXN005523,C0046,2024-09-25,79.99
TXN004056,C0337,2024-09-25,129.99
TXN009457,C0036,2024-09-25,49.99
TXN008653,C0039,2024-09-25,49.99
TXN010434,C0068,2024-09-25,79.99
TXN010500,C0202,2024-09-25,19.99
TXN018241,C0068,2024-09-25,79.99
TXN012951,C0143,2024-09-25,59.99
TXN012837,C0310,2024-09-25,19.99
TXN006276,C0083,2024-09-25,29.99
TXN003895,C0319,2024-09-25,29.99
TXN001932,C0345,2024-09-25,49.99
TXN011790,C0284,2024-09-25,29.99
TXN011533,C0321,2024-09-25,129.99
TXN008338,C0235,2024-09-25,99.99
TXN014655,C0079,2024-09-25,29.99
TXN000672,C0104,2024-09-25,19.99
TXN012753,C0294,2024-09-25,49.99
TXN005100,C0294,2024-09-25,49.99
TXN015821,C0205,2024-09-25,19.99
TXN014336,C0233,2024-09-25,59.99
TXN013577,C0261,2024-09-25,49.99
TXN014578,C0247,2024-09-25,49.99
TXN000868,C0140,2024-09-25,29.99
TXN009269,C0099,2024-09-25,22.64
TXN006192,C0335,2024-09-25,39.99
TXN018308,C0062,2024-09-25,29.99
TXN006455,C0296,2024-09-25,39.99
TXN006840,C0176,2024-09-25,59.99
TXN012324,C0163,2024-09-26,29.99
TXN001916,C0187,2024-09-26,28.76
TXN000171,C0044,2024-09-26,59.99
TXN016746,C0161,2024-09-26,49.99
TXN003302,C0098,2024-09-26,19.99
TXN000011,C0196,2024-09-26,29.99
TXN012656,C0158,2024-09-26,79.99
TXN003335,C0076,2024-09-26,39.99
TXN017038,C0308,2024-09-26,29.99
TXN003435,C0317,2024-09-26,29.99
TXN006302,C0192,2024-09-26,79.99
TXN006649,C0201,2024-09-26,129.99
TXN016627,C0110,2024-09-26,59.99
TXN001957,C0338,2024-09-26,49.99
TXN011876,C0286,2024-09-26,19.99
TXN013929,C0339,2024-09-26,39.99
TXN013082,C0087,2024-09-26,49.99
TXN009137,C0250,2024-09-26,59.99
TXN007249,C0007,2024-09-26,39.99
TXN002653,C0058,2024-09-26,49.99
TXN016268,C0120,2024-09-26,29.99
TXN014598,C0004,2024-09-26,99.99
TXN007066,C0081,2024-09-26,59.99
TXN003216,C0173,2024-09-26,39.99
TXN009821,C0121,2024-09-26,59.99
TXN014772,C0200,2024-09-26,29.99
TXN017748,C0278,2024-09-26,39.99
TXN009013,C0039,2024-09-26,49.99
TXN002940,C0115,2024-09-26,59.99
TXN013636,C0203,2024-09-26,129.99
TXN013945,C0104,2024-09-26,19.99
TXN016155,C0016,2024-09-26,121.2
TXN012962,C0321,2024-09-26,95.66
TXN003973,C0252,2024-09-26,49.99
TXN014316,C0061,2024-09-26,49.99
TXN010123,C0083,2024-09-27,24.84
TXN016166,C0158,2024-09-27,79.99
TXN016425,C0308,2024-09-27,29.99
TXN014934,C0342,2024-09-27,59.99
TXN005162,C0038,2024-09-27,129.99
TXN008781,C0124,2024-09-27,59.99
TXN012715,C0101,2024-09-27,129.99
TXN005232,C0095,2024-09-27,15.4
TXN007684,C0061,2024-09-27,44.9
TXN009080,C0016,2024-09-27,149.99
TXN005241,C0171,2024-09-27,49.99
TXN005847,C0332,2024-09-27,14.23
TXN006873,C0123,2024-09-27,19.99
TXN007751,C0057,2024-09-27,78.37
TXN012208,C0311,2024-09-27,49.99
TXN010310,C0259,2024-09-27,59.99
TXN006718,C0164,2024-09-27,49.99
TXN009323,C0151,2024-09-27,79.99
TXN009704,C0026,2024-09-27,67.58
TXN012824,C0231,2024-09-27,59.99
TXN008056,C0031,2024-09-27,19.99
TXN001546,C0285,2024-09-27,39.99
TXN005593,C0304,2024-09-27,49.99
TXN014673,C0292,2024-09-27,99.99
TXN008015,C0092,2024-09-27,29.99
TXN005737,C0144,2024-09-27,19.99
TXN009617,C0069,2024-09-27,29.99
TXN011131,C0128,2024-09-27,59.99
TXN009565,C0011,2024-09-27,49.99
TXN016553,C0056,2024-09-27,29.99
TXN005633,C0089,2024-09-27,79.99
TXN004211,C0309,2024-09-27,49.99
TXN007556,C0211,2024-09-27,49.99
TXN007562,C0069,2024-09-27,29.99
TXN001291,C0216,2024-09-27,39.99
TXN018484,C0287,2024-09-27,37.82
TXN007419,C0132,2024-09-27,49.99
TXN009709,C0151,2024-09-27,79.99
TXN015961,C0034,2024-09-27,49.99
TXN004365,C0139,2024-09-27,59.99
TXN013950,C0336,2024-09-28,19.99
TXN007370,C0282,2024-09-28,26.87
TXN000462,C0272,2024-09-28,59.99
TXN014102,C0141,2024-09-28,59.99
TXN014080,C0300,2024-09-28,49.99
TXN002054,C0041,2024-09-28,49.99
TXN004352,C0213,2024-09-28,59.99
TXN009155,C0025,2024-09-28,57.23
TXN014431,C0220,2024-09-28,29.99
TXN001920,C0039,2024-09-28,49.99
TXN013525,C0184,2024-09-28,19.99
TXN009968,C0114,2024-09-28,38.24
TXN004360,C0186,2024-09-28,39.99
TXN011289,C0335,2024-09-28,39.99
TXN007606,C0030,2024-09-28,199.99
TXN014583,C0231,2024-09-28,59.99
TXN006761,C0161,2024-09-28,49.99
TXN012431,C0209,2024-09-28,39.99
TXN008072,C0211,2024-09-28,49.99
TXN006103,C0335,2024-09-28,39.99
TXN008190,C0194,2024-09-28,149.99
TXN007039,C0061,2024-09-28,49.99
TXN017843,C0272,2024-09-28,59.99
TXN002866,C0307,2024-09-28,59.99
TXN002087,C0251,2024-09-28,49.99
TXN007847,C0139,2024-09-28,59.99
TXN000947,C0301,2024-09-28,79.99
TXN002303,C0304,2024-09-28,49.99
TXN015730,C0153,2024-09-28,79.99
TXN016650,C0264,2024-09-28,49.99
TXN010935,C0217,2024-09-28,29.99
TXN014851,C0049,2024-09-28,129.99
TXN003940,C0009,2024-09-28,79.99
TXN010951,C0249,2024-09-28,17.61
TXN005873,C0205,2024-09-28,19.99
TXN008042,C0024,2024-09-28,99.99
TXN016710,C0244,2024-09-28,79.99
TXN005016,C0028,2024-09-28,31.89
TXN001785,C0168,2024-09-28,39.99
TXN010825,C0290,2024-09-29,29.99
TXN000590,C0213,2024-09-29,59.99
TXN002769,C0328,2024-09-29,29.99
TXN001555,C0310,2024-09-29,19.99
TXN008417,C0074,2024-09-29,29.99
TXN000153,C0204,2024-09-29,39.99
TXN013845,C0300,2024-09-29,49.99
TXN014065,C0228,2024-09-29,79.99
TXN006012,C0053,2024-09-29,29.99
TXN013057,C0318,2024-09-29,39.99
TXN004002,C0332,2024-09-29,19.99
TXN009870,C0146,2024-09-29,199.99
TXN003280,C0168,2024-09-29,39.99
TXN007272,C0141,2024-09-29,59.99
TXN008637,C0340,2024-09-29,39.99
TXN002121,C0062,2024-09-29,29.99
TXN010321,C0153,2024-09-29,79.99
TXN016228,C0274,2024-09-29,29.99
TXN004246,C0077,2024-09-29,99.99
TXN014798,C0285,2024-09-29,39.99
TXN000594,C0153,2024-09-29,79.99
TXN013313,C0184,2024-09-29,19.99
TXN002732,C0087,2024-09-29,49.99
TXN001824,C0191,2024-09-29,79.99
TXN012158,C0116,2024-09-29,29.99
TXN001991,C0233,2024-09-29,59.99
TXN014384,C0103,2024-09-29,49.99
TXN008124,C0202,2024-09-29,19.99
TXN002160,C0020,2024-09-29,14.53
TXN011018,C0038,2024-09-29,129.99
TXN017847,C0046,2024-09-29,79.99
TXN000166,C0047,2024-09-29,29.99
TXN011166,C0329,2024-09-29,99.99
TXN005015,C0258,2024-09-29,19.99
TXN002944,C0096,2024-09-30,49.99
TXN000251,C0310,2024-09-30,19.99
TXN004954,C0159,2024-09-30,79.99
TXN008209,C0157,2024-09-30,59.99
TXN008254,C0118,2024-09-30,39.99
TXN008224,C0014,2024-09-30,29.99
TXN003925,C0258,2024-09-30,19.99
TXN015028,C0137,2024-09-30,129.99
TXN007992,C0057,2024-09-30,99.99
TXN002650,C0103,2024-09-30,49.99
TXN000530,C0241,2024-09-30,129.99
TXN006285,C0068,2024-09-30,79.99
TXN003638,C0097,2024-09-30,129.99
TXN015749,C0007,2024-09-30,39.99
TXN007885,C0101,2024-09-30,129.99
TXN017822,C0305,2024-09-30,149.99
TXN008776,C0122,2024-09-30,149.99
TXN001431,C0003,2024-09-30,29.99
TXN017671,C0345,2024-09-30,49.99
TXN014830,C0014,2024-09-30,29.99
TXN009573,C0068,2024-09-30,79.99
TXN012227,C0285,2024-09-30,39.99
TXN010814,C0126,2024-09-30,99.99
TXN013392,C0117,2024-09-30,19.99
TXN007357,C0349,2024-09-30,129.99
TXN002503,C0285,2024-09-30,39.99
TXN007279,C0125,2024-09-30,49.99
TXN010516,C0159,2024-09-30,79.99
TXN000014,C0168,2024-09-30,39.99
TXN017183,C0248,2024-09-30,44.0
TXN006015,C0038,2024-09-30,129.99
TXN016414,C0213,2024-09-30,59.99
TXN004322,C0202,2024-09-30,19.99
TXN007158,C0202,2024-09-30,19.99
TXN016212,C0303,2024-09-30,19.99
TXN010953,C0112,2024-09-30,49.99
TXN016432,C0289,2024-09-30,79.99
TXN007204,C0185,2024-09-30,39.99
TXN006354,C0223,2024-10-01,19.99
TXN003157,C0256,2024-10-01,29.99
TXN011431,C0099,2024-10-01,24.52
TXN017600,C0253,2024-10-01,29.99
TXN002399,C0326,2024-10-01,19.99
TXN005759,C0208,2024-10-01,39.99
TXN008820,C0219,2024-10-01,59.99
TXN010876,C0286,2024-10-01,16.47
TXN008512,C0251,2024-10-01,49.99
TXN000656,C0127,2024-10-01,23.08
TXN016589,C0202,2024-10-01,19.99
TXN012308,C0342,2024-10-01,59.99
TXN004144,C0030,2024-10-01,199.99
TXN008895,C0007,2024-10-01,39.99
TXN004752,C0004,2024-10-01,99.99
TXN008154,C0002,2024-10-01,29.99
TXN007858,C0341,2024-10-01,49.99
TXN011355,C0229,2024-10-01,49.99
TXN009760,C0168,2024-10-01,35.3
TXN005291,C0215,2024-10-01,39.99
TXN016565,C0161,2024-10-01,49.99
TXN009851,C0165,2024-10-01,19.99
TXN012915,C0324,2024-10-01,49.99
TXN018155,C0099,2024-10-01,29.99
TXN007604,C0348,2024-10-01,29.99
TXN014966,C0306,2024-10-01,29.99
TXN009639,C0103,2024-10-01,49.99
TXN015720,C0061,2024-10-02,49.99
TXN005113,C0260,2024-10-02,59.99
TXN002826,C0027,2024-10-02,49.99
TXN012445,C0103,2024-10-02,49.99
TXN009234,C0168,2024-10-02,39.99
TXN012803,C0147,2024-10-02,19.99
TXN006293,C0261,2024-10-02,49.99
TXN015936,C0022,2024-10-02,29.99
TXN004278,C0261,2024-10-02,49.99
TXN014844,C0255,2024-10-02,88.19
TXN016191,C0144,2024-10-02,19.99
TXN015014,C0219,2024-10-02,59.99
TXN013235,C0026,2024-10-02,79.99
TXN011012,C0066,2024-10-02,59.99
TXN017127,C0192,2024-10-02,79.99
TXN013799,C0134,2024-10-02,84.57
TXN011491,C0120,2024-10-02,22.84
TXN018442,C0237,2024-10-02,29.99
TXN017103,C0305,2024-10-02,149.99
TXN004108,C0341,2024-10-02,49.99
TXN017645,C0041,2024-10-02,49.99
TXN016719,C0261,2024-10-02,49.99
TXN015137,C0280,2024-10-02,19.99
TXN011932,C0087,2024-10-02,49.99
TXN014716,C0078,2024-10-02,49.99
TXN017485,C0249,2024-10-02,19.99
TXN002227,C0057,2024-10-02,99.99
TXN001217,C0199,2024-10-02,99.99
TXN005621,C0301,2024-10-02,79.99
TXN011219,C0139,2024-10-02,59.99
TXN006973,C0164,2024-10-02,49.99
TXN012725,C0201,2024-10-02,129.99
TXN002949,C0047,2024-10-02,29.99
TXN014136,C0083,2024-10-02,29.99
TXN006506,C0141,2024-10-02,59.99
TXN001074,C0058,2024-10-02,49.99
TXN017624,C0332,2024-10-02,17.68
TXN005036,C0099,2024-10-02,22.41
TXN012795,C0234,2024-10-02,79.99
TXN003844,C0314,2024-10-02,59.99
TXN000862,C0005,2024-10-02,24.21
TXN013434,C0344,2024-10-02,129.99
TXN014626,C0103,2024-10-03,49.99
TXN005342,C0299,2024-10-03,59.99
TXN010992,C0104,2024-10-03,19.99
TXN014435,C0209,2024-10-03,39.99
TXN008837,C0231,2024-10-03,59.99
TXN007659,C0048,2024-10-03,59.99
TXN014842,C0314,2024-10-03,59.99
TXN005348,C0130,2024-10-03,129.99
TXN006347,C0220,2024-10-03,29.99
TXN018292,C0100,2024-10-03,49.99
TXN016900,C0005,2024-10-03,29.99
TXN017456,C0020,2024-10-03,19.99
TXN012150,C0342,2024-10-03,59.99
TXN012485,C0155,2024-10-03,39.99
TXN015328,C0060,2024-10-03,39.99
TXN002290,C0012,2024-10-03,49.99
TXN000605,C0208,2024-10-03,39.99
TXN009575,C0164,2024-10-03,49.99
TXN002684,C0299,2024-10-03,59.99
TXN001616,C0236,2024-10-03,29.99
TXN012636,C0056,2024-10-03,29.99
TXN000484,C0054,2024-10-03,99.99
TXN011969,C0058,2024-10-03,49.99
TXN011237,C0208,2024-10-03,39.99
TXN005116,C0240,2024-10-03,99.99
TXN005122,C0217,2024-10-03,29.99
TXN011787,C0336,2024-10-03,19.99
TXN011092,C0012,2024-10-03,44.01
TXN016922,C0115,2024-10-03,59.99
TXN015584,C0204,2024-10-03,39.99
TXN009404,C0163,2024-10-03,29.99
TXN014266,C0115,2024-10-03,59.99
TXN012356,C0283,2024-10-03,39.99
TXN005480,C0348,2024-10-03,29.99
TXN006803,C0078,2024-10-03,49.99
TXN016052,C0143,2024-10-03,59.99
TXN015703,C0047,2024-10-03,29.99
TXN012123,C0300,2024-10-03,49.99
TXN016317,C0042,2024-10-03,129.99
TXN005772,C0018,2024-10-03,29.99
TXN016657,C0296,2024-10-03,39.99
TXN010312,C0072,2024-10-04,29.99
TXN000178,C0036,2024-10-04,49.99
TXN017069,C0034,2024-10-04,49.99
TXN004998,C0200,2024-10-04,29.99
TXN006057,C0037,2024-10-04,99.99
TXN008870,C0053,2024-10-04,29.99
TXN012195,C0346,2024-10-04,199.99
TXN008074,C0291,2024-10-04,49.99
TXN010545,C0300,2024-10-04,49.99
TXN013253,C0243,2024-10-04,29.99
TXN008942,C0299,2024-10-04,59.99
TXN016336,C0028,2024-10-04,39.99
TXN016344,C0175,2024-10-04,19.99
TXN006096,C0243,2024-10-04,29.99
TXN015373,C0196,2024-10-04,29.99
TXN018379,C0319,2024-10-04,29.99
TXN015636,C0192,2024-10-04,79.99
TXN008045,C0057,2024-10-04,78.14
TXN015297,C0202,2024-10-04,19.99
TXN014768,C0007,2024-10-04,39.99
TXN015351,C0233,2024-10-04,49.05
TXN013024,C0251,2024-10-04,49.99
TXN008411,C0144,2024-10-04,19.99
TXN010549,C0273,2024-10-04,199.99
TXN006656,C0311,2024-10-04,49.99
TXN004375,C0256,2024-10-04,29.99
TXN000889,C0209,2024-10-04,39.99
TXN006257,C0332,2024-10-04,19.99
TXN009941,C0243,2024-10-04,22.14
TXN016489,C0046,2024-10-04,79.99
TXN016575,C0338,2024-10-04,49.99
TXN006263,C0151,2024-10-04,79.99
TXN005519,C0115,2024-10-04,42.63
TXN010127,C0222,2024-10-04,59.99
TXN004788,C0141,2024-10-04,59.99
TXN011246,C0111,2024-10-04,99.99
TXN010011,C0021,2024-10-04,19.99
TXN009512,C0286,2024-10-04,15.69
TXN003543,C0012,2024-10-04,49.99
TXN002680,C0066,2024-10-05,59.99
TXN007525,C0333,2024-10-05,39.99
TXN001041,C0331,2024-10-05,59.99
TXN000351,C0295,2024-10-05,30.29
TXN017836,C0288,2024-10-05,19.99
TXN016550,C0217,2024-10-05,29.99
TXN011770,C0050,2024-10-05,29.99
TXN003021,C0203,2024-10-05,116.85
TXN017526,C0300,2024-10-05,49.99
TXN015102,C0241,2024-10-05,129.99
TXN004030,C0147,2024-10-05,19.99
TXN011651,C0168,2024-10-05,39.99
TXN005120,C0078,2024-10-05,49.99
TXN015022,C0031,2024-10-05,19.99
TXN013704,C0107,2024-10-05,149.99
TXN015952,C0075,2024-10-05,49.99
TXN010525,C0294,2024-10-05,39.75
TXN013736,C0041,2024-10-05,49.99
TXN004373,C0209,2024-10-05,39.99
TXN011575,C0197,2024-10-05,19.99
TXN013883,C0150,2024-10-05,99.99
TXN009069,C0126,2024-10-05,99.99
TXN010199,C0037,2024-10-05,99.99
TXN000142,C0316,2024-10-05,129.99
TXN003132,C0248,2024-10-05,59.99
TXN006146,C0204,2024-10-05,39.99
TXN006966,C0236,2024-10-05,29.99
TXN016741,C0020,2024-10-05,19.99
TXN003080,C0221,2024-10-05,49.99
TXN008135,C0333,2024-10-05,39.99
TXN005393,C0147,2024-10-05,19.99
TXN001444,C0200,2024-10-05,29.99
TXN000899,C0080,2024-10-05,50.22
TXN011399,C0179,2024-10-05,36.75
TXN003090,C0204,2024-10-05,39.99
TXN016025,C0237,2024-10-05,29.99
TXN009658,C0186,2024-10-05,39.99
TXN010627,C0286,2024-10-06,19.99
TXN002048,C0129,2024-10-06,99.99
TXN009754,C0058,2024-10-06,42.0
TXN010880,C0105,2024-10-06,29.99
TXN005747,C0259,2024-10-06,59.99
TXN006520,C0295,2024-10-06,39.99
TXN016029,C0023,2024-10-06,49.99
TXN010652,C0243,2024-10-06,29.99
TXN017055,C0078,2024-10-06,49.99
TXN008126,C0230,2024-10-06,19.99
TXN008210,C0251,2024-10-06,49.99
TXN005533,C0261,2024-10-06,49.99
TXN006490,C0201,2024-10-06,129.99
TXN014044,C0205,2024-10-06,19.99
TXN002631,C0035,2024-10-06,79.99
TXN002923,C0234,2024-10-06,79.99
TXN007437,C0327,2024-10-06,79.99
TXN007287,C0205,2024-10-06,19.99
TXN007749,C0248,2024-10-06,59.99
TXN017305,C0152,2024-10-06,49.99
TXN005440,C0104,2024-10-06,19.99
TXN018403,C0240,2024-10-06,99.99
TXN009282,C0313,2024-10-06,35.21
TXN013522,C0188,2024-10-06,49.99
TXN000380,C0349,2024-10-06,110.52
TXN008772,C0238,2024-10-06,59.99
TXN002106,C0321,2024-10-06,115.45
TXN010952,C0171,2024-10-06,49.99
TXN014495,C0208,2024-10-06,39.99
TXN012270,C0188,2024-10-06,49.99
TXN001417,C0295,2024-10-06,28.99
TXN003067,C0078,2024-10-06,49.99
TXN003065,C0154,2024-10-06,75.8
TXN017691,C0247,2024-10-06,49.99
TXN013315,C0223,2024-10-06,14.69
TXN014311,C0147,2024-10-06,19.99
TXN005125,C0018,2024-10-06,29.99
TXN001479,C0019,2024-10-06,59.99
TXN004811,C0273,2024-10-06,199.99
TXN004895,C0234,2024-10-06,79.99
TXN002279,C0267,2024-10-06,21.59
TXN015713,C0283,2024-10-06,39.99
TXN015547,C0009,2024-10-07,79.99
TXN016026,C0095,2024-10-07,19.99
TXN008099,C0188,2024-10-07,49.99
TXN015842,C0263,2024-10-07,39.99
TXN017239,C0062,2024-10-07,29.99
TXN016756,C0301,2024-10-07,79.99
TXN018263,C0274,2024-10-07,29.99
TXN002190,C0240,2024-10-07,99.99
TXN007561,C0208,2024-10-07,39.99
TXN016396,C0339,2024-10-07,39.99
TXN006179,C0109,2024-10-07,149.99
TXN000839,C0258,2024-10-07,19.99
TXN001040,C0220,2024-10-07,29.99
TXN013971,C0326,2024-10-07,19.99
TXN015525,C0132,2024-10-07,49.99
TXN011686,C0036,2024-10-07,49.99
TXN007154,C0100,2024-10-07,49.99
TXN012591,C0306,2024-10-07,29.99
TXN011053,C0014,2024-10-07,26.52
TXN012369,C0184,2024-10-07,15.83
TXN009443,C0149,2024-10-07,39.99
TXN002626,C0138,2024-10-07,49.03
TXN001994,C0219,2024-10-07,59.99
TXN013048,C0245,2024-10-07,39.99
TXN009332,C0350,2024-10-07,19.99
TXN004017,C0340,2024-10-07,39.99
TXN016383,C0098,2024-10-07,19.99
TXN017155,C0284,2024-10-07,29.99
TXN015621,C0274,2024-10-07,29.99
TXN013615,C0048,2024-10-07,59.99
TXN011249,C0114,2024-10-07,49.99
TXN009329,C0271,2024-10-07,59.99
TXN009414,C0248,2024-10-07,59.99
TXN018152,C0216,2024-10-07,39.99
TXN006739,C0056,2024-10-08,29.99
TXN009718,C0290,2024-10-08,29.99
TXN009716,C0216,2024-10-08,39.99
TXN008566,C0150,2024-10-08,99.99
TXN017873,C0071,2024-10-08,43.3
TXN017233,C0044,2024-10-08,51.66
TXN010201,C0055,2024-10-08,49.99
TXN002316,C0022,2024-10-08,29.99
TXN011548,C0036,2024-10-08,49.99
TXN008220,C0080,2024-10-08,59.99
TXN010898,C0316,2024-10-08,129.99
TXN003086,C0289,2024-10-08,79.99
TXN007009,C0231,2024-10-08,59.99
TXN009891,C0282,2024-10-08,29.99
TXN008869,C0166,2024-10-08,39.99
TXN002971,C0244,2024-10-08,79.99
TXN015532,C0217,2024-10-08,29.99
TXN004580,C0280,2024-10-08,19.99
TXN014907,C0295,2024-10-08,39.99
TXN004494,C0114,2024-10-08,49.99
TXN012316,C0138,2024-10-08,59.99
TXN001844,C0068,2024-10-08,79.99
TXN001871,C0164,2024-10-08,49.99
TXN012519,C0058,2024-10-08,49.99
TXN015037,C0062,2024-10-08,29.99
TXN014364,C0101,2024-10-08,129.99
TXN012416,C0026,2024-10-08,79.99
TXN014760,C0333,2024-10-08,39.99
TXN003718,C0087,2024-10-08,49.99
TXN015475,C0062,2024-10-08,29.99
TXN003422,C0318,2024-10-08,39.99
TXN004964,C0077,2024-10-08,71.11
TXN001738,C0101,2024-10-08,116.84
TXN014810,C0062,2024-10-08,29.99
TXN001423,C0032,2024-10-08,99.99
TXN002511,C0152,2024-10-09,49.99
TXN012338,C0082,2024-10-09,29.99
TXN005565,C0136,2024-10-09,19.99
TXN010349,C0061,2024-10-09,49.99
TXN018191,C0263,2024-10-09,39.99
TXN012249,C0157,2024-10-09,59.99
TXN001878,C0095,2024-10-09,19.99
TXN001787,C0056,2024-10-09,29.99
TXN011301,C0010,2024-10-09,59.99
TXN012526,C0068,2024-10-09,79.99
TXN015838,C0029,2024-10-09,39.99
TXN004109,C0291,2024-10-09,49.99
TXN012436,C0065,2024-10-09,24.23
TXN009000,C0095,2024-10-09,19.99
TXN004877,C0151,2024-10-09,79.99
TXN000535,C0026,2024-10-09,79.99
TXN002900,C0045,2024-10-09,59.99
TXN006134,C0178,2024-10-09,59.99
TXN003377,C0231,2024-10-09,59.99
TXN000799,C0239,2024-10-09,39.99
TXN016733,C0202,2024-10-09,19.99
TXN000473,C0172,2024-10-10,29.99
TXN014654,C0267,2024-10-10,29.99
TXN012169,C0089,2024-10-10,79.99
TXN001973,C0244,2024-10-10,79.99
TXN011522,C0236,2024-10-10,29.99
TXN005128,C0313,2024-10-10,33.85
TXN012396,C0051,2024-10-10,24.54
TXN001095,C0254,2024-10-10,79.99
TXN011081,C0330,2024-10-10,79.99
TXN015072,C0105,2024-10-10,29.99
TXN011957,C0226,2024-10-10,149.99
TXN015088,C0005,2024-10-10,22.54
TXN014492,C0027,2024-10-10,49.99
TXN017330,C0105,2024-10-10,29.99
TXN015653,C0027,2024-10-10,49.99
TXN013718,C0243,2024-10-10,29.99
TXN002647,C0186,2024-10-10,39.99
TXN007044,C0337,2024-10-10,129.99
TXN004977,C0336,2024-10-10,19.99
TXN011731,C0083,2024-10-10,29.99
TXN001545,C0121,2024-10-10,59.99
TXN014283,C0285,2024-10-10,39.99
TXN014058,C0338,2024-10-10,49.99
TXN000163,C0327,2024-10-10,79.99
TXN009344,C0107,2024-10-10,149.99
TXN002174,C0103,2024-10-10,49.99
TXN017905,C0098,2024-10-10,19.99
TXN012332,C0320,2024-10-10,160.67
TXN015000,C0338,2024-10-10,49.99
TXN009338,C0207,2024-10-10,29.99
TXN010354,C0218,2024-10-10,29.99
TXN008415,C0199,2024-10-10,99.99
TXN017244,C0184,2024-10-10,19.99
TXN004734,C0228,2024-10-10,79.99
TXN003115,C0034,2024-10-11,41.61
TXN006757,C0290,2024-10-11,29.99
TXN008436,C0282,2024-10-11,29.99
TXN007918,C0007,2024-10-11,32.61
TXN013896,C0128,2024-10-11,59.99
TXN007296,C0235,2024-10-11,99.99
TXN008565,C0006,2024-10-11,149.99
TXN009211,C0207,2024-10-11,29.99
TXN013818,C0225,2024-10-11,29.99
TXN011947,C0159,2024-10-11,79.99
TXN009123,C0190,2024-10-11,59.99
TXN013081,C0268,2024-10-11,59.99
TXN016874,C0003,2024-10-11,25.35
TXN013826,C0275,2024-10-11,19.99
TXN002057,C0223,2024-10-11,19.99
TXN007733,C0254,2024-10-11,79.99
TXN008193,C0294,2024-10-11,49.99
TXN016590,C0261,2024-10-11,43.76
TXN015158,C0095,2024-10-11,19.99
TXN018190,C0060,2024-10-11,39.99
TXN011062,C0114,2024-10-11,49.99
TXN018407,C0043,2024-10-11,29.99
TXN004820,C0326,2024-10-11,19.99
TXN013490,C0075,2024-10-11,49.99
TXN009279,C0056,2024-10-11,29.99
TXN000203,C0341,2024-10-11,49.99
TXN017010,C0258,2024-10-11,14.56
TXN008315,C0172,2024-10-11,29.99
TXN010205,C0200,2024-10-11,29.99
TXN017809,C0303,2024-10-11,19.99
TXN015379,C0019,2024-10-11,59.99
TXN003910,C0208,2024-10-11,39.99
TXN005080,C0086,2024-10-11,59.99
TXN018359,C0323,2024-10-11,99.99
TXN001498,C0279,2024-10-12,19.99
TXN000232,C0097,2024-10-12,129.99
TXN003168,C0143,2024-10-12,43.96
TXN016281,C0242,2024-10-12,39.99
TXN011020,C0100,2024-10-12,40.6
TXN011382,C0290,2024-10-12,29.99
TXN006145,C0151,2024-10-12,79.99
TXN002730,C0111,2024-10-12,99.99
TXN012010,C0285,2024-10-12,39.99
TXN016923,C0305,2024-10-12,149.99
TXN012665,C0317,2024-10-12,29.99
TXN016324,C0312,2024-10-12,79.99
TXN006580,C0186,2024-10-12,39.99
TXN016803,C0066,2024-10-12,59.99
TXN013972,C0078,2024-10-12,49.99
TXN003281,C0243,2024-10-12,29.99
TXN017423,C0017,2024-10-12,47.11
TXN015404,C0141,2024-10-12,42.43
TXN003265,C0042,2024-10-12,129.99
TXN015405,C0171,2024-10-12,49.99
TXN012775,C0279,2024-10-12,19.99
TXN000523,C0041,2024-10-12,49.99
TXN002981,C0092,2024-10-12,22.19
TXN015790,C0171,2024-10-12,49.99
TXN001445,C0292,2024-10-12,99.99
TXN015167,C0183,2024-10-12,49.99
TXN001945,C0058,2024-10-13,49.99
TXN016593,C0022,2024-10-13,29.99
TXN007801,C0020,2024-10-13,19.99
TXN011307,C0086,2024-10-13,59.99
TXN013207,C0189,2024-10-13,49.99
TXN012248,C0347,2024-10-13,99.99
TXN008735,C0289,2024-10-13,79.99
TXN018188,C0165,2024-10-13,19.99
TXN014853,C0048,2024-10-13,59.99
TXN017321,C0317,2024-10-13,29.99
TXN000832,C0184,2024-10-13,19.99
TXN015275,C0247,2024-10-13,49.99
TXN006844,C0124,2024-10-13,43.71
TXN012641,C0170,2024-10-13,34.3
TXN016248,C0345,2024-10-13,49.99
TXN013924,C0046,2024-10-13,57.43
TXN006609,C0255,2024-10-13,99.99
TXN016067,C0328,2024-10-13,29.99
TXN002667,C0264,2024-10-13,49.99
TXN000541,C0089,2024-10-13,79.99
TXN009733,C0340,2024-10-13,39.99
TXN005133,C0108,2024-10-13,15.91
TXN017036,C0119,2024-10-13,59.99
TXN013824,C0288,2024-10-13,19.99
TXN009582,C0083,2024-10-13,29.99
TXN001519,C0031,2024-10-13,19.99
TXN016273,C0168,2024-10-13,39.99
TXN003815,C0183,2024-10-13,49.99
TXN006112,C0104,2024-10-13,19.99
TXN007388,C0333,2024-10-13,39.99
TXN005644,C0043,2024-10-14,29.99
TXN009478,C0132,2024-10-14,49.99
TXN005650,C0112,2024-10-14,49.99
TXN014252,C0245,2024-10-14,39.99
TXN016049,C0350,2024-10-14,19.99
TXN018387,C0081,2024-10-14,59.99
TXN006156,C0346,2024-10-14,199.99
TXN009674,C0210,2024-10-14,79.99
TXN008997,C0100,2024-10-14,49.99
TXN010665,C0205,2024-10-14,19.99
TXN014399,C0183,2024-10-14,39.74
TXN002696,C0161,2024-10-14,49.99
TXN000012,C0021,2024-10-14,19.99
TXN010607,C0035,2024-10-14,79.99
TXN000717,C0159,2024-10-14,79.99
TXN012538,C0263,2024-10-14,39.99
TXN014499,C0248,2024-10-14,59.99
TXN016109,C0180,2024-10-14,39.99
TXN013796,C0236,2024-10-14,29.99
TXN009776,C0239,2024-10-14,39.99
TXN006255,C0248,2024-10-14,59.99
TXN014612,C0108,2024-10-14,19.99
TXN001791,C0039,2024-10-14,49.99
TXN003315,C0307,2024-10-14,59.99
TXN012878,C0347,2024-10-14,99.99
TXN004229,C0256,2024-10-14,29.99
TXN007234,C0069,2024-10-14,29.99
TXN000070,C0025,2024-10-14,79.99
TXN017957,C0274,2024-10-14,29.99
TXN004217,C0186,2024-10-14,29.66
TXN004406,C0121,2024-10-14,59.99
TXN011447,C0037,2024-10-14,77.05
TXN012162,C0234,2024-10-14,79.99
TXN015546,C0192,2024-10-14,79.99
TXN010541,C0219,2024-10-14,59.99
TXN017227,C0332,2024-10-14,19.99
TXN013325,C0102,2024-10-14,39.99
TXN003835,C0008,2024-10-14,29.99
TXN016773,C0282,2024-10-14,29.99
TXN007207,C0151,2024-10-14,79.99
TXN015401,C0230,2024-10-14,19.99
TXN004048,C0303,2024-10-14,16.08
TXN013265,C0128,2024-10-15,43.47
TXN014500,C0079,2024-10-15,29.99
TXN012137,C0104,2024-10-15,19.99
TXN013431,C0191,2024-10-15,79.99
TXN003333,C0260,2024-10-15,59.99
TXN008924,C0218,2024-10-15,29.99
TXN010485,C0041,2024-10-15,49.99
TXN001377,C0091,2024-10-15,99.99
TXN006132,C0143,2024-10-15,59.99
TXN005788,C0350,2024-10-15,19.99
TXN010040,C0168,2024-10-15,39.99
TXN002505,C0338,2024-10-15,49.99
TXN010055,C0167,2024-10-15,39.99
TXN013055,C0252,2024-10-15,49.99
TXN001982,C0286,2024-10-15,19.99
TXN005383,C0041,2024-10-15,49.99
TXN015250,C0276,2024-10-15,79.99
TXN012998,C0267,2024-10-15,29.99
TXN012343,C0240,2024-10-15,99.99
TXN009711,C0184,2024-10-15,19.99
TXN010185,C0018,2024-10-15,29.99
TXN009702,C0099,2024-10-15,29.99
TXN010786,C0154,2024-10-15,99.99
TXN005583,C0158,2024-10-15,79.99
TXN010747,C0027,2024-10-15,49.99
TXN000441,C0070,2024-10-15,149.99
TXN008250,C0333,2024-10-15,39.99
TXN000782,C0205,2024-10-15,19.99
TXN008219,C0139,2024-10-16,59.99
TXN017335,C0265,2024-10-16,49.99
TXN013007,C0189,2024-10-16,49.99
TXN014573,C0230,2024-10-16,19.99
TXN000238,C0138,2024-10-16,59.99
TXN013016,C0034,2024-10-16,49.99
TXN008368,C0283,2024-10-16,39.99
TXN011967,C0223,2024-10-16,19.99
TXN015929,C0094,2024-10-16,29.99
TXN002479,C0214,2024-10-16,59.99
TXN016176,C0138,2024-10-16,59.99
TXN014503,C0340,2024-10-16,39.99
TXN009057,C0253,2024-10-16,21.65
TXN010150,C0291,2024-10-16,49.99
TXN015824,C0198,2024-10-16,59.99
TXN014298,C0268,2024-10-16,59.99
TXN013136,C0029,2024-10-16,39.99
TXN008597,C0018,2024-10-16,29.99
TXN017862,C0118,2024-10-16,39.99
TXN005208,C0184,2024-10-16,19.99
TXN013661,C0255,2024-10-16,99.99
TXN017170,C0099,2024-10-16,29.99
TXN009515,C0036,2024-10-16,49.99
TXN014797,C0235,2024-10-16,99.99
TXN014111,C0056,2024-10-16,29.99
TXN012424,C0202,2024-10-16,19.99
TXN002533,C0116,2024-10-16,29.99
TXN008946,C0290,2024-10-16,29.99
TXN002937,C0185,2024-10-16,39.99
TXN011885,C0282,2024-10-16,29.99
TXN005748,C0131,2024-10-16,59.99
TXN010145,C0035,2024-10-17,79.99
TXN003044,C0107,2024-10-17,149.99
TXN010928,C0257,2024-10-17,19.99
TXN002823,C0338,2024-10-17,49.99
TXN003529,C0043,2024-10-17,29.99
TXN001659,C0296,2024-10-17,39.99
TXN007963,C0105,2024-10-17,29.99
TXN013764,C0339,2024-10-17,39.99
TXN000250,C0196,2024-10-17,29.99
TXN017396,C0318,2024-10-17,39.99
TXN001772,C0108,2024-10-17,19.99
TXN005366,C0014,2024-10-17,29.99
TXN006275,C0101,2024-10-17,129.99
TXN017951,C0166,2024-10-17,39.99
TXN017290,C0111,2024-10-17,99.99
TXN002331,C0322,2024-10-17,49.99
TXN009782,C0003,2024-10-17,29.99
TXN006353,C0085,2024-10-17,79.99
TXN002468,C0066,2024-10-17,59.99
TXN003641,C0042,2024-10-17,129.99
TXN002760,C0206,2024-10-17,49.99
TXN013367,C0244,2024-10-17,79.99
TXN018294,C0306,2024-10-17,29.99
TXN005554,C0091,2024-10-17,99.99
TXN013002,C0320,2024-10-17,199.99
TXN008875,C0183,2024-10-17,49.99
TXN002984,C0254,2024-10-17,79.99
TXN014908,C0230,2024-10-18,19.99
TXN013319,C0116,2024-10-18,29.99
TXN001946,C0020,2024-10-18,19.99
TXN006560,C0286,2024-10-18,19.99
TXN011659,C0093,2024-10-18,19.99
TXN013200,C0048,2024-10-18,59.99
TXN003567,C0034,2024-10-18,49.99
TXN001036,C0069,2024-10-18,29.99
TXN012852,C0144,2024-10-18,19.99
TXN004933,C0107,2024-10-18,149.99
TXN017984,C0294,2024-10-18,49.99
TXN008268,C0304,2024-10-18,49.99
TXN004495,C0340,2024-10-18,29.6
TXN015369,C0070,2024-10-18,149.99
TXN014981,C0161,2024-10-18,49.99
TXN013626,C0194,2024-10-18,149.99
TXN017129,C0294,2024-10-18,49.99
TXN000445,C0019,2024-10-18,59.99
TXN012225,C0140,2024-10-18,29.99
TXN010280,C0034,2024-10-18,49.99
TXN001985,C0133,2024-10-18,49.42
TXN000534,C0180,2024-10-18,39.99
TXN015410,C0164,2024-10-18,49.99
TXN011128,C0037,2024-10-18,99.99
TXN017426,C0284,2024-10-18,29.99
TXN010260,C0041,2024-10-18,49.99
TXN007334,C0277,2024-10-18,49.99
TXN002207,C0218,2024-10-18,29.99
TXN008185,C0114,2024-10-18,49.99
TXN016910,C0075,2024-10-18,49.99
TXN015811,C0088,2024-10-18,99.99
TXN008118,C0171,2024-10-18,49.99
TXN009687,C0285,2024-10-18,39.99
TXN000982,C0181,2024-10-18,99.99
TXN009555,C0240,2024-10-19,99.99
TXN004239,C0284,2024-10-19,29.99
TXN010244,C0114,2024-10-19,49.99
TXN002611,C0164,2024-10-19,49.99
TXN004242,C0081,2024-10-19,59.99
TXN014291,C0050,2024-10-19,29.99
TXN014158,C0213,2024-10-19,43.16
TXN001171,C0332,2024-10-19,19.99
TXN006133,C0001,2024-10-19,17.5
TXN005550,C0285,2024-10-19,39.99
TXN004318,C0143,2024-10-19,59.99
TXN005858,C0075,2024-10-19,49.99
TXN018086,C0335,2024-10-19,39.99
TXN000919,C0314,2024-10-19,59.99
TXN007539,C0114,2024-10-19,49.99
TXN017765,C0296,2024-10-19,39.99
TXN008331,C0007,2024-10-19,31.67
TXN010098,C0237,2024-10-19,29.99
TXN002113,C0029,2024-10-19,39.99
TXN007702,C0309,2024-10-19,49.99
TXN007594,C0258,2024-10-19,19.99
TXN002339,C0041,2024-10-19,49.99
TXN007074,C0074,2024-10-19,29.99
TXN013043,C0307,2024-10-19,59.99
TXN014961,C0251,2024-10-19,49.99
TXN013133,C0166,2024-10-19,39.99
TXN003233,C0345,2024-10-19,49.99
TXN013156,C0176,2024-10-19,59.99
TXN014779,C0092,2024-10-19,29.99
TXN010583,C0050,2024-10-19,29.99
TXN009984,C0282,2024-10-19,29.99
TXN007064,C0338,2024-10-19,49.99
TXN000458,C0121,2024-10-19,59.99
TXN014538,C0013,2024-10-19,59.99
TXN007637,C0075,2024-10-19,49.99
TXN016976,C0231,2024-10-19,43.6
TXN011415,C0183,2024-10-20,49.99
TXN009588,C0183,2024-10-20,49.99
TXN017895,C0330,2024-10-20,79.99
TXN009804,C0057,2024-10-20,74.72
TXN008982,C0141,2024-10-20,59.99
TXN013556,C0204,2024-10-20,39.99
TXN012061,C0167,2024-10-20,39.99
TXN000168,C0310,2024-10-20,19.99
TXN017503,C0130,2024-10-20,129.99
TXN002231,C0149,2024-10-20,39.99
TXN003232,C0001,2024-10-20,15.4
TXN006717,C0238,2024-10-20,59.99
TXN014874,C0219,2024-10-20,59.99
TXN000996,C0286,2024-10-20,19.99
TXN000027,C0216,2024-10-20,39.99
TXN009990,C0030,2024-10-20,199.99
TXN012679,C0080,2024-10-20,47.43
TXN011946,C0217,2024-10-20,29.99
TXN004685,C0086,2024-10-20,59.99
TXN007274,C0152,2024-10-20,35.87
TXN003008,C0277,2024-10-20,49.99
TXN008248,C0087,2024-10-20,49.99
TXN014489,C0303,2024-10-20,19.99
TXN009248,C0097,2024-10-20,129.99
TXN008477,C0321,2024-10-20,129.99
TXN013889,C0323,2024-10-20,99.99
TXN010211,C0311,2024-10-20,36.89
TXN014027,C0208,2024-10-20,39.99
TXN010277,C0131,2024-10-20,59.99
TXN006189,C0171,2024-10-20,49.99
TXN014215,C0346,2024-10-20,199.99
TXN011197,C0074,2024-10-20,29.99
TXN002615,C0164,2024-10-20,49.99
TXN001412,C0034,2024-10-20,49.99
TXN000881,C0210,2024-10-20,79.99
TXN003274,C0184,2024-10-20,19.99
TXN001563,C0029,2024-10-21,39.99
TXN004237,C0144,2024-10-21,19.99
TXN013029,C0067,2024-10-21,39.99
TXN016334,C0231,2024-10-21,59.99
TXN010766,C0258,2024-10-21,15.82
TXN001666,C0116,2024-10-21,29.99
TXN000562,C0260,2024-10-21,59.99
TXN017318,C0064,2024-10-21,149.99
TXN001599,C0022,2024-10-21,29.99
TXN009824,C0144,2024-10-21,19.99
TXN010752,C0272,2024-10-21,59.99
TXN017339,C0127,2024-10-21,29.99
TXN009917,C0197,2024-10-21,19.99
TXN001223,C0265,2024-10-21,49.99
TXN009172,C0295,2024-10-21,39.99
TXN014480,C0289,2024-10-21,79.99
TXN001371,C0241,2024-10-21,129.99
TXN011052,C0341,2024-10-21,49.99
TXN012330,C0341,2024-10-21,49.99
TXN016984,C0286,2024-10-21,19.99
TXN000990,C0020,2024-10-21,19.99
TXN002134,C0324,2024-10-21,49.99
TXN005487,C0279,2024-10-21,19.99
TXN008552,C0012,2024-10-21,49.99
TXN001190,C0231,2024-10-21,59.99
TXN012076,C0169,2024-10-21,59.99
TXN017545,C0140,2024-10-21,25.0
TXN000604,C0238,2024-10-21,59.99
TXN004960,C0260,2024-10-21,59.99
TXN011713,C0350,2024-10-21,19.99
TXN012009,C0027,2024-10-22,49.99
TXN001053,C0057,2024-10-22,99.99
TXN016793,C0243,2024-10-22,29.99
TXN015238,C0122,2024-10-22,149.99
TXN008821,C0018,2024-10-22,29.99
TXN012684,C0213,2024-10-22,59.99
TXN009533,C0194,2024-10-22,149.99
TXN003276,C0151,2024-10-22,79.99
TXN005445,C0259,2024-10-22,59.99
TXN000224,C0319,2024-10-22,23.74
TXN003458,C0103,2024-10-22,49.99
TXN001759,C0315,2024-10-22,79.99
TXN015864,C0132,2024-10-22,49.99
TXN017714,C0157,2024-10-22,59.99
TXN009540,C0318,2024-10-22,39.99
TXN012569,C0083,2024-10-22,29.99
TXN008986,C0188,2024-10-22,49.99
TXN007369,C0053,2024-10-22,29.99
TXN008307,C0314,2024-10-22,59.99
TXN006047,C0018,2024-10-22,29.99
TXN018400,C0313,2024-10-22,39.99
TXN014285,C0134,2024-10-22,99.99
TXN001995,C0203,2024-10-22,129.99
TXN015061,C0336,2024-10-22,19.99
TXN007938,C0141,2024-10-22,59.99
TXN015709,C0289,2024-10-22,79.99
TXN012942,C0191,2024-10-22,79.99
TXN007555,C0329,2024-10-22,99.99
TXN001301,C0225,2024-10-22,29.99
TXN001679,C0114,2024-10-22,49.99
TXN003680,C0011,2024-10-22,49.99
TXN003170,C0141,2024-10-22,59.99
TXN004411,C0174,2024-10-23,29.99
TXN000266,C0208,2024-10-23,39.99
TXN005689,C0179,2024-10-23,49.99
TXN010283,C0038,2024-10-23,129.99
TXN003775,C0078,2024-10-23,49.99
TXN003748,C0036,2024-10-23,39.81
TXN011700,C0005,2024-10-23,21.64
TXN011570,C0306,2024-10-23,23.78
TXN011452,C0328,2024-10-23,29.99
TXN001063,C0003,2024-10-23,29.99
TXN009922,C0242,2024-10-23,39.99
TXN011338,C0139,2024-10-23,59.99
TXN008742,C0321,2024-10-23,129.99
TXN001138,C0176,2024-10-23,59.99
TXN007807,C0178,2024-10-23,59.99
TXN016152,C0195,2024-10-23,15.08
TXN018463,C0332,2024-10-23,19.99
TXN001025,C0219,2024-10-23,59.99
TXN008581,C0275,2024-10-23,19.99
TXN015283,C0194,2024-10-23,149.99
TXN018326,C0211,2024-10-23,49.99
TXN009136,C0020,2024-10-23,19.99
TXN003483,C0145,2024-10-23,59.99
TXN002639,C0312,2024-10-23,79.99
TXN003434,C0229,2024-10-23,49.99
TXN009757,C0121,2024-10-23,47.05
TXN009461,C0304,2024-10-23,49.99
TXN010756,C0307,2024-10-23,53.04
TXN018209,C0023,2024-10-23,49.99
TXN007767,C0162,2024-10-24,79.99
TXN005402,C0107,2024-10-24,118.81
TXN011329,C0068,2024-10-24,79.99
TXN007977,C0052,2024-10-24,149.99
TXN004865,C0064,2024-10-24,107.75
TXN000127,C0041,2024-10-24,49.99
TXN005424,C0291,2024-10-24,49.99
TXN002871,C0124,2024-10-24,51.36
TXN005444,C0238,2024-10-24,59.99
TXN011304,C0191,2024-10-24,79.99
TXN009604,C0024,2024-10-24,99.99
TXN005654,C0347,2024-10-24,99.99
TXN010828,C0233,2024-10-24,59.99
TXN013421,C0045,2024-10-24,59.99
TXN014188,C0219,2024-10-24,59.99
TXN011442,C0018,2024-10-24,29.99
TXN003602,C0342,2024-10-24,59.99
TXN005170,C0036,2024-10-24,49.99
TXN012261,C0037,2024-10-24,99.99
TXN009425,C0159,2024-10-24,79.99
TXN008633,C0349,2024-10-24,129.99
TXN015209,C0211,2024-10-24,49.99
TXN014184,C0331,2024-10-24,59.99
TXN014951,C0346,2024-10-24,177.74
TXN005543,C0021,2024-10-24,19.99
TXN015362,C0131,2024-10-24,59.99
TXN013449,C0010,2024-10-24,59.99
TXN003752,C0006,2024-10-24,149.99
TXN018282,C0300,2024-10-24,49.99
TXN014589,C0202,2024-10-24,19.99
TXN012859,C0008,2024-10-24,29.99
TXN001434,C0037,2024-10-24,99.99
TXN012016,C0018,2024-10-24,29.99
TXN015356,C0197,2024-10-24,19.99
TXN011209,C0044,2024-10-24,59.99
TXN007715,C0193,2024-10-24,59.99
TXN005840,C0349,2024-10-24,129.99
TXN001033,C0284,2024-10-24,29.99
TXN008320,C0083,2024-10-24,29.99
TXN007410,C0150,2024-10-24,81.11
TXN005588,C0276,2024-10-24,79.99
TXN011721,C0327,2024-10-24,79.99
TXN007479,C0152,2024-10-25,49.99
TXN017528,C0002,2024-10-25,29.99
TXN016296,C0113,2024-10-25,49.99
TXN000603,C0161,2024-10-25,49.99
TXN017908,C0162,2024-10-25,79.99
TXN007545,C0213,2024-10-25,59.99
TXN016276,C0264,2024-10-25,49.99
TXN013601,C0093,2024-10-25,14.91
TXN015286,C0108,2024-10-25,19.99
TXN014181,C0060,2024-10-25,39.99
TXN015985,C0214,2024-10-25,59.99
TXN010840,C0061,2024-10-25,49.99
TXN013337,C0248,2024-10-25,59.99
TXN012840,C0124,2024-10-25,45.44
TXN008347,C0093,2024-10-25,19.99
TXN002405,C0152,2024-10-25,49.99
TXN007994,C0165,2024-10-25,19.99
TXN012236,C0132,2024-10-25,49.99
TXN016629,C0108,2024-10-25,19.99
TXN008230,C0012,2024-10-25,49.99
TXN014935,C0161,2024-10-25,49.99
TXN007772,C0007,2024-10-25,39.99
TXN007033,C0219,2024-10-25,49.1
TXN008927,C0160,2024-10-25,79.99
TXN003806,C0162,2024-10-25,79.99
TXN005302,C0231,2024-10-25,59.99
TXN014661,C0119,2024-10-25,59.99
TXN006845,C0253,2024-10-25,23.39
TXN006807,C0027,2024-10-25,49.99
TXN004617,C0107,2024-10-25,149.99
TXN009203,C0011,2024-10-25,49.99
TXN005331,C0242,2024-10-25,39.99
TXN000111,C0076,2024-10-25,35.42
TXN011955,C0103,2024-10-25,49.99
TXN004747,C0303,2024-10-25,19.99
TXN013092,C0283,2024-10-25,39.99
TXN011180,C0121,2024-10-25,59.99
TXN013376,C0216,2024-10-25,39.99
TXN014235,C0170,2024-10-25,39.99
TXN001776,C0240,2024-10-25,99.99
TXN013831,C0237,2024-10-25,29.99
TXN009143,C0296,2024-10-25,32.86
TXN017586,C0349,2024-10-26,129.99
TXN009158,C0204,2024-10-26,39.99
TXN010849,C0155,2024-10-26,39.99
TXN003075,C0156,2024-10-26,39.99
TXN003258,C0162,2024-10-26,79.99
TXN001379,C0220,2024-10-26,29.99
TXN001717,C0247,2024-10-26,40.47
TXN015278,C0318,2024-10-26,39.99
TXN006574,C0047,2024-10-26,25.5
TXN009563,C0092,2024-10-26,29.99
TXN006532,C0202,2024-10-26,19.99
TXN009067,C0125,2024-10-26,49.99
TXN008238,C0132,2024-10-26,49.99
TXN000643,C0196,2024-10-26,29.99
TXN008429,C0108,2024-10-26,19.99
TXN004664,C0321,2024-10-26,129.99
TXN011494,C0129,2024-10-26,99.99
TXN000861,C0271,2024-10-26,59.99
TXN003466,C0144,2024-10-26,16.32
TXN005211,C0104,2024-10-26,19.99
TXN000755,C0194,2024-10-26,149.99
TXN006951,C0047,2024-10-26,29.99
TXN005507,C0014,2024-10-26,29.99
TXN007295,C0258,2024-10-26,19.99
TXN016447,C0245,2024-10-26,39.99
TXN005229,C0165,2024-10-26,19.99
TXN017916,C0035,2024-10-26,79.99
TXN010498,C0046,2024-10-26,79.99
TXN012190,C0008,2024-10-26,29.99
TXN003566,C0247,2024-10-26,49.99
TXN015434,C0219,2024-10-26,59.99
TXN016879,C0056,2024-10-26,29.99
TXN001618,C0091,2024-10-26,99.99
TXN000191,C0256,2024-10-26,29.99
TXN002107,C0015,2024-10-26,199.99
TXN016359,C0165,2024-10-26,19.99
TXN002483,C0264,2024-10-26,49.99
TXN015745,C0238,2024-10-26,47.89
TXN011805,C0275,2024-10-26,19.99
TXN000133,C0290,2024-10-26,29.99
TXN010703,C0201,2024-10-26,129.99
TXN010295,C0107,2024-10-27,149.99
TXN007794,C0108,2024-10-27,19.99
TXN015347,C0145,2024-10-27,59.99
TXN007502,C0108,2024-10-27,19.99
TXN009697,C0285,2024-10-27,39.99
TXN015905,C0228,2024-10-27,79.99
TXN009301,C0315,2024-10-27,79.99
TXN007412,C0260,2024-10-27,59.99
TXN005378,C0298,2024-10-27,199.99
TXN000592,C0326,2024-10-27,19.99
TXN017665,C0066,2024-10-27,59.99
TXN017689,C0343,2024-10-27,49.99
TXN017409,C0002,2024-10-27,29.99
TXN005294,C0028,2024-10-27,39.99
TXN015780,C0120,2024-10-27,29.99
TXN008638,C0114,2024-10-27,49.99
TXN008537,C0078,2024-10-27,49.99
TXN008414,C0156,2024-10-27,39.99
TXN008387,C0161,2024-10-27,49.99
TXN003708,C0313,2024-10-27,39.99
TXN010197,C0192,2024-10-27,79.99
TXN010304,C0209,2024-10-27,39.99
TXN003849,C0067,2024-10-27,39.99
TXN016725,C0259,2024-10-27,59.99
TXN006452,C0261,2024-10-27,49.99
TXN006125,C0261,2024-10-27,35.63
TXN002233,C0141,2024-10-27,59.99
TXN012205,C0074,2024-10-27,21.47
TXN000344,C0083,2024-10-27,29.99
TXN011532,C0103,2024-10-27,49.99
TXN017251,C0179,2024-10-27,49.99
TXN018428,C0120,2024-10-27,29.99
TXN011761,C0244,2024-10-27,79.99
TXN016885,C0295,2024-10-27,39.99
TXN016867,C0088,2024-10-27,99.99
TXN010600,C0031,2024-10-27,19.99
TXN002787,C0306,2024-10-28,29.99
TXN004083,C0267,2024-10-28,29.99
TXN010724,C0109,2024-10-28,128.42
TXN007200,C0147,2024-10-28,19.99
TXN015234,C0185,2024-10-28,39.99
TXN012077,C0300,2024-10-28,49.99
TXN002338,C0306,2024-10-28,29.99
TXN001109,C0006,2024-10-28,120.21
TXN001480,C0055,2024-10-28,49.99
TXN005134,C0060,2024-10-28,39.99
TXN010405,C0200,2024-10-28,29.99
TXN007855,C0092,2024-10-28,21.85
TXN002534,C0066,2024-10-28,59.99
TXN008921,C0157,2024-10-28,59.99
TXN008629,C0337,2024-10-28,129.99
TXN012571,C0020,2024-10-28,19.99
TXN011152,C0092,2024-10-28,29.99
TXN007252,C0223,2024-10-28,19.99
TXN015738,C0067,2024-10-28,39.99
TXN016851,C0061,2024-10-28,49.99
TXN006252,C0318,2024-10-28,39.99
TXN004117,C0180,2024-10-28,39.99
TXN009899,C0050,2024-10-28,29.99
TXN007783,C0328,2024-10-28,29.99
TXN005454,C0157,2024-10-28,44.56
TXN007503,C0121,2024-10-28,59.99
TXN002619,C0292,2024-10-28,88.35
TXN012991,C0081,2024-10-28,59.99
TXN009678,C0162,2024-10-28,69.19
TXN001038,C0245,2024-10-28,31.43
TXN002275,C0265,2024-10-28,49.99
TXN010329,C0266,2024-10-28,199.99
TXN016255,C0279,2024-10-28,16.15
TXN007484,C0326,2024-10-28,14.49
TXN010266,C0243,2024-10-28,29.99
TXN007944,C0202,2024-10-29,19.99
TXN011303,C0139,2024-10-29,59.99
TXN014330,C0103,2024-10-29,49.99
TXN016602,C0235,2024-10-29,76.94
TXN002854,C0334,2024-10-29,29.99
TXN014310,C0036,2024-10-29,49.99
TXN005559,C0076,2024-10-29,39.99
TXN005924,C0274,2024-10-29,29.99
TXN009311,C0055,2024-10-29,49.99
TXN014382,C0191,2024-10-29,79.99
TXN005709,C0345,2024-10-29,49.99
TXN013291,C0163,2024-10-29,29.99
TXN005178,C0269,2024-10-29,39.99
TXN005564,C0218,2024-10-29,29.99
TXN013747,C0038,2024-10-29,101.52
TXN017601,C0204,2024-10-29,39.99
TXN018396,C0231,2024-10-29,59.99
TXN010061,C0116,2024-10-29,29.99
TXN000096,C0048,2024-10-29,59.99
TXN006274,C0055,2024-10-29,49.99
TXN008201,C0025,2024-10-29,79.99
TXN011280,C0161,2024-10-29,49.99
TXN013322,C0093,2024-10-29,19.99
TXN011192,C0114,2024-10-29,49.99
TXN016824,C0343,2024-10-29,49.99
TXN000375,C0012,2024-10-29,49.99
TXN002278,C0083,2024-10-29,29.99
TXN005525,C0322,2024-10-29,49.99
TXN001692,C0290,2024-10-29,29.99
TXN015939,C0232,2024-10-29,149.99
TXN009421,C0158,2024-10-29,79.99
TXN004722,C0093,2024-10-29,19.99
TXN016685,C0248,2024-10-29,51.96
TXN000735,C0125,2024-10-29,49.99
TXN009363,C0068,2024-10-29,63.43
TXN006058,C0175,2024-10-29,19.99
TXN013355,C0233,2024-10-29,45.46
TXN011758,C0309,2024-10-29,49.99
TXN011641,C0230,2024-10-29,16.35
TXN018328,C0241,2024-10-29,129.99
TXN008068,C0283,2024-10-29,39.99
TXN000183,C0038,2024-10-29,100.85
TXN011893,C0015,2024-10-29,199.99
TXN008287,C0101,2024-10-29,129.99
TXN012676,C0324,2024-10-29,49.99
TXN002285,C0244,2024-10-29,71.32
TXN015900,C0268,2024-10-29,43.45
TXN012113,C0061,2024-10-29,49.99
TXN005587,C0233,2024-10-30,59.99
TXN003541,C0209,2024-10-30,39.99
TXN010630,C0076,2024-10-30,39.99
TXN018459,C0141,2024-10-30,59.99
TXN016559,C0005,2024-10-30,29.99
TXN006333,C0273,2024-10-30,199.99
TXN014829,C0095,2024-10-30,19.99
TXN001928,C0211,2024-10-30,49.99
TXN011443,C0252,2024-10-30,49.99
TXN000892,C0161,2024-10-30,39.89
TXN004767,C0313,2024-10-30,39.99
TXN005740,C0332,2024-10-30,19.99
TXN004258,C0205,2024-10-30,19.99
TXN007882,C0176,2024-10-30,59.99
TXN003242,C0072,2024-10-30,29.99
TXN004440,C0099,2024-10-30,23.49
TXN011017,C0208,2024-10-30,39.99
TXN013533,C0339,2024-10-30,39.99
TXN014932,C0078,2024-10-30,49.99
TXN001796,C0001,2024-10-30,19.99
TXN010660,C0307,2024-10-30,59.99
TXN003644,C0261,2024-10-30,49.99
TXN015386,C0286,2024-10-30,19.99
TXN001289,C0259,2024-10-30,59.99
TXN004517,C0116,2024-10-30,29.99
TXN005360,C0062,2024-10-30,29.99
TXN005717,C0122,2024-10-30,149.99
TXN005637,C0335,2024-10-30,39.99
TXN014734,C0074,2024-10-30,29.99
TXN011150,C0348,2024-10-31,29.99
TXN003469,C0350,2024-10-31,19.99
TXN004844,C0158,2024-10-31,79.99
TXN009433,C0245,2024-10-31,39.99
TXN003106,C0242,2024-10-31,39.99
TXN004804,C0043,2024-10-31,29.99
TXN016082,C0046,2024-10-31,79.99
TXN017569,C0253,2024-10-31,29.99
TXN009388,C0282,2024-10-31,29.99
TXN009455,C0114,2024-10-31,49.99
TXN001584,C0153,2024-10-31,79.99
TXN009945,C0098,2024-10-31,19.99
TXN006084,C0337,2024-10-31,129.99
TXN014717,C0001,2024-10-31,19.99
TXN016761,C0335,2024-10-31,39.99
TXN005362,C0140,2024-10-31,29.99
TXN005293,C0005,2024-10-31,29.99
TXN011112,C0143,2024-10-31,59.99
TXN003528,C0237,2024-10-31,29.99
TXN007255,C0186,2024-10-31,39.99
TXN008282,C0185,2024-10-31,39.99
TXN010479,C0292,2024-10-31,99.99
TXN000443,C0157,2024-10-31,59.99
TXN013572,C0111,2024-10-31,99.99
TXN010203,C0077,2024-10-31,99.99
TXN016606,C0033,2024-10-31,49.99
TXN002813,C0003,2024-10-31,29.99
TXN008206,C0026,2024-10-31,79.99
TXN013622,C0218,2024-10-31,29.99
TXN015195,C0034,2024-10-31,49.99
TXN010296,C0194,2024-10-31,149.99
TXN005062,C0152,2024-10-31,49.99
TXN008457,C0172,2024-10-31,29.99
TXN001951,C0208,2024-10-31,35.42
TXN015569,C0173,2024-10-31,39.99
TXN016889,C0103,2024-10-31,42.94
TXN008009,C0321,2024-10-31,129.99
TXN005903,C0022,2024-10-31,29.99
TXN008549,C0188,2024-10-31,49.99
TXN013375,C0166,2024-10-31,39.99
TXN014279,C0157,2024-11-01,59.99
TXN010046,C0106,2024-11-01,199.99
TXN000246,C0230,2024-11-01,19.99
TXN015659,C0186,2024-11-01,39.99
TXN001656,C0349,2024-11-01,129.99
TXN009494,C0053,2024-11-01,29.99
TXN012817,C0193,2024-11-01,59.99
TXN015915,C0035,2024-11-01,79.99
TXN004575,C0182,2024-11-01,49.99
TXN014972,C0336,2024-11-01,19.99
TXN009834,C0111,2024-11-01,99.99
TXN006638,C0125,2024-11-01,49.99
TXN006448,C0293,2024-11-01,59.99
TXN002827,C0017,2024-11-01,59.99
TXN008392,C0200,2024-11-01,29.99
TXN005432,C0149,2024-11-01,39.99
TXN010704,C0236,2024-11-01,29.99
TXN009349,C0078,2024-11-01,49.99
TXN008657,C0013,2024-11-01,59.99
TXN016089,C0200,2024-11-01,29.99
TXN012044,C0298,2024-11-01,199.99
TXN004848,C0238,2024-11-01,59.99
TXN011433,C0055,2024-11-01,49.99
TXN011604,C0099,2024-11-01,29.99
TXN000480,C0252,2024-11-01,43.18
TXN012435,C0124,2024-11-01,59.99
TXN012304,C0192,2024-11-01,79.99
TXN012905,C0282,2024-11-01,29.99
TXN009622,C0092,2024-11-01,29.99
TXN003571,C0284,2024-11-01,29.99
TXN002744,C0194,2024-11-01,149.99
TXN004862,C0035,2024-11-01,79.99
TXN005619,C0191,2024-11-01,79.99
TXN015365,C0164,2024-11-01,49.99
TXN011455,C0122,2024-11-01,149.99
TXN013182,C0098,2024-11-01,19.99
TXN013183,C0143,2024-11-01,59.99
TXN007728,C0165,2024-11-01,19.99
TXN008770,C0166,2024-11-01,39.99
TXN003603,C0276,2024-11-02,79.99
TXN017285,C0118,2024-11-02,39.99
TXN003771,C0150,2024-11-02,74.21
TXN004586,C0168,2024-11-02,39.99
TXN017467,C0099,2024-11-02,29.99
TXN003486,C0263,2024-11-02,39.99
TXN001075,C0317,2024-11-02,29.99
TXN013079,C0332,2024-11-02,19.99
TXN017295,C0240,2024-11-02,99.99
TXN001705,C0342,2024-11-02,59.99
TXN004603,C0188,2024-11-02,49.99
TXN010195,C0310,2024-11-02,16.21
TXN005026,C0058,2024-11-02,49.99
TXN006123,C0111,2024-11-02,99.99
TXN015594,C0089,2024-11-02,79.99
TXN004982,C0294,2024-11-02,38.07
TXN004606,C0341,2024-11-02,49.99
TXN010336,C0264,2024-11-02,49.99
TXN000192,C0133,2024-11-02,59.99
TXN000254,C0292,2024-11-02,99.99
TXN004336,C0131,2024-11-02,59.99
TXN015224,C0022,2024-11-02,29.99
TXN013191,C0285,2024-11-02,39.99
TXN005612,C0328,2024-11-02,29.99
TXN016869,C0289,2024-11-02,79.99
TXN009903,C0335,2024-11-02,39.99
TXN007028,C0204,2024-11-02,34.95
TXN007863,C0103,2024-11-02,49.99
TXN004845,C0275,2024-11-02,19.99
TXN012529,C0202,2024-11-02,19.99
TXN013275,C0193,2024-11-02,59.99
TXN013117,C0304,2024-11-02,49.99
TXN001882,C0329,2024-11-02,99.99
TXN007917,C0124,2024-11-02,59.99
TXN014809,C0129,2024-11-02,71.78
TXN003094,C0157,2024-11-02,59.99
TXN016163,C0035,2024-11-02,79.99
TXN002413,C0253,2024-11-02,25.83
TXN008835,C0014,2024-11-02,29.99
TXN003697,C0314,2024-11-02,59.99
TXN011552,C0159,2024-11-02,79.99
TXN012341,C0045,2024-11-03,59.99
TXN014524,C0310,2024-11-03,19.99
TXN010631,C0342,2024-11-03,59.99
TXN005555,C0121,2024-11-03,59.99
TXN014864,C0066,2024-11-03,47.78
TXN003366,C0304,2024-11-03,49.99
TXN003209,C0335,2024-11-03,39.99
TXN018151,C0093,2024-11-03,19.99
TXN003033,C0254,2024-11-03,79.99
TXN012903,C0050,2024-11-03,29.99
TXN013258,C0304,2024-11-03,49.99
TXN018194,C0065,2024-11-03,29.99
TXN001745,C0170,2024-11-03,39.99
TXN003814,C0285,2024-11-03,39.99
TXN003876,C0228,2024-11-03,79.99
TXN018365,C0217,2024-11-03,24.95
TXN002689,C0222,2024-11-03,59.99
TXN001944,C0238,2024-11-03,59.99
TXN002674,C0124,2024-11-03,59.99
TXN012764,C0189,2024-11-03,49.99
TXN007912,C0283,2024-11-03,39.99
TXN013456,C0148,2024-11-03,149.99
TXN016159,C0296,2024-11-03,39.99
TXN011118,C0128,2024-11-03,59.99
TXN006199,C0005,2024-11-03,29.99
TXN013890,C0144,2024-11-03,19.99
TXN005640,C0152,2024-11-03,49.99
TXN005517,C0111,2024-11-03,99.99
TXN011589,C0201,2024-11-03,129.99
TXN002156,C0321,2024-11-04,129.99
TXN014014,C0127,2024-11-04,29.99
TXN008786,C0208,2024-11-04,39.99
TXN000684,C0309,2024-11-04,49.99
TXN016010,C0131,2024-11-04,59.99
TXN008826,C0079,2024-11-04,29.99
TXN004941,C0119,2024-11-04,47.51
TXN008709,C0133,2024-11-04,59.99
TXN003971,C0335,2024-11-04,39.99
TXN002153,C0308,2024-11-04,29.99
TXN008556,C0026,2024-11-04,79.99
TXN015918,C0004,2024-11-04,99.99
TXN006187,C0038,2024-11-04,99.18
TXN015643,C0012,2024-11-04,49.99
TXN014248,C0326,2024-11-04,19.99
TXN016801,C0035,2024-11-04,79.99
TXN014414,C0347,2024-11-04,99.99
TXN011744,C0336,2024-11-04,19.99
TXN011126,C0021,2024-11-04,19.99
TXN016958,C0303,2024-11-04,19.99
TXN015737,C0127,2024-11-04,22.12
TXN009333,C0279,2024-11-04,19.99
TXN012266,C0205,2024-11-04,19.99
TXN000598,C0198,2024-11-04,59.99
TXN011243,C0329,2024-11-04,99.99
TXN006405,C0079,2024-11-04,29.99
TXN016748,C0191,2024-11-04,79.99
TXN001064,C0053,2024-11-04,29.99
TXN002490,C0220,2024-11-04,29.99
TXN009985,C0168,2024-11-04,39.99
TXN001614,C0332,2024-11-04,19.99
TXN000328,C0323,2024-11-04,99.99
TXN013813,C0219,2024-11-04,59.99
TXN007415,C0202,2024-11-04,19.99
TXN002442,C0086,2024-11-04,46.47
TXN001729,C0239,2024-11-04,39.99
TXN013356,C0305,2024-11-04,149.99
TXN013084,C0141,2024-11-04,59.99
TXN004187,C0152,2024-11-04,49.99
TXN014048,C0221,2024-11-05,49.99
TXN005580,C0098,2024-11-05,15.21
TXN017429,C0063,2024-11-05,39.99
TXN003020,C0036,2024-11-05,49.99
TXN003788,C0139,2024-11-05,59.99
TXN000895,C0196,2024-11-05,23.22
TXN014719,C0109,2024-11-05,149.99
TXN014685,C0109,2024-11-05,149.99
TXN012763,C0151,2024-11-05,59.49
TXN003809,C0277,2024-11-05,49.99
TXN011272,C0050,2024-11-05,24.36
TXN006155,C0208,2024-11-05,39.99
TXN009030,C0175,2024-11-05,15.1
TXN008628,C0192,2024-11-05,79.99
TXN009192,C0288,2024-11-05,19.99
TXN007356,C0170,2024-11-05,39.99
TXN011077,C0236,2024-11-05,29.99
TXN004818,C0291,2024-11-05,49.99
TXN001770,C0342,2024-11-05,59.99
TXN014720,C0068,2024-11-05,79.99
TXN017872,C0202,2024-11-05,16.81
TXN010923,C0260,2024-11-05,43.06
TXN008586,C0306,2024-11-05,29.99
TXN017302,C0020,2024-11-05,19.99
TXN005030,C0181,2024-11-05,73.59
TXN012127,C0240,2024-11-05,99.99
TXN010818,C0284,2024-11-05,29.99
TXN015593,C0046,2024-11-05,79.99
TXN008262,C0344,2024-11-05,129.99
TXN011766,C0113,2024-11-05,49.99
TXN006402,C0245,2024-11-05,39.99
TXN007450,C0333,2024-11-05,39.99
TXN013540,C0028,2024-11-05,29.3
TXN004697,C0157,2024-11-05,59.99
TXN017926,C0024,2024-11-05,99.99
TXN011988,C0191,2024-11-06,79.99
TXN004458,C0197,2024-11-06,19.99
TXN005837,C0042,2024-11-06,129.99
TXN017130,C0204,2024-11-06,39.99
TXN016241,C0315,2024-11-06,79.99
TXN012055,C0111,2024-11-06,99.99
TXN009259,C0067,2024-11-06,39.99
TXN007018,C0037,2024-11-06,99.99
TXN002217,C0045,2024-11-06,59.99
TXN014257,C0324,2024-11-06,49.99
TXN016794,C0198,2024-11-06,45.72
TXN010446,C0143,2024-11-06,59.99
TXN001910,C0098,2024-11-06,19.99
TXN007954,C0099,2024-11-06,29.99
TXN000319,C0236,2024-11-06,29.99
TXN010024,C0186,2024-11-06,35.07
TXN001010,C0321,2024-11-06,129.99
TXN004655,C0176,2024-11-06,59.99
TXN014753,C0095,2024-11-06,19.99
TXN004235,C0002,2024-11-06,29.99
TXN015254,C0046,2024-11-06,79.99
TXN017947,C0129,2024-11-06,99.99
TXN003509,C0062,2024-11-06,29.99
TXN016818,C0123,2024-11-06,19.99
TXN005317,C0102,2024-11-06,39.99
TXN007986,C0311,2024-11-06,49.99
TXN010164,C0115,2024-11-06,59.99
TXN014618,C0240,2024-11-06,99.99
TXN011217,C0107,2024-11-06,149.99
TXN001625,C0062,2024-11-06,29.99
TXN006443,C0152,2024-11-06,49.99
TXN016246,C0130,2024-11-06,95.57
TXN004334,C0208,2024-11-06,39.99
TXN017067,C0231,2024-11-06,59.99
TXN000075,C0312,2024-11-06,79.99
TXN005610,C0259,2024-11-06,59.99
TXN013654,C0286,2024-11-07,19.99
TXN013717,C0312,2024-11-07,79.99
TXN003272,C0060,2024-11-07,39.99
TXN012367,C0147,2024-11-07,19.99
TXN007781,C0035,2024-11-07,79.99
TXN013194,C0104,2024-11-07,19.99
TXN000460,C0144,2024-11-07,14.07
TXN014343,C0332,2024-11-07,19.99
TXN007197,C0214,2024-11-07,59.99
TXN001526,C0237,2024-11-07,29.99
TXN005481,C0282,2024-11-07,29.99
TXN002493,C0078,2024-11-07,49.99
TXN015886,C0121,2024-11-07,59.99
TXN010667,C0095,2024-11-07,19.99
TXN002901,C0302,2024-11-07,49.99
TXN003787,C0039,2024-11-07,49.99
TXN001650,C0306,2024-11-07,29.99
TXN017448,C0099,2024-11-07,29.99
TXN008704,C0221,2024-11-07,37.61
TXN004688,C0208,2024-11-07,39.99
TXN010035,C0109,2024-11-07,149.99
TXN011633,C0144,2024-11-07,19.99
TXN004171,C0093,2024-11-07,19.99
TXN011929,C0040,2024-11-07,39.99
TXN009101,C0064,2024-11-07,149.99
TXN009662,C0072,2024-11-07,29.99
TXN011186,C0101,2024-11-07,129.99
TXN016081,C0017,2024-11-07,59.99
TXN006259,C0222,2024-11-07,59.99
TXN004852,C0115,2024-11-07,59.99
TXN014494,C0248,2024-11-07,59.99
TXN003551,C0238,2024-11-07,59.99
TXN015090,C0015,2024-11-07,199.99
TXN003861,C0242,2024-11-07,29.33
TXN007996,C0007,2024-11-07,39.99
TXN016858,C0229,2024-11-07,49.99
TXN003125,C0328,2024-11-07,29.99
TXN012425,C0026,2024-11-07,79.99
TXN018176,C0034,2024-11-07,49.99
TXN006428,C0214,2024-11-07,59.99
TXN006094,C0150,2024-11-07,99.99
TXN011037,C0231,2024-11-08,59.99
TXN011684,C0004,2024-11-08,99.99
TXN002038,C0319,2024-11-08,29.99
TXN007768,C0340,2024-11-08,39.99
TXN013249,C0013,2024-11-08,59.99
TXN012821,C0172,2024-11-08,29.99
TXN012372,C0202,2024-11-08,19.99
TXN002731,C0142,2024-11-08,32.34
TXN008823,C0080,2024-11-08,59.99
TXN000773,C0149,2024-11-08,39.99
TXN013783,C0213,2024-11-08,59.99
TXN003725,C0068,2024-11-08,70.89
TXN002180,C0231,2024-11-08,59.99
TXN009187,C0272,2024-11-08,59.99
TXN004245,C0157,2024-11-08,59.99
TXN000456,C0098,2024-11-08,19.99
TXN008258,C0302,2024-11-08,49.99
TXN017386,C0029,2024-11-08,39.99
TXN008450,C0022,2024-11-08,29.99
TXN011536,C0214,2024-11-08,59.99
TXN015199,C0192,2024-11-08,79.99
TXN009466,C0243,2024-11-08,29.99
TXN010968,C0069,2024-11-08,29.99
TXN007948,C0067,2024-11-08,39.99
TXN000647,C0234,2024-11-08,79.99
TXN014015,C0258,2024-11-08,19.99
TXN011470,C0220,2024-11-08,29.99
TXN013032,C0152,2024-11-08,40.38
TXN000741,C0148,2024-11-08,120.06
TXN010289,C0238,2024-11-08,59.99
TXN010037,C0251,2024-11-08,49.99
TXN012111,C0056,2024-11-08,23.02
TXN001723,C0093,2024-11-08,14.81
TXN007920,C0048,2024-11-08,59.99
TXN001468,C0178,2024-11-09,59.99
TXN010725,C0131,2024-11-09,59.99
TXN010133,C0233,2024-11-09,59.99
TXN008937,C0019,2024-11-09,59.99
TXN010892,C0211,2024-11-09,49.99
TXN007496,C0304,2024-11-09,49.99
TXN012472,C0127,2024-11-09,29.99
TXN016355,C0181,2024-11-09,99.99
TXN004006,C0283,2024-11-09,39.99
TXN013214,C0069,2024-11-09,29.99
TXN005705,C0068,2024-11-09,79.99
TXN015036,C0287,2024-11-09,49.99
TXN012402,C0272,2024-11-09,59.99
TXN007199,C0020,2024-11-09,19.99
TXN002882,C0244,2024-11-09,79.99
TXN006069,C0061,2024-11-09,49.99
TXN009326,C0260,2024-11-09,59.99
TXN002742,C0301,2024-11-09,61.49
TXN004141,C0317,2024-11-09,29.99
TXN000813,C0191,2024-11-09,79.99
TXN006098,C0104,2024-11-09,19.99
TXN002993,C0150,2024-11-09,99.99
TXN007119,C0024,2024-11-09,99.99
TXN007462,C0277,2024-11-09,49.99
TXN001766,C0331,2024-11-09,59.99
TXN011582,C0238,2024-11-09,59.99
TXN010155,C0202,2024-11-09,19.99
TXN015226,C0310,2024-11-09,19.99
TXN002058,C0286,2024-11-10,19.99
TXN007650,C0265,2024-11-10,49.99
TXN008083,C0137,2024-11-10,129.99
TXN009842,C0238,2024-11-10,59.99
TXN012446,C0324,2024-11-10,49.99
TXN001279,C0306,2024-11-10,29.99
TXN009177,C0313,2024-11-10,29.92
TXN001222,C0114,2024-11-10,49.99
TXN009995,C0283,2024-11-10,39.99
TXN010410,C0319,2024-11-10,29.99
TXN013089,C0169,2024-11-10,45.13
TXN006678,C0225,2024-11-10,29.99
TXN015632,C0112,2024-11-10,44.32
TXN006783,C0294,2024-11-10,49.99
TXN016506,C0236,2024-11-10,29.99
TXN018289,C0119,2024-11-10,59.99
TXN003208,C0012,2024-11-10,49.99
TXN001749,C0328,2024-11-10,29.99
TXN009377,C0189,2024-11-10,42.71
TXN004287,C0060,2024-11-10,39.99
TXN016107,C0012,2024-11-10,49.99
TXN000618,C0134,2024-11-10,99.99
TXN011087,C0317,2024-11-10,29.99
TXN014594,C0211,2024-11-10,49.99
TXN005751,C0342,2024-11-10,52.39
TXN016549,C0023,2024-11-10,49.99
TXN003133,C0109,2024-11-10,149.99
TXN012131,C0149,2024-11-10,39.99
TXN013758,C0122,2024-11-11,149.99
TXN015663,C0209,2024-11-11,35.28
TXN003130,C0288,2024-11-11,19.99
TXN017466,C0041,2024-11-11,49.99
TXN003174,C0070,2024-11-11,149.99
TXN001286,C0107,2024-11-11,149.99
TXN014839,C0019,2024-11-11,44.75
TXN013229,C0216,2024-11-11,39.99
TXN004776,C0214,2024-11-11,59.99
TXN001424,C0113,2024-11-11,49.99
TXN002120,C0020,2024-11-11,19.99
TXN002800,C0180,2024-11-11,39.99
TXN016871,C0045,2024-11-11,59.99
TXN002851,C0095,2024-11-11,15.48
TXN005165,C0189,2024-11-11,42.08
TXN012928,C0102,2024-11-11,39.99
TXN012438,C0011,2024-11-11,44.69
TXN007791,C0062,2024-11-11,29.99
TXN015732,C0340,2024-11-11,39.99
TXN001144,C0133,2024-11-11,59.99
TXN018173,C0293,2024-11-11,59.99
TXN001937,C0021,2024-11-11,19.99
TXN015812,C0263,2024-11-11,39.99
TXN009934,C0191,2024-11-11,79.99
TXN012165,C0237,2024-11-11,29.99
TXN006939,C0034,2024-11-11,49.99
TXN004100,C0040,2024-11-11,39.99
TXN008422,C0259,2024-11-11,59.99
TXN017731,C0087,2024-11-11,49.99
TXN012483,C0150,2024-11-11,99.99
TXN004319,C0278,2024-11-11,39.99
TXN004487,C0168,2024-11-11,39.99
TXN009849,C0005,2024-11-11,29.99
TXN003731,C0033,2024-11-11,49.99
TXN010896,C0308,2024-11-11,29.99
TXN018063,C0043,2024-11-11,29.99
TXN012617,C0326,2024-11-11,19.99
TXN007176,C0033,2024-11-11,41.02
TXN009265,C0144,2024-11-11,19.99
TXN000762,C0208,2024-11-11,39.99
TXN000320,C0038,2024-11-11,129.99
TXN011992,C0016,2024-11-11,149.99
TXN001463,C0108,2024-11-11,19.99
TXN013797,C0215,2024-11-11,39.99
TXN004839,C0093,2024-11-11,17.66
TXN018084,C0144,2024-11-11,17.61
TXN001200,C0350,2024-11-11,19.99
TXN013095,C0177,2024-11-11,59.99
TXN008280,C0293,2024-11-11,59.99
TXN004590,C0163,2024-11-11,29.99
TXN000775,C0308,2024-11-11,29.99
TXN006746,C0002,2024-11-12,29.99
TXN015043,C0036,2024-11-12,49.99
TXN004231,C0217,2024-11-12,29.99
TXN015044,C0318,2024-11-12,34.52
TXN018293,C0105,2024-11-12,29.99
TXN010307,C0122,2024-11-12,126.12
TXN008186,C0316,2024-11-12,129.99
TXN015986,C0283,2024-11-12,39.99
TXN001590,C0092,2024-11-12,29.99
TXN009245,C0192,2024-11-12,79.99
TXN004718,C0171,2024-11-12,49.99
TXN007798,C0031,2024-11-12,16.81
TXN006320,C0040,2024-11-12,39.99
TXN012243,C0339,2024-11-12,29.07
TXN016856,C0138,2024-11-12,59.99
TXN004829,C0316,2024-11-12,129.99
TXN001686,C0115,2024-11-12,59.99
TXN018159,C0028,2024-11-12,39.99
TXN015629,C0155,2024-11-12,39.99
TXN010512,C0104,2024-11-12,19.99
TXN001248,C0283,2024-11-12,39.99
TXN002803,C0219,2024-11-12,59.99
TXN002482,C0015,2024-11-12,199.99
TXN017587,C0285,2024-11-12,39.99
TXN008408,C0263,2024-11-12,39.99
TXN016265,C0221,2024-11-12,49.99
TXN002276,C0323,2024-11-12,99.99
TXN005369,C0073,2024-11-12,19.99
TXN018122,C0173,2024-11-12,39.99
TXN012022,C0086,2024-11-12,59.99
TXN012513,C0119,2024-11-12,59.99
TXN015561,C0207,2024-11-12,29.99
TXN016218,C0274,2024-11-12,29.99
TXN016645,C0145,2024-11-12,59.99
TXN008145,C0093,2024-11-12,14.62
TXN006072,C0260,2024-11-12,59.99
TXN001316,C0029,2024-11-13,39.99
TXN010659,C0058,2024-11-13,49.99
TXN015786,C0292,2024-11-13,99.99
TXN003349,C0235,2024-11-13,71.3
TXN015806,C0275,2024-11-13,19.99
TXN009642,C0340,2024-11-13,39.99
TXN018132,C0083,2024-11-13,29.99
TXN002104,C0149,2024-11-13,39.99
TXN003240,C0068,2024-11-13,79.99
TXN000059,C0260,2024-11-13,45.78
TXN010071,C0301,2024-11-13,79.99
TXN008846,C0021,2024-11-13,19.99
TXN010043,C0143,2024-11-13,59.99
TXN005510,C0147,2024-11-13,19.99
TXN013027,C0220,2024-11-13,29.99
TXN013853,C0334,2024-11-13,29.99
TXN002128,C0072,2024-11-13,29.99
TXN016514,C0188,2024-11-13,49.99
TXN011824,C0015,2024-11-13,199.99
TXN009796,C0157,2024-11-13,59.99
TXN007835,C0100,2024-11-13,49.99
TXN015959,C0320,2024-11-13,199.99
TXN006687,C0230,2024-11-13,19.99
TXN004355,C0328,2024-11-13,29.99
TXN003411,C0194,2024-11-13,149.99
TXN015757,C0142,2024-11-13,39.99
TXN009050,C0285,2024-11-13,39.99
TXN017185,C0140,2024-11-13,29.99
TXN003403,C0061,2024-11-13,49.99
TXN009545,C0289,2024-11-13,71.62
TXN000907,C0277,2024-11-13,49.99
TXN013162,C0178,2024-11-13,59.99
TXN001266,C0322,2024-11-13,49.99
TXN002746,C0099,2024-11-13,29.99
TXN017931,C0079,2024-11-13,29.99
TXN004415,C0026,2024-11-13,58.1
TXN007641,C0240,2024-11-13,99.99
TXN016490,C0186,2024-11-13,33.23
TXN000164,C0299,2024-11-13,59.99
TXN008047,C0279,2024-11-13,17.22
TXN002707,C0003,2024-11-14,22.23
TXN008476,C0339,2024-11-14,39.99
TXN003578,C0162,2024-11-14,79.99
TXN016707,C0258,2024-11-14,19.99
TXN013351,C0321,2024-11-14,112.37
TXN014913,C0047,2024-11-14,29.99
TXN007939,C0289,2024-11-14,79.99
TXN001206,C0276,2024-11-14,79.99
TXN014886,C0161,2024-11-14,35.19
TXN004313,C0047,2024-11-14,29.99
TXN011821,C0342,2024-11-14,59.99
TXN007814,C0350,2024-11-14,16.97
TXN010340,C0317,2024-11-14,29.99
TXN008035,C0024,2024-11-14,76.28
TXN005902,C0161,2024-11-14,49.99
TXN007837,C0027,2024-11-14,49.99
TXN004856,C0143,2024-11-14,59.99
TXN014068,C0207,2024-11-14,29.99
TXN000201,C0043,2024-11-14,29.99
TXN015104,C0317,2024-11-14,29.99
TXN011263,C0035,2024-11-14,79.99
TXN013772,C0310,2024-11-14,19.99
TXN010076,C0222,2024-11-14,59.99
TXN001116,C0040,2024-11-14,39.99
TXN012961,C0237,2024-11-14,29.99
TXN008668,C0137,2024-11-14,129.99
TXN009394,C0292,2024-11-14,99.99
TXN014005,C0029,2024-11-14,39.99
TXN003439,C0164,2024-11-14,49.99
TXN008418,C0212,2024-11-14,30.62
TXN017151,C0150,2024-11-14,99.99
TXN010798,C0090,2024-11-14,49.99
TXN011537,C0069,2024-11-14,29.99
TXN006778,C0085,2024-11-14,79.99
TXN012152,C0317,2024-11-14,29.99
TXN004170,C0217,2024-11-14,29.99
TXN007784,C0115,2024-11-14,59.99
TXN007391,C0121,2024-11-14,59.99
TXN010575,C0342,2024-11-14,59.99
TXN018074,C0103,2024-11-14,49.99
TXN015509,C0053,2024-11-15,29.99
TXN005171,C0044,2024-11-15,59.99
TXN000374,C0032,2024-11-15,99.99
TXN008607,C0159,2024-11-15,79.99
TXN012100,C0241,2024-11-15,129.99
TXN015729,C0225,2024-11-15,29.99
TXN018402,C0281,2024-11-15,99.99
TXN018372,C0191,2024-11-15,79.99
TXN002825,C0273,2024-11-15,199.99
TXN002039,C0087,2024-11-15,49.99
TXN011572,C0005,2024-11-15,29.99
TXN008518,C0245,2024-11-15,35.77
TXN005221,C0220,2024-11-15,29.99
TXN016798,C0016,2024-11-15,149.99
TXN017746,C0152,2024-11-15,49.99
TXN017749,C0101,2024-11-15,129.99
TXN016715,C0138,2024-11-15,59.99
TXN002805,C0184,2024-11-15,19.99
TXN005425,C0099,2024-11-15,21.64
TXN018028,C0279,2024-11-15,19.99
TXN012323,C0111,2024-11-15,99.99
TXN001006,C0059,2024-11-15,49.99
TXN009224,C0060,2024-11-15,39.99
TXN014627,C0191,2024-11-15,62.34
TXN003150,C0126,2024-11-15,99.99
TXN002672,C0141,2024-11-15,59.99
TXN014740,C0219,2024-11-15,59.99
TXN016120,C0137,2024-11-15,129.99
TXN002439,C0204,2024-11-15,39.99
TXN018129,C0243,2024-11-15,29.99
TXN010639,C0295,2024-11-15,39.99
TXN005756,C0090,2024-11-16,49.99
TXN011521,C0045,2024-11-16,59.99
TXN014526,C0012,2024-11-16,49.99
TXN018147,C0319,2024-11-16,29.99
TXN012955,C0222,2024-11-16,59.99
TXN007543,C0272,2024-11-16,42.95
TXN006935,C0298,2024-11-16,199.99
TXN009382,C0325,2024-11-16,59.99
TXN016622,C0085,2024-11-16,79.99
TXN014540,C0188,2024-11-16,49.99
TXN010811,C0048,2024-11-16,59.99
TXN010135,C0205,2024-11-16,19.99
TXN005325,C0335,2024-11-16,39.99
TXN004587,C0099,2024-11-16,24.73
TXN017000,C0314,2024-11-16,59.99
TXN009765,C0060,2024-11-16,39.99
TXN007489,C0114,2024-11-16,49.99
TXN016403,C0197,2024-11-16,19.99
TXN007345,C0012,2024-11-16,49.99
TXN014441,C0028,2024-11-16,39.99
TXN007444,C0007,2024-11-16,39.99
TXN004613,C0003,2024-11-16,29.99
TXN011562,C0216,2024-11-16,39.99
TXN009737,C0342,2024-11-16,59.99
TXN016219,C0348,2024-11-16,26.49
TXN007648,C0092,2024-11-16,29.99
TXN011779,C0158,2024-11-16,79.99
TXN008755,C0036,2024-11-16,49.99
TXN005979,C0095,2024-11-16,19.99
TXN008730,C0263,2024-11-16,39.99
TXN010036,C0237,2024-11-16,29.99
TXN007000,C0256,2024-11-16,29.99
TXN007853,C0151,2024-11-16,79.99
TXN000728,C0134,2024-11-16,99.99
TXN007121,C0163,2024-11-16,29.99
TXN000241,C0156,2024-11-16,39.99
TXN017857,C0168,2024-11-16,39.99
TXN006166,C0194,2024-11-16,149.99
TXN015588,C0264,2024-11-16,49.99
TXN015779,C0264,2024-11-17,49.99
TXN003031,C0060,2024-11-17,39.99
TXN010863,C0164,2024-11-17,49.99
TXN004461,C0101,2024-11-17,129.99
TXN014834,C0171,2024-11-17,40.77
TXN015125,C0304,2024-11-17,49.99
TXN003381,C0060,2024-11-17,34.29
TXN008235,C0018,2024-11-17,29.99
TXN000910,C0345,2024-11-17,49.99
TXN004772,C0268,2024-11-17,59.99
TXN005698,C0032,2024-11-17,99.99
TXN000995,C0265,2024-11-17,49.99
TXN017650,C0022,2024-11-17,29.99
TXN005464,C0258,2024-11-17,19.99
TXN016505,C0028,2024-11-17,39.99
TXN000502,C0196,2024-11-17,29.99
TXN016952,C0338,2024-11-17,49.99
TXN010936,C0244,2024-11-17,79.99
TXN012122,C0046,2024-11-17,79.99
TXN017513,C0052,2024-11-17,149.99
TXN010331,C0137,2024-11-17,129.99
TXN009874,C0125,2024-11-17,49.99
TXN004938,C0209,2024-11-17,39.99
TXN001870,C0065,2024-11-17,29.99
TXN018448,C0266,2024-11-17,199.99
TXN011792,C0293,2024-11-17,59.99
TXN007790,C0316,2024-11-17,129.99
TXN017468,C0286,2024-11-17,19.99
TXN008642,C0317,2024-11-17,29.99
TXN003560,C0160,2024-11-17,79.99
TXN004167,C0333,2024-11-17,39.99
TXN002092,C0007,2024-11-17,30.06
TXN005182,C0243,2024-11-17,29.99
TXN014955,C0024,2024-11-17,79.21
TXN017248,C0266,2024-11-17,199.99
TXN013667,C0161,2024-11-17,49.99
TXN010281,C0115,2024-11-17,59.99
TXN001067,C0078,2024-11-17,49.99
TXN001754,C0234,2024-11-17,79.99
TXN003972,C0309,2024-11-17,49.99
TXN003666,C0067,2024-11-17,39.99
TXN008681,C0005,2024-11-18,29.99
TXN012285,C0176,2024-11-18,47.22
TXN002791,C0012,2024-11-18,49.99
TXN014585,C0327,2024-11-18,65.5
TXN017982,C0276,2024-11-18,67.56
TXN003270,C0007,2024-11-18,39.99
TXN011502,C0243,2024-11-18,29.99
TXN007335,C0340,2024-11-18,39.99
TXN014555,C0270,2024-11-18,49.99
TXN003140,C0254,2024-11-18,63.95
TXN015613,C0134,2024-11-18,99.99
TXN006791,C0348,2024-11-18,29.99
TXN000292,C0245,2024-11-18,39.99
TXN000410,C0195,2024-11-18,15.14
TXN010813,C0060,2024-11-18,39.99
TXN014445,C0318,2024-11-18,39.99
TXN003756,C0286,2024-11-18,19.99
TXN012352,C0078,2024-11-18,49.99
TXN012733,C0031,2024-11-18,19.99
TXN009356,C0320,2024-11-18,144.49
TXN015176,C0095,2024-11-18,19.99
TXN013754,C0219,2024-11-18,59.99
TXN002170,C0242,2024-11-18,39.99
TXN002596,C0103,2024-11-18,49.99
TXN013373,C0024,2024-11-18,99.99
TXN016582,C0334,2024-11-18,29.99
TXN001049,C0109,2024-11-18,149.99
TXN005634,C0285,2024-11-18,39.99
TXN006762,C0093,2024-11-18,19.99
TXN008221,C0300,2024-11-18,49.99
TXN009861,C0248,2024-11-18,45.82
TXN001897,C0296,2024-11-18,39.99
TXN007668,C0174,2024-11-18,29.99
TXN008631,C0004,2024-11-18,99.99
TXN017380,C0156,2024-11-18,39.99
TXN006855,C0179,2024-11-18,49.99
TXN014007,C0058,2024-11-18,49.99
TXN015521,C0115,2024-11-19,59.99
TXN001205,C0167,2024-11-19,39.99
TXN010247,C0032,2024-11-19,99.99
TXN011701,C0125,2024-11-19,35.3
TXN012085,C0340,2024-11-19,39.99
TXN006447,C0007,2024-11-19,39.99
TXN004445,C0021,2024-11-19,19.99
TXN009608,C0323,2024-11-19,99.99
TXN016195,C0188,2024-11-19,49.99
TXN005773,C0002,2024-11-19,29.99
TXN002714,C0220,2024-11-19,29.99
TXN011538,C0026,2024-11-19,79.99
TXN016624,C0024,2024-11-19,99.99
TXN014687,C0254,2024-11-19,79.99
TXN014122,C0222,2024-11-19,59.99
TXN004733,C0260,2024-11-19,49.7
TXN014056,C0099,2024-11-19,29.99
TXN010708,C0103,2024-11-19,49.99
TXN000452,C0217,2024-11-19,23.27
TXN005995,C0271,2024-11-19,42.91
TXN001581,C0179,2024-11-19,49.99
TXN007866,C0120,2024-11-19,29.99
TXN000378,C0099,2024-11-19,29.99
TXN002330,C0299,2024-11-19,59.99
TXN009366,C0350,2024-11-19,19.99
TXN014861,C0172,2024-11-19,29.99
TXN003805,C0237,2024-11-19,29.99
TXN005806,C0045,2024-11-19,59.99
TXN014997,C0046,2024-11-19,79.99
TXN002162,C0083,2024-11-19,29.99
TXN007532,C0091,2024-11-19,99.99
TXN002877,C0217,2024-11-19,29.99
TXN014437,C0342,2024-11-19,59.99
TXN009099,C0123,2024-11-19,19.99
TXN003651,C0014,2024-11-19,29.99
TXN015073,C0089,2024-11-19,79.99
TXN005807,C0313,2024-11-19,39.99
TXN016458,C0067,2024-11-19,39.99
TXN001815,C0220,2024-11-19,29.99
TXN012844,C0194,2024-11-19,149.99
TXN004723,C0322,2024-11-19,49.99
TXN016562,C0095,2024-11-19,19.99
TXN017768,C0110,2024-11-19,59.99
TXN017254,C0243,2024-11-20,29.99
TXN009498,C0282,2024-11-20,29.99
TXN013173,C0317,2024-11-20,29.99
TXN003058,C0092,2024-11-20,29.99
TXN014434,C0132,2024-11-20,49.99
TXN013821,C0283,2024-11-20,39.99
TXN011422,C0007,2024-11-20,39.99
TXN014749,C0001,2024-11-20,19.99
TXN013931,C0319,2024-11-20,29.99
TXN017402,C0298,2024-11-20,199.99
TXN006833,C0010,2024-11-20,59.99
TXN015604,C0248,2024-11-20,59.99
TXN003665,C0311,2024-11-20,49.99
TXN004903,C0247,2024-11-20,49.99
TXN004564,C0286,2024-11-20,19.99
TXN007213,C0116,2024-11-20,29.99
TXN006068,C0051,2024-11-20,29.99
TXN011870,C0164,2024-11-20,49.99
TXN017242,C0214,2024-11-20,59.99
TXN003619,C0099,2024-11-20,29.99
TXN012154,C0210,2024-11-20,79.99
TXN000025,C0202,2024-11-20,19.99
TXN002865,C0039,2024-11-20,49.99
TXN010939,C0247,2024-11-20,49.99
TXN015942,C0029,2024-11-20,39.99
TXN012176,C0134,2024-11-20,99.99
TXN010414,C0180,2024-11-20,39.99
TXN009477,C0267,2024-11-20,29.99
TXN015506,C0248,2024-11-20,59.99
TXN008753,C0102,2024-11-20,30.32
TXN015733,C0044,2024-11-20,59.99
TXN001100,C0196,2024-11-20,29.99
TXN008021,C0288,2024-11-20,19.99
TXN011510,C0217,2024-11-20,29.99
TXN016252,C0121,2024-11-20,59.99
TXN011528,C0127,2024-11-20,24.06
TXN004981,C0057,2024-11-20,99.99
TXN004952,C0040,2024-11-21,39.99
TXN016102,C0314,2024-11-21,44.73
TXN014259,C0285,2024-11-21,39.99
TXN011871,C0014,2024-11-21,29.99
TXN009380,C0012,2024-11-21,49.99
TXN010298,C0099,2024-11-21,29.99
TXN007393,C0143,2024-11-21,59.99
TXN012761,C0005,2024-11-21,29.99
TXN009266,C0248,2024-11-21,59.99
TXN003639,C0187,2024-11-21,39.99
TXN013878,C0346,2024-11-21,199.99
TXN016456,C0263,2024-11-21,39.99
TXN005657,C0011,2024-11-21,49.99
TXN001516,C0114,2024-11-21,49.99
TXN009574,C0230,2024-11-21,19.99
TXN007829,C0279,2024-11-21,19.99
TXN010033,C0255,2024-11-21,99.99
TXN014889,C0311,2024-11-21,49.99
TXN010505,C0307,2024-11-21,59.99
TXN012487,C0151,2024-11-21,79.99
TXN012917,C0209,2024-11-21,33.44
TXN016129,C0031,2024-11-21,19.99
TXN004657,C0208,2024-11-21,39.99
TXN016578,C0217,2024-11-21,29.99
TXN015146,C0177,2024-11-21,59.99
TXN006256,C0258,2024-11-21,19.99
TXN015358,C0283,2024-11-21,28.4
TXN004012,C0266,2024-11-21,199.99
TXN003253,C0205,2024-11-21,19.99
TXN001924,C0318,2024-11-21,39.99
TXN015615,C0179,2024-11-22,49.99
TXN014819,C0165,2024-11-22,19.99
TXN007997,C0187,2024-11-22,39.99
TXN016766,C0333,2024-11-22,34.35
TXN017856,C0248,2024-11-22,59.99
TXN003530,C0273,2024-11-22,199.99
TXN002652,C0096,2024-11-22,49.99
TXN010963,C0201,2024-11-22,129.99
TXN012234,C0204,2024-11-22,39.99
TXN000736,C0188,2024-11-22,49.99
TXN001835,C0114,2024-11-22,49.99
TXN010399,C0143,2024-11-22,59.99
TXN015524,C0213,2024-11-22,59.99
TXN014517,C0222,2024-11-22,51.06
TXN013417,C0102,2024-11-22,39.99
TXN018032,C0317,2024-11-22,29.99
TXN000980,C0165,2024-11-22,19.99
TXN007362,C0131,2024-11-22,59.99
TXN003289,C0161,2024-11-22,49.99
TXN010791,C0332,2024-11-22,19.99
TXN009336,C0237,2024-11-22,21.4
TXN013465,C0176,2024-11-22,59.99
TXN011793,C0034,2024-11-22,49.99
TXN005414,C0265,2024-11-22,43.14
TXN011314,C0077,2024-11-22,99.99
TXN001868,C0040,2024-11-22,39.99
TXN004359,C0022,2024-11-22,29.99
TXN013418,C0124,2024-11-22,59.99
TXN018481,C0349,2024-11-22,129.99
TXN000312,C0172,2024-11-22,29.99
TXN000920,C0290,2024-11-23,29.99
TXN009229,C0057,2024-11-23,99.99
TXN002879,C0281,2024-11-23,99.99
TXN012049,C0078,2024-11-23,49.99
TXN001576,C0274,2024-11-23,29.99
TXN013308,C0124,2024-11-23,59.99
TXN016354,C0340,2024-11-23,30.47
TXN014945,C0136,2024-11-23,19.99
TXN015399,C0313,2024-11-23,39.99
TXN000956,C0111,2024-11-23,99.99
TXN017842,C0323,2024-11-23,99.99
TXN002502,C0218,2024-11-23,29.99
TXN014695,C0014,2024-11-23,29.99
TXN012885,C0238,2024-11-23,59.99
TXN015264,C0147,2024-11-23,19.99
TXN014733,C0313,2024-11-23,39.99
TXN018221,C0225,2024-11-23,29.99
TXN016123,C0168,2024-11-23,39.99
TXN018096,C0211,2024-11-23,49.99
TXN004628,C0111,2024-11-23,99.99
TXN007194,C0143,2024-11-23,59.99
TXN004800,C0018,2024-11-23,29.99
TXN005624,C0134,2024-11-23,99.99
TXN004196,C0139,2024-11-23,59.99
TXN007930,C0143,2024-11-23,59.99
TXN006067,C0205,2024-11-23,19.99
TXN000324,C0335,2024-11-23,39.99
TXN006437,C0130,2024-11-23,129.99
TXN011324,C0296,2024-11-24,39.99
TXN003942,C0107,2024-11-24,113.07
TXN011202,C0264,2024-11-24,49.99
TXN009430,C0172,2024-11-24,29.99
TXN011976,C0295,2024-11-24,39.99
TXN009742,C0277,2024-11-24,49.99
TXN015803,C0053,2024-11-24,29.99
TXN005515,C0268,2024-11-24,45.0
TXN015468,C0021,2024-11-24,19.99
TXN005367,C0190,2024-11-24,59.99
TXN015457,C0095,2024-11-24,15.94
TXN002857,C0210,2024-11-24,79.99
TXN007331,C0117,2024-11-24,19.99
TXN005420,C0138,2024-11-24,59.99
TXN011102,C0330,2024-11-24,79.99
TXN009165,C0027,2024-11-24,39.72
TXN004831,C0125,2024-11-24,49.99
TXN002377,C0248,2024-11-24,59.99
TXN016673,C0198,2024-11-24,47.98
TXN003309,C0107,2024-11-24,149.99
TXN010234,C0037,2024-11-24,99.99
TXN018304,C0117,2024-11-24,19.99
TXN007838,C0253,2024-11-24,21.97
TXN005662,C0012,2024-11-24,49.99
TXN015612,C0173,2024-11-24,39.99
TXN005601,C0289,2024-11-24,79.99
TXN003553,C0095,2024-11-24,19.99
TXN000516,C0180,2024-11-24,39.99
TXN009062,C0338,2024-11-24,49.99
TXN013761,C0169,2024-11-24,59.99
TXN000449,C0230,2024-11-24,16.56
TXN013992,C0042,2024-11-24,129.99
TXN008088,C0026,2024-11-24,57.5
TXN015610,C0323,2024-11-24,99.99
TXN017490,C0184,2024-11-24,19.99
TXN006535,C0091,2024-11-25,99.99
TXN006254,C0242,2024-11-25,39.99
TXN006707,C0221,2024-11-25,49.99
TXN006297,C0090,2024-11-25,49.99
TXN017687,C0305,2024-11-25,149.99
TXN007982,C0018,2024-11-25,29.99
TXN004813,C0236,2024-11-25,29.99
TXN010322,C0245,2024-11-25,39.99
TXN008322,C0306,2024-11-25,29.99
TXN000665,C0176,2024-11-25,59.99
TXN001376,C0112,2024-11-25,49.99
TXN003304,C0056,2024-11-25,29.99
TXN002045,C0022,2024-11-25,29.99
TXN017814,C0100,2024-11-25,49.99
TXN003330,C0347,2024-11-25,99.99
TXN002237,C0191,2024-11-25,79.99
TXN016332,C0093,2024-11-25,19.99
TXN008172,C0273,2024-11-25,199.99
TXN016305,C0282,2024-11-25,29.99
TXN005776,C0259,2024-11-25,43.89
TXN010593,C0150,2024-11-25,99.99
TXN013599,C0223,2024-11-25,19.99
TXN013422,C0056,2024-11-25,29.99
TXN007548,C0222,2024-11-25,59.99
TXN002840,C0091,2024-11-25,99.99
TXN002587,C0138,2024-11-25,59.99
TXN013049,C0190,2024-11-25,59.99
TXN002725,C0223,2024-11-25,19.99
TXN010986,C0176,2024-11-25,59.99
TXN015446,C0087,2024-11-25,49.99
TXN015243,C0068,2024-11-25,79.99
TXN006175,C0150,2024-11-25,99.99
TXN008536,C0182,2024-11-25,49.99
TXN007940,C0203,2024-11-26,129.99
TXN014799,C0229,2024-11-26,49.99
TXN010419,C0097,2024-11-26,129.99
TXN008037,C0022,2024-11-26,23.13
TXN011707,C0342,2024-11-26,46.41
TXN005817,C0286,2024-11-26,16.85
TXN007881,C0003,2024-11-26,29.99
TXN014942,C0147,2024-11-26,19.99
TXN004070,C0179,2024-11-26,49.99
TXN014006,C0274,2024-11-26,29.99
TXN017762,C0062,2024-11-26,29.99
TXN005609,C0199,2024-11-26,89.92
TXN014359,C0027,2024-11-26,49.99
TXN005722,C0119,2024-11-26,59.99
TXN002131,C0142,2024-11-26,39.99
TXN003447,C0043,2024-11-26,29.99
TXN015080,C0025,2024-11-26,79.99
TXN013312,C0332,2024-11-26,19.99
TXN003373,C0321,2024-11-26,108.5
TXN009681,C0278,2024-11-26,31.54
TXN000633,C0117,2024-11-26,19.99
TXN006893,C0065,2024-11-26,29.99
TXN016797,C0245,2024-11-26,39.99
TXN014568,C0008,2024-11-26,29.99
TXN000098,C0237,2024-11-26,29.99
TXN007759,C0169,2024-11-26,59.99
TXN004042,C0124,2024-11-26,59.99
TXN012004,C0238,2024-11-26,59.99
TXN002942,C0055,2024-11-26,49.99
TXN005061,C0300,2024-11-26,49.99
TXN010469,C0131,2024-11-26,47.48
TXN009392,C0099,2024-11-26,29.99
TXN014374,C0009,2024-11-26,79.99
TXN012801,C0262,2024-11-27,29.99
TXN001004,C0243,2024-11-27,29.99
TXN017711,C0080,2024-11-27,59.99
TXN002421,C0147,2024-11-27,19.99
TXN003442,C0019,2024-11-27,59.99
TXN002536,C0208,2024-11-27,39.99
TXN018371,C0116,2024-11-27,29.99
TXN006238,C0265,2024-11-27,49.99
TXN002605,C0022,2024-11-27,29.99
TXN008348,C0333,2024-11-27,29.42
TXN008543,C0032,2024-11-27,99.99
TXN012565,C0241,2024-11-27,129.99
TXN011809,C0182,2024-11-27,49.99
TXN001826,C0212,2024-11-27,39.99
TXN006000,C0111,2024-11-27,99.99
TXN013231,C0196,2024-11-27,29.99
TXN013290,C0234,2024-11-27,79.99
TXN009705,C0124,2024-11-27,59.99
TXN002881,C0191,2024-11-27,79.99
TXN003096,C0282,2024-11-27,29.99
TXN007038,C0333,2024-11-27,39.99
TXN008132,C0021,2024-11-27,19.99
TXN010757,C0002,2024-11-27,29.99
TXN018092,C0347,2024-11-27,99.99
TXN015357,C0099,2024-11-27,24.33
TXN003968,C0219,2024-11-27,59.99
TXN013881,C0061,2024-11-28,49.99
TXN001128,C0307,2024-11-28,59.99
TXN014097,C0161,2024-11-28,49.99
TXN005390,C0145,2024-11-28,59.99
TXN011036,C0012,2024-11-28,38.02
TXN012188,C0257,2024-11-28,19.99
TXN013174,C0056,2024-11-28,29.99
TXN003833,C0007,2024-11-28,39.99
TXN008972,C0318,2024-11-28,39.99
TXN008485,C0196,2024-11-28,29.99
TXN006815,C0291,2024-11-28,49.99
TXN013283,C0030,2024-11-28,199.99
TXN004488,C0313,2024-11-28,34.78
TXN014076,C0117,2024-11-28,14.59
TXN012366,C0097,2024-11-28,129.99
TXN012094,C0300,2024-11-28,49.99
TXN010057,C0098,2024-11-28,19.99
TXN009339,C0189,2024-11-28,49.99
TXN017427,C0292,2024-11-28,99.99
TXN010439,C0317,2024-11-28,29.99
TXN000448,C0259,2024-11-28,59.99
TXN003612,C0029,2024-11-28,28.05
TXN014193,C0011,2024-11-28,49.99
TXN001799,C0164,2024-11-28,44.48
TXN006049,C0148,2024-11-28,149.99
TXN013065,C0282,2024-11-28,29.99
TXN015108,C0027,2024-11-28,49.99
TXN006449,C0048,2024-11-28,59.99
TXN009758,C0137,2024-11-28,129.99
TXN003371,C0254,2024-11-28,79.99
TXN012059,C0185,2024-11-28,39.99
TXN013100,C0062,2024-11-28,29.99
TXN014067,C0295,2024-11-29,39.99
TXN003239,C0310,2024-11-29,19.99
TXN005097,C0104,2024-11-29,19.99
TXN001327,C0248,2024-11-29,49.92
TXN018466,C0182,2024-11-29,42.37
TXN004522,C0132,2024-11-29,49.99
TXN014029,C0233,2024-11-29,59.99
TXN011208,C0219,2024-11-29,59.99
TXN006438,C0191,2024-11-29,79.99
TXN018156,C0071,2024-11-29,49.99
TXN009592,C0007,2024-11-29,32.09
TXN008428,C0191,2024-11-29,79.99
TXN013724,C0013,2024-11-29,59.99
TXN017236,C0237,2024-11-29,29.99
TXN016439,C0333,2024-11-29,39.99
TXN016465,C0187,2024-11-29,39.99
TXN013503,C0085,2024-11-29,79.99
TXN004887,C0346,2024-11-29,199.99
TXN014608,C0258,2024-11-29,19.99
TXN006423,C0062,2024-11-29,29.99
TXN011889,C0094,2024-11-29,29.99
TXN008430,C0177,2024-11-29,52.7
TXN014870,C0061,2024-11-29,49.99
TXN006828,C0238,2024-11-29,59.99
TXN006602,C0131,2024-11-29,59.99
TXN018335,C0046,2024-11-29,79.99
TXN008652,C0333,2024-11-29,39.99
TXN007682,C0299,2024-11-29,59.99
TXN000464,C0050,2024-11-29,29.99
TXN018002,C0244,2024-11-29,60.14
TXN010850,C0043,2024-11-29,29.99
TXN012728,C0279,2024-11-29,19.99
TXN002430,C0072,2024-11-29,29.99
TXN009531,C0196,2024-11-29,29.99
TXN000315,C0046,2024-11-29,79.99
TXN006617,C0158,2024-11-29,79.99
TXN018201,C0188,2024-11-29,49.99
TXN002352,C0344,2024-11-29,114.34
TXN000035,C0211,2024-11-30,49.99
TXN012613,C0311,2024-11-30,49.99
TXN003485,C0233,2024-11-30,59.99
TXN012206,C0222,2024-11-30,59.99
TXN018494,C0031,2024-11-30,19.99
TXN009405,C0170,2024-11-30,39.99
TXN007324,C0272,2024-11-30,52.38
TXN005436,C0271,2024-11-30,59.99
TXN004988,C0034,2024-11-30,39.96
TXN008775,C0210,2024-11-30,79.99
TXN016947,C0049,2024-11-30,108.94
TXN011179,C0127,2024-11-30,29.99
TXN016289,C0188,2024-11-30,49.99
TXN005771,C0036,2024-11-30,49.99
TXN001649,C0284,2024-11-30,29.99
TXN003946,C0065,2024-11-30,29.99
TXN013738,C0061,2024-11-30,49.99
TXN000836,C0016,2024-11-30,149.99
TXN015945,C0029,2024-11-30,39.99
TXN009255,C0271,2024-11-30,59.99
TXN009256,C0022,2024-11-30,29.99
TXN003919,C0183,2024-11-30,49.99
TXN011644,C0174,2024-11-30,25.2
TXN016121,C0127,2024-11-30,29.99
TXN005999,C0036,2024-11-30,49.99
TXN006253,C0290,2024-11-30,29.99
TXN008825,C0170,2024-11-30,39.99
TXN010374,C0086,2024-11-30,59.99
TXN005077,C0265,2024-11-30,49.99
TXN002088,C0236,2024-11-30,29.99
TXN015896,C0322,2024-11-30,49.99
TXN018367,C0118,2024-11-30,30.97
TXN006450,C0341,2024-12-01,49.99
TXN013595,C0297,2024-12-01,59.99
TXN016260,C0056,2024-12-01,29.99
TXN013956,C0147,2024-12-01,19.99
TXN012937,C0234,2024-12-01,79.99
TXN006266,C0183,2024-12-01,49.99
TXN006395,C0295,2024-12-01,39.99
TXN014247,C0116,2024-12-01,29.99
TXN001435,C0274,2024-12-01,29.99
TXN004303,C0103,2024-12-01,49.99
TXN010789,C0295,2024-12-01,39.99
TXN012376,C0089,2024-12-01,79.99
TXN005936,C0300,2024-12-01,49.99
TXN014092,C0184,2024-12-01,19.99
TXN008481,C0319,2024-12-01,29.99
TXN009460,C0116,2024-12-01,23.97
TXN001775,C0327,2024-12-01,79.99
TXN018260,C0191,2024-12-01,79.99
TXN001473,C0158,2024-12-01,79.99
TXN012189,C0011,2024-12-01,37.54
TXN007967,C0348,2024-12-01,29.99
TXN002484,C0160,2024-12-01,79.99
TXN014326,C0161,2024-12-01,37.16
TXN017927,C0081,2024-12-01,59.99
TXN006109,C0097,2024-12-01,129.99
TXN004709,C0338,2024-12-01,49.99
TXN015993,C0247,2024-12-01,38.27
TXN015777,C0326,2024-12-01,19.99
TXN016557,C0067,2024-12-01,39.99
TXN001789,C0179,2024-12-01,49.99
TXN015142,C0208,2024-12-01,39.99
TXN001571,C0125,2024-12-01,49.99
TXN015166,C0119,2024-12-01,42.99
TXN005636,C0138,2024-12-01,59.99
TXN006702,C0045,2024-12-01,59.99
TXN015510,C0242,2024-12-01,39.99
TXN001155,C0092,2024-12-01,29.99
TXN011476,C0128,2024-12-01,59.99
TXN011860,C0300,2024-12-01,42.0
TXN000199,C0141,2024-12-01,49.0
TXN015027,C0004,2024-12-01,99.99
TXN001589,C0188,2024-12-01,49.99
TXN004641,C0190,2024-12-01,59.99
TXN007666,C0158,2024-12-02,79.99
TXN006296,C0092,2024-12-02,29.99
TXN014965,C0100,2024-12-02,49.99
TXN005841,C0271,2024-12-02,59.99
TXN013762,C0330,2024-12-02,79.99
TXN015133,C0300,2024-12-02,49.99
TXN002758,C0335,2024-12-02,39.99
TXN013462,C0347,2024-12-02,99.99
TXN014838,C0105,2024-12-02,29.99
TXN010750,C0068,2024-12-02,79.99
TXN018080,C0014,2024-12-02,29.99
TXN015641,C0267,2024-12-02,29.99
TXN002222,C0078,2024-12-02,49.99
TXN011551,C0335,2024-12-02,39.99
TXN001242,C0121,2024-12-02,59.99
TXN004421,C0298,2024-12-02,199.99
TXN011419,C0050,2024-12-02,29.99
TXN016872,C0154,2024-12-02,99.99
TXN007935,C0217,2024-12-02,29.99
TXN010348,C0350,2024-12-02,19.99
TXN012836,C0345,2024-12-02,49.99
TXN000563,C0040,2024-12-02,29.55
TXN006151,C0184,2024-12-02,19.99
TXN005156,C0259,2024-12-02,59.99
TXN000705,C0325,2024-12-02,59.99
TXN017920,C0233,2024-12-02,59.99
TXN002711,C0181,2024-12-02,99.99
TXN007851,C0028,2024-12-02,34.6
TXN002293,C0286,2024-12-02,19.99
TXN001595,C0279,2024-12-02,19.99
TXN015213,C0338,2024-12-02,49.99
TXN005720,C0071,2024-12-02,49.99
TXN010454,C0231,2024-12-02,44.09
TXN006434,C0054,2024-12-02,84.78
TXN013682,C0192,2024-12-02,79.99
TXN007188,C0324,2024-12-02,49.99
TXN016517,C0089,2024-12-02,79.99
TXN001788,C0022,2024-12-02,29.99
TXN009031,C0038,2024-12-02,129.99
TXN014747,C0267,2024-12-02,29.99
TXN004842,C0143,2024-12-02,59.99
TXN007457,C0229,2024-12-02,49.99
TXN010720,C0151,2024-12-02,79.99
TXN004563,C0004,2024-12-02,99.99
TXN018412,C0245,2024-12-02,39.99
TXN017672,C0214,2024-12-03,59.99
TXN007298,C0127,2024-12-03,29.99
TXN002637,C0125,2024-12-03,49.99
TXN017306,C0292,2024-12-03,99.99
TXN004452,C0035,2024-12-03,79.99
TXN001026,C0089,2024-12-03,79.99
TXN006612,C0328,2024-12-03,24.03
TXN011597,C0197,2024-12-03,19.99
TXN002835,C0038,2024-12-03,129.99
TXN005713,C0307,2024-12-03,59.99
TXN010819,C0256,2024-12-03,29.99
TXN011402,C0016,2024-12-03,149.99
TXN004330,C0350,2024-12-03,19.99
TXN017265,C0060,2024-12-03,39.99
TXN010984,C0002,2024-12-03,29.99
TXN006660,C0209,2024-12-03,39.99
TXN008987,C0153,2024-12-03,58.02
TXN004770,C0247,2024-12-03,49.99
TXN014964,C0196,2024-12-03,29.99
TXN009151,C0142,2024-12-03,39.99
TXN011411,C0095,2024-12-03,19.99
TXN013111,C0018,2024-12-03,29.99
TXN013110,C0172,2024-12-03,22.24
TXN004393,C0132,2024-12-03,39.49
TXN001821,C0040,2024-12-03,39.99
TXN014202,C0168,2024-12-03,39.99
TXN006089,C0202,2024-12-03,19.99
TXN014083,C0188,2024-12-03,49.99
TXN002814,C0164,2024-12-03,49.99
TXN007867,C0014,2024-12-03,29.99
TXN012325,C0254,2024-12-03,59.49
TXN005647,C0173,2024-12-03,39.99
TXN007178,C0056,2024-12-03,29.99
TXN009214,C0313,2024-12-03,39.99
TXN007492,C0282,2024-12-03,23.26
TXN017550,C0101,2024-12-03,129.99
TXN000746,C0256,2024-12-03,29.99
TXN007449,C0095,2024-12-03,19.99
TXN016450,C0037,2024-12-03,99.99
TXN017287,C0209,2024-12-03,28.52
TXN017208,C0119,2024-12-03,59.99
TXN016211,C0158,2024-12-04,56.75
TXN010905,C0280,2024-12-04,19.99
TXN013897,C0266,2024-12-04,199.99
TXN011099,C0335,2024-12-04,39.99
TXN016477,C0182,2024-12-04,49.99
TXN004291,C0322,2024-12-04,49.99
TXN016234,C0160,2024-12-04,79.99
TXN014767,C0033,2024-12-04,49.99
TXN000190,C0149,2024-12-04,39.99
TXN000571,C0004,2024-12-04,99.99
TXN006091,C0103,2024-12-04,49.99
TXN006337,C0197,2024-12-04,19.99
TXN018162,C0123,2024-12-04,19.99
TXN012933,C0077,2024-12-04,99.99
TXN000999,C0015,2024-12-04,199.99
TXN000227,C0310,2024-12-04,14.85
TXN011894,C0292,2024-12-04,99.99
TXN005904,C0170,2024-12-04,39.99
TXN004727,C0286,2024-12-04,19.99
TXN009521,C0147,2024-12-04,19.99
TXN002211,C0125,2024-12-04,49.99
TXN013940,C0131,2024-12-04,59.99
TXN010628,C0044,2024-12-04,59.99
TXN007286,C0279,2024-12-04,19.99
TXN003348,C0048,2024-12-04,59.99
TXN011802,C0163,2024-12-04,29.99
TXN008974,C0040,2024-12-04,39.99
TXN017095,C0315,2024-12-04,79.99
TXN005443,C0285,2024-12-04,39.99
TXN004682,C0027,2024-12-04,49.99
TXN001730,C0274,2024-12-04,23.77
TXN016361,C0095,2024-12-05,19.99
TXN018470,C0053,2024-12-05,29.99
TXN016901,C0281,2024-12-05,99.99
TXN004390,C0261,2024-12-05,49.99
TXN005578,C0264,2024-12-05,49.99
TXN000696,C0211,2024-12-05,43.31
TXN009854,C0339,2024-12-05,39.99
TXN004210,C0188,2024-12-05,35.54
TXN002050,C0092,2024-12-05,24.37
TXN012204,C0310,2024-12-05,16.77
TXN005826,C0033,2024-12-05,49.99
TXN007756,C0310,2024-12-05,19.99
TXN006062,C0221,2024-12-05,49.99
TXN012952,C0044,2024-12-05,59.99
TXN011357,C0075,2024-12-05,49.99
TXN006736,C0310,2024-12-05,19.99
TXN016892,C0058,2024-12-05,49.99
TXN008063,C0016,2024-12-05,149.99
TXN013932,C0147,2024-12-05,19.99
TXN017786,C0248,2024-12-05,59.99
TXN008736,C0271,2024-12-05,59.99
TXN010655,C0245,2024-12-05,39.99
TXN007692,C0045,2024-12-05,59.99
TXN008319,C0225,2024-12-05,29.99
TXN013934,C0248,2024-12-05,59.99
TXN015637,C0317,2024-12-05,29.99
TXN015901,C0254,2024-12-05,69.47
TXN014093,C0067,2024-12-05,35.73
TXN011503,C0010,2024-12-05,59.99
TXN001308,C0208,2024-12-05,39.99
TXN015634,C0069,2024-12-05,29.99
TXN009105,C0257,2024-12-05,19.99
TXN005961,C0001,2024-12-05,19.99
TXN012739,C0219,2024-12-05,59.99
TXN005948,C0336,2024-12-06,19.99
TXN016179,C0011,2024-12-06,49.99
TXN006241,C0239,2024-12-06,39.99
TXN006635,C0054,2024-12-06,99.99
TXN017785,C0078,2024-12-06,49.99
TXN004644,C0075,2024-12-06,43.17
TXN007278,C0236,2024-12-06,23.2
TXN000557,C0026,2024-12-06,79.99
TXN006708,C0214,2024-12-06,59.99
TXN002767,C0209,2024-12-06,39.99
TXN006409,C0052,2024-12-06,149.99
TXN010888,C0045,2024-12-06,59.99
TXN003916,C0231,2024-12-06,59.99
TXN016127,C0196,2024-12-06,29.99
TXN010805,C0340,2024-12-06,39.99
TXN010122,C0237,2024-12-06,29.99
TXN014551,C0265,2024-12-06,49.99
TXN013129,C0043,2024-12-06,29.99
TXN010206,C0137,2024-12-06,129.99
TXN008421,C0084,2024-12-06,19.99
TXN000505,C0182,2024-12-06,49.99
TXN003412,C0019,2024-12-06,59.99
TXN016300,C0251,2024-12-06,49.99
TXN007143,C0304,2024-12-06,49.99
TXN014216,C0256,2024-12-06,26.01
TXN012068,C0229,2024-12-06,49.99
TXN008639,C0147,2024-12-06,19.99
TXN010621,C0270,2024-12-06,49.99
TXN016497,C0113,2024-12-07,49.99
TXN013975,C0179,2024-12-07,49.99
TXN010744,C0077,2024-12-07,99.99
TXN016566,C0265,2024-12-07,49.99
TXN000596,C0164,2024-12-07,49.99
TXN003811,C0216,2024-12-07,34.5
TXN009645,C0328,2024-12-07,29.99
TXN002315,C0152,2024-12-07,38.13
TXN004627,C0016,2024-12-07,149.99
TXN002318,C0130,2024-12-07,129.99
TXN004701,C0269,2024-12-07,39.99
TXN013457,C0197,2024-12-07,19.99
TXN002729,C0085,2024-12-07,79.99
TXN001183,C0329,2024-12-07,99.99
TXN016131,C0279,2024-12-07,16.76
TXN017066,C0346,2024-12-07,199.99
TXN002963,C0301,2024-12-07,79.99
TXN017138,C0091,2024-12-07,99.99
TXN005370,C0319,2024-12-07,29.99
TXN014559,C0214,2024-12-07,59.99
TXN000359,C0185,2024-12-07,39.99
TXN009032,C0164,2024-12-07,49.99
TXN011191,C0137,2024-12-07,129.99
TXN010143,C0051,2024-12-07,29.99
TXN004184,C0068,2024-12-07,79.99
TXN007196,C0128,2024-12-07,59.99
TXN011844,C0289,2024-12-07,79.99
TXN014881,C0203,2024-12-07,129.99
TXN011624,C0286,2024-12-07,19.99
TXN017602,C0037,2024-12-07,99.99
TXN002171,C0085,2024-12-07,79.99
TXN011516,C0295,2024-12-07,39.99
TXN010353,C0148,2024-12-07,128.57
TXN002752,C0325,2024-12-07,59.99
TXN008207,C0079,2024-12-07,29.99
TXN015991,C0333,2024-12-07,39.99
TXN014586,C0199,2024-12-07,99.99
TXN014242,C0180,2024-12-07,31.62
TXN002573,C0041,2024-12-07,49.99
TXN016898,C0149,2024-12-07,39.99
TXN010216,C0313,2024-12-08,39.99
TXN004307,C0215,2024-12-08,39.99
TXN005548,C0143,2024-12-08,59.99
TXN012417,C0331,2024-12-08,59.99
TXN008675,C0040,2024-12-08,39.99
TXN014487,C0188,2024-12-08,49.99
TXN005268,C0310,2024-12-08,19.99
TXN018102,C0046,2024-12-08,79.99
TXN012014,C0201,2024-12-08,129.99
TXN003901,C0181,2024-12-08,99.99
TXN008567,C0030,2024-12-08,199.99
TXN010972,C0274,2024-12-08,29.99
TXN015819,C0144,2024-12-08,17.13
TXN011142,C0111,2024-12-08,99.99
TXN013512,C0219,2024-12-08,59.99
TXN004256,C0264,2024-12-08,49.99
TXN001682,C0103,2024-12-08,49.99
TXN008109,C0161,2024-12-08,49.99
TXN009797,C0263,2024-12-08,39.99
TXN003653,C0190,2024-12-08,59.99
TXN004759,C0304,2024-12-08,49.99
TXN012713,C0201,2024-12-08,129.99
TXN010288,C0282,2024-12-08,29.99
TXN006666,C0241,2024-12-08,129.99
TXN000131,C0054,2024-12-08,99.99
TXN010338,C0054,2024-12-08,99.99
TXN016395,C0143,2024-12-08,59.99
TXN016003,C0271,2024-12-08,59.99
TXN008084,C0195,2024-12-08,19.99
TXN006046,C0304,2024-12-08,49.99
TXN004706,C0286,2024-12-08,16.81
TXN011394,C0268,2024-12-08,59.99
TXN009042,C0180,2024-12-08,39.99
TXN010504,C0039,2024-12-08,49.99
TXN000925,C0069,2024-12-08,29.99
TXN001643,C0056,2024-12-09,29.99
TXN013901,C0141,2024-12-09,59.99
TXN011430,C0133,2024-12-09,50.92
TXN017400,C0039,2024-12-09,49.99
TXN000101,C0143,2024-12-09,59.99
TXN011306,C0093,2024-12-09,19.99
TXN017559,C0179,2024-12-09,49.99
TXN013953,C0265,2024-12-09,49.99
TXN015742,C0131,2024-12-09,59.99
TXN010962,C0243,2024-12-09,29.99
TXN008990,C0082,2024-12-09,29.99
TXN013674,C0147,2024-12-09,19.99
TXN009491,C0251,2024-12-09,49.99
TXN010227,C0247,2024-12-09,49.99
TXN018269,C0137,2024-12-09,129.99
TXN011738,C0127,2024-12-09,23.59
TXN016144,C0266,2024-12-09,199.99
TXN017769,C0276,2024-12-09,79.99
TXN011973,C0285,2024-12-09,39.99
TXN014860,C0237,2024-12-09,29.99
TXN016737,C0283,2024-12-09,39.99
TXN004283,C0258,2024-12-09,19.99
TXN015903,C0021,2024-12-09,19.99
TXN007696,C0147,2024-12-09,19.99
TXN009881,C0002,2024-12-09,29.99
TXN000572,C0161,2024-12-09,49.99
TXN001474,C0283,2024-12-09,30.31
TXN012268,C0111,2024-12-09,99.99
TXN003841,C0130,2024-12-09,129.99
TXN009635,C0011,2024-12-10,49.99
TXN001198,C0302,2024-12-10,49.99
TXN011108,C0235,2024-12-10,99.99
TXN014815,C0038,2024-12-10,129.99
TXN007690,C0131,2024-12-10,59.99
TXN012551,C0228,2024-12-10,79.99
TXN010506,C0044,2024-12-10,59.99
TXN017583,C0233,2024-12-10,59.99
TXN011540,C0334,2024-12-10,29.99
TXN009104,C0187,2024-12-10,39.99
TXN006188,C0158,2024-12-10,79.99
TXN014993,C0230,2024-12-10,19.99
TXN007841,C0002,2024-12-10,29.99
TXN005033,C0144,2024-12-10,19.99
TXN012772,C0347,2024-12-10,99.99
TXN009511,C0247,2024-12-10,49.99
TXN015582,C0285,2024-12-10,39.99
TXN001486,C0108,2024-12-10,19.99
TXN011364,C0288,2024-12-10,19.99
TXN011544,C0328,2024-12-10,29.99
TXN015752,C0124,2024-12-10,59.99
TXN004681,C0182,2024-12-10,49.99
TXN008431,C0045,2024-12-10,59.99
TXN012252,C0282,2024-12-10,22.48
TXN000313,C0317,2024-12-10,29.99
TXN002768,C0093,2024-12-10,19.99
TXN012226,C0299,2024-12-10,59.99
TXN001664,C0028,2024-12-10,29.29
TXN007001,C0101,2024-12-10,129.99
TXN012382,C0212,2024-12-10,39.99
TXN009393,C0222,2024-12-10,59.99
TXN015882,C0239,2024-12-10,39.99
TXN012908,C0231,2024-12-10,59.99
TXN002015,C0068,2024-12-10,79.99
TXN013500,C0095,2024-12-10,19.99
TXN007091,C0183,2024-12-10,49.99
TXN017858,C0066,2024-12-10,59.99
TXN017296,C0105,2024-12-11,21.1
TXN003002,C0005,2024-12-11,29.99
TXN006441,C0038,2024-12-11,129.99
TXN012136,C0007,2024-12-11,39.99
TXN012800,C0026,2024-12-11,71.96
TXN017747,C0148,2024-12-11,149.99
TXN001874,C0295,2024-12-11,39.99
TXN000416,C0228,2024-12-11,79.99
TXN009071,C0196,2024-12-11,29.99
TXN016325,C0032,2024-12-11,99.99
TXN008610,C0196,2024-12-11,25.9
TXN018388,C0350,2024-12-11,19.99
TXN012731,C0126,2024-12-11,99.99
TXN015452,C0323,2024-12-11,77.73
TXN015156,C0326,2024-12-11,19.99
TXN001905,C0213,2024-12-11,59.99
TXN012420,C0307,2024-12-11,53.24
TXN006527,C0222,2024-12-11,59.99
TXN006992,C0348,2024-12-11,29.99
TXN012129,C0076,2024-12-11,39.99
TXN013317,C0141,2024-12-11,59.99
TXN017395,C0147,2024-12-11,19.99
TXN017932,C0274,2024-12-11,29.99
TXN018216,C0237,2024-12-11,29.99
TXN014422,C0340,2024-12-11,39.99
TXN014115,C0002,2024-12-11,29.99
TXN009997,C0279,2024-12-11,16.49
TXN000725,C0286,2024-12-11,19.99
TXN006820,C0217,2024-12-11,29.99
TXN003254,C0185,2024-12-11,34.5
TXN004466,C0054,2024-12-11,99.99
TXN014761,C0215,2024-12-12,39.99
TXN003618,C0178,2024-12-12,59.99
TXN014787,C0182,2024-12-12,49.99
TXN005070,C0068,2024-12-12,79.99
TXN015537,C0328,2024-12-12,29.99
TXN014898,C0026,2024-12-12,79.99
TXN004708,C0036,2024-12-12,49.99
TXN005571,C0287,2024-12-12,49.99
TXN005271,C0258,2024-12-12,19.99
TXN002733,C0070,2024-12-12,149.99
TXN016745,C0247,2024-12-12,49.99
TXN011144,C0107,2024-12-12,112.37
TXN005814,C0080,2024-12-12,59.99
TXN018116,C0143,2024-12-12,59.99
TXN013608,C0125,2024-12-12,49.99
TXN009913,C0005,2024-12-12,29.99
TXN011965,C0163,2024-12-12,29.99
TXN004459,C0235,2024-12-12,99.99
TXN005802,C0288,2024-12-12,19.99
TXN017160,C0066,2024-12-12,59.99
TXN008061,C0253,2024-12-12,29.99
TXN012862,C0100,2024-12-12,49.99
TXN000226,C0258,2024-12-12,19.99
TXN013765,C0217,2024-12-12,29.99
TXN001970,C0231,2024-12-12,47.24
TXN007250,C0260,2024-12-12,59.99
TXN009519,C0340,2024-12-12,39.99
TXN011451,C0137,2024-12-12,129.99
TXN016747,C0287,2024-12-13,49.99
TXN011080,C0045,2024-12-13,59.99
TXN004052,C0192,2024-12-13,79.99
TXN016190,C0010,2024-12-13,59.99
TXN008654,C0336,2024-12-13,19.99
TXN006608,C0295,2024-12-13,39.99
TXN006784,C0143,2024-12-13,59.99
TXN001163,C0135,2024-12-13,49.99
TXN017535,C0296,2024-12-13,39.99
TXN009867,C0061,2024-12-13,49.99
TXN001491,C0326,2024-12-13,19.99
TXN015504,C0014,2024-12-13,29.99
TXN000883,C0214,2024-12-13,59.99
TXN002467,C0292,2024-12-13,99.99
TXN011274,C0280,2024-12-13,19.99
TXN002022,C0016,2024-12-13,149.99
TXN015814,C0046,2024-12-13,79.99
TXN014515,C0055,2024-12-13,40.66
TXN010031,C0289,2024-12-13,79.99
TXN015078,C0176,2024-12-13,59.99
TXN015039,C0208,2024-12-13,32.59
TXN004840,C0253,2024-12-13,29.99
TXN017820,C0048,2024-12-13,59.99
TXN017924,C0259,2024-12-13,53.08
TXN011465,C0074,2024-12-13,29.99
TXN015360,C0319,2024-12-13,29.99
TXN003564,C0338,2024-12-13,49.99
TXN013314,C0038,2024-12-13,129.99
TXN003587,C0208,2024-12-13,39.99
TXN004570,C0350,2024-12-13,17.72
TXN013939,C0190,2024-12-13,59.99
TXN002691,C0134,2024-12-13,86.91
TXN001151,C0205,2024-12-13,19.99
TXN013689,C0141,2024-12-13,59.99
TXN015262,C0060,2024-12-13,39.99
TXN012532,C0141,2024-12-14,59.99
TXN011331,C0264,2024-12-14,49.99
TXN014361,C0276,2024-12-14,79.99
TXN012608,C0080,2024-12-14,59.99
TXN014910,C0040,2024-12-14,39.99
TXN012081,C0268,2024-12-14,59.99
TXN006233,C0164,2024-12-14,49.99
TXN011525,C0069,2024-12-14,29.99
TXN014666,C0134,2024-12-14,99.99
TXN015508,C0162,2024-12-14,79.99
TXN007736,C0301,2024-12-14,79.99
TXN003741,C0113,2024-12-14,49.99
TXN012393,C0076,2024-12-14,39.99
TXN004795,C0288,2024-12-14,19.99
TXN016259,C0068,2024-12-14,79.99
TXN007624,C0112,2024-12-14,49.99
TXN001229,C0119,2024-12-14,59.99
TXN004810,C0154,2024-12-14,99.99
TXN010023,C0116,2024-12-14,29.99
TXN004285,C0186,2024-12-14,39.99
TXN002998,C0097,2024-12-14,129.99
TXN001981,C0067,2024-12-14,39.99
TXN013804,C0124,2024-12-14,59.99
TXN017246,C0164,2024-12-14,49.99
TXN010239,C0263,2024-12-14,39.99
TXN014472,C0222,2024-12-14,59.99
TXN011226,C0349,2024-12-14,129.99
TXN013638,C0237,2024-12-14,29.99
TXN015222,C0062,2024-12-14,29.99
TXN011211,C0020,2024-12-14,19.99
TXN013175,C0237,2024-12-14,29.99
TXN005819,C0043,2024-12-14,29.99
TXN011841,C0229,2024-12-14,35.3
TXN002224,C0093,2024-12-14,19.99
TXN003268,C0077,2024-12-14,99.99
TXN016814,C0311,2024-12-14,49.99
TXN016796,C0188,2024-12-14,49.99
TXN016677,C0004,2024-12-14,99.99
TXN015715,C0022,2024-12-14,29.99
TXN011914,C0236,2024-12-14,29.99
TXN011759,C0214,2024-12-15,59.99
TXN001106,C0201,2024-12-15,102.49
TXN002457,C0020,2024-12-15,19.99
TXN003023,C0164,2024-12-15,49.99
TXN016726,C0293,2024-12-15,52.21
TXN017413,C0253,2024-12-15,29.99
TXN006343,C0237,2024-12-15,29.99
TXN006360,C0138,2024-12-15,59.99
TXN013198,C0309,2024-12-15,43.52
TXN003606,C0058,2024-12-15,49.99
TXN007118,C0150,2024-12-15,99.99
TXN001573,C0183,2024-12-15,49.99
TXN005879,C0016,2024-12-15,149.99
TXN014633,C0046,2024-12-15,79.99
TXN003722,C0093,2024-12-15,19.99
TXN015855,C0093,2024-12-15,15.22
TXN017640,C0274,2024-12-15,29.99
TXN013383,C0199,2024-12-15,99.99
TXN001778,C0132,2024-12-15,35.33
TXN006775,C0298,2024-12-15,199.99
TXN017827,C0079,2024-12-15,29.99
TXN011835,C0041,2024-12-15,44.49
TXN011705,C0323,2024-12-15,99.99
TXN017795,C0212,2024-12-15,39.99
TXN006102,C0069,2024-12-15,29.99
TXN015419,C0120,2024-12-15,23.01
TXN000970,C0203,2024-12-15,129.99
TXN014759,C0027,2024-12-15,49.99
TXN003202,C0239,2024-12-15,39.99
TXN009058,C0132,2024-12-15,49.99
TXN003614,C0238,2024-12-15,59.99
TXN006055,C0282,2024-12-15,29.99
TXN005310,C0224,2024-12-15,49.99
TXN004931,C0007,2024-12-15,39.99
TXN008880,C0157,2024-12-15,59.99
TXN006738,C0144,2024-12-15,19.99
TXN000673,C0275,2024-12-15,19.99
TXN011515,C0036,2024-12-15,49.99
TXN017399,C0250,2024-12-15,59.99
TXN001141,C0216,2024-12-15,39.99
TXN009976,C0052,2024-12-15,149.99
TXN002578,C0009,2024-12-15,79.99
TXN002453,C0002,2024-12-15,29.99
TXN010182,C0303,2024-12-16,19.99
TXN008369,C0016,2024-12-16,149.99
TXN005648,C0119,2024-12-16,59.99
TXN017407,C0061,2024-12-16,42.71
TXN000795,C0334,2024-12-16,29.99
TXN010111,C0204,2024-12-16,39.99
TXN006688,C0111,2024-12-16,85.9
TXN010587,C0047,2024-12-16,29.99
TXN010578,C0321,2024-12-16,129.99
TXN000975,C0225,2024-12-16,29.99
TXN009612,C0238,2024-12-16,59.99
TXN010871,C0324,2024-12-16,49.99
TXN013531,C0314,2024-12-16,59.99
TXN003042,C0160,2024-12-16,79.99
TXN016644,C0268,2024-12-16,59.99
TXN003525,C0318,2024-12-16,39.99
TXN003944,C0073,2024-12-16,19.99
TXN005553,C0072,2024-12-16,29.99
TXN008447,C0092,2024-12-16,29.99
TXN004446,C0326,2024-12-16,19.99
TXN016827,C0179,2024-12-16,49.99
TXN002579,C0090,2024-12-16,49.99
TXN011281,C0305,2024-12-16,149.99
TXN008998,C0328,2024-12-16,29.99
TXN010424,C0201,2024-12-16,129.99
TXN012337,C0202,2024-12-16,17.11
TXN015141,C0346,2024-12-16,199.99
TXN004150,C0211,2024-12-16,49.99
TXN014502,C0211,2024-12-16,37.54
TXN017729,C0303,2024-12-16,19.99
TXN006305,C0176,2024-12-16,59.99
TXN002155,C0099,2024-12-16,29.99
TXN004348,C0183,2024-12-16,49.99
TXN004418,C0002,2024-12-16,29.99
TXN008511,C0114,2024-12-16,49.99
TXN015415,C0282,2024-12-17,29.99
TXN010906,C0199,2024-12-17,99.99
TXN004005,C0161,2024-12-17,49.99
TXN000414,C0212,2024-12-17,39.99
TXN008079,C0236,2024-12-17,21.91
TXN007177,C0183,2024-12-17,49.99
TXN006849,C0176,2024-12-17,59.99
TXN009148,C0077,2024-12-17,99.99
TXN002936,C0197,2024-12-17,19.99
TXN018465,C0237,2024-12-17,29.99
TXN015458,C0116,2024-12-17,29.99
TXN004050,C0265,2024-12-17,49.99
TXN002980,C0078,2024-12-17,49.99
TXN010524,C0195,2024-12-17,17.94
TXN000664,C0138,2024-12-17,59.99
TXN009499,C0196,2024-12-17,29.99
TXN004449,C0268,2024-12-17,59.99
TXN014624,C0336,2024-12-17,19.99
TXN002658,C0196,2024-12-17,29.99
TXN012811,C0128,2024-12-17,43.28
TXN015857,C0069,2024-12-17,29.99
TXN012956,C0160,2024-12-17,79.99
TXN018455,C0166,2024-12-17,39.99
TXN008438,C0107,2024-12-17,149.99
TXN001764,C0275,2024-12-17,19.99
TXN007224,C0038,2024-12-17,129.99
TXN006384,C0189,2024-12-17,49.99
TXN001712,C0171,2024-12-17,49.99
TXN003548,C0261,2024-12-17,40.71
TXN001411,C0252,2024-12-17,49.99
TXN004872,C0338,2024-12-17,43.56
TXN013998,C0303,2024-12-17,19.99
TXN007575,C0004,2024-12-17,99.99
TXN017030,C0191,2024-12-17,79.99
TXN011917,C0121,2024-12-17,59.99
TXN001147,C0330,2024-12-17,79.99
TXN008018,C0216,2024-12-17,39.99
TXN009580,C0349,2024-12-17,129.99
TXN013700,C0081,2024-12-17,59.99
TXN012386,C0127,2024-12-17,29.99
TXN001858,C0280,2024-12-17,19.99
TXN006769,C0052,2024-12-18,149.99
TXN016022,C0039,2024-12-18,49.99
TXN016063,C0015,2024-12-18,199.99
TXN015200,C0310,2024-12-18,14.91
TXN011308,C0095,2024-12-18,19.99
TXN000487,C0285,2024-12-18,39.99
TXN015425,C0093,2024-12-18,19.99
TXN016502,C0138,2024-12-18,59.99
TXN016498,C0081,2024-12-18,59.99
TXN018144,C0128,2024-12-18,59.99
TXN012808,C0279,2024-12-18,19.99
TXN006731,C0052,2024-12-18,149.99
TXN009799,C0024,2024-12-18,99.99
TXN012561,C0231,2024-12-18,59.99
TXN014663,C0302,2024-12-18,49.99
TXN004215,C0267,2024-12-18,25.15
TXN015827,C0183,2024-12-18,38.18
TXN011605,C0306,2024-12-18,29.99
TXN002102,C0009,2024-12-18,79.99
TXN009258,C0341,2024-12-18,49.99
TXN000385,C0318,2024-12-18,39.99
TXN008351,C0256,2024-12-18,26.85
TXN007182,C0114,2024-12-18,49.99
TXN002091,C0288,2024-12-18,19.99
TXN011827,C0062,2024-12-18,24.83
TXN011507,C0271,2024-12-19,59.99
TXN016713,C0168,2024-12-19,39.99
TXN000405,C0300,2024-12-19,49.99
TXN009731,C0171,2024-12-19,49.99
TXN005561,C0277,2024-12-19,49.99
TXN008160,C0254,2024-12-19,57.1
TXN017974,C0116,2024-12-19,29.99
TXN003667,C0112,2024-12-19,49.99
TXN008734,C0220,2024-12-19,29.99
TXN009163,C0208,2024-12-19,39.99
TXN004689,C0183,2024-12-19,49.99
TXN006497,C0335,2024-12-19,39.99
TXN011637,C0123,2024-12-19,19.99
TXN016846,C0342,2024-12-19,59.99
TXN003742,C0282,2024-12-19,26.51
TXN004341,C0290,2024-12-19,29.99
TXN011154,C0047,2024-12-19,29.99
TXN015074,C0214,2024-12-19,59.99
TXN012128,C0235,2024-12-19,99.99
TXN000865,C0138,2024-12-19,59.99
TXN012114,C0069,2024-12-19,29.99
TXN002919,C0184,2024-12-19,19.99
TXN003869,C0043,2024-12-19,29.99
TXN012856,C0076,2024-12-19,39.99
TXN007614,C0008,2024-12-19,29.99
TXN015983,C0012,2024-12-19,49.99
TXN013941,C0096,2024-12-20,49.99
TXN012647,C0095,2024-12-20,19.99
TXN015315,C0125,2024-12-20,49.99
TXN012567,C0243,2024-12-20,29.99
TXN007297,C0259,2024-12-20,59.99
TXN002638,C0219,2024-12-20,59.99
TXN015121,C0328,2024-12-20,29.99
TXN010462,C0116,2024-12-20,29.99
TXN009643,C0335,2024-12-20,39.99
TXN005805,C0177,2024-12-20,59.99
TXN007238,C0180,2024-12-20,39.99
TXN009375,C0156,2024-12-20,39.99
TXN001748,C0105,2024-12-20,29.99
TXN009129,C0096,2024-12-20,49.99
TXN011505,C0121,2024-12-20,59.99
TXN012863,C0120,2024-12-20,29.99
TXN006041,C0129,2024-12-20,99.99
TXN014173,C0254,2024-12-20,79.99
TXN012864,C0229,2024-12-20,49.99
TXN010447,C0273,2024-12-20,199.99
TXN011737,C0085,2024-12-20,79.99
TXN002084,C0096,2024-12-20,49.99
TXN007572,C0307,2024-12-20,59.99
TXN017464,C0060,2024-12-20,39.99
TXN016617,C0141,2024-12-20,59.99
TXN017268,C0105,2024-12-20,29.99
TXN000591,C0060,2024-12-20,39.99
TXN008940,C0175,2024-12-20,17.78
TXN004058,C0319,2024-12-20,29.99
TXN016648,C0114,2024-12-20,39.83
TXN008888,C0007,2024-12-20,39.99
TXN018370,C0115,2024-12-20,42.71
TXN018055,C0350,2024-12-20,19.99
TXN016853,C0301,2024-12-20,79.99
TXN008521,C0204,2024-12-20,39.99
TXN015442,C0041,2024-12-20,49.99
TXN003003,C0231,2024-12-20,59.99
TXN010162,C0027,2024-12-21,49.99
TXN018000,C0014,2024-12-21,29.99
TXN014041,C0204,2024-12-21,39.99
TXN014081,C0189,2024-12-21,49.99
TXN008402,C0300,2024-12-21,40.11
TXN015822,C0079,2024-12-21,29.99
TXN004702,C0099,2024-12-21,29.99
TXN004808,C0026,2024-12-21,79.99
TXN014483,C0223,2024-12-21,19.99
TXN003431,C0166,2024-12-21,39.99
TXN014200,C0141,2024-12-21,59.99
TXN017334,C0024,2024-12-21,99.99
TXN013756,C0061,2024-12-21,49.99
TXN011383,C0324,2024-12-21,35.91
TXN001612,C0007,2024-12-21,39.99
TXN002193,C0207,2024-12-21,29.99
TXN016992,C0022,2024-12-21,29.99
TXN009360,C0087,2024-12-21,49.99
TXN011549,C0205,2024-12-21,19.99
TXN017482,C0274,2024-12-21,29.99
TXN004442,C0135,2024-12-21,49.99
TXN014848,C0202,2024-12-21,19.99
TXN016364,C0112,2024-12-21,49.99
TXN004431,C0284,2024-12-21,29.99
TXN013296,C0237,2024-12-21,29.99
TXN012965,C0311,2024-12-21,49.99
TXN013157,C0298,2024-12-21,199.99
TXN013181,C0230,2024-12-21,19.99
TXN011812,C0089,2024-12-21,79.99
TXN004095,C0217,2024-12-21,29.99
TXN005707,C0236,2024-12-21,29.99
TXN013907,C0072,2024-12-21,29.99
TXN006705,C0011,2024-12-22,49.99
TXN000678,C0306,2024-12-22,29.99
TXN015630,C0174,2024-12-22,29.99
TXN007685,C0171,2024-12-22,49.99
TXN007120,C0184,2024-12-22,19.99
TXN015734,C0038,2024-12-22,129.99
TXN005093,C0289,2024-12-22,79.99
TXN011679,C0211,2024-12-22,41.25
TXN009576,C0282,2024-12-22,29.99
TXN013710,C0304,2024-12-22,49.99
TXN015849,C0141,2024-12-22,59.99
TXN003298,C0086,2024-12-22,59.99
TXN006458,C0256,2024-12-22,23.85
TXN014562,C0061,2024-12-22,49.99
TXN012380,C0113,2024-12-22,49.99
TXN012278,C0303,2024-12-22,19.99
TXN016687,C0239,2024-12-22,39.99
TXN007396,C0237,2024-12-22,29.99
TXN013044,C0037,2024-12-22,99.99
TXN000158,C0329,2024-12-22,99.99
TXN012948,C0036,2024-12-22,49.99
TXN018340,C0174,2024-12-22,29.99
TXN009813,C0231,2024-12-22,59.99
TXN012944,C0042,2024-12-22,129.99
TXN008472,C0172,2024-12-22,29.99
TXN007937,C0231,2024-12-22,59.99
TXN005575,C0331,2024-12-22,59.99
TXN007721,C0005,2024-12-22,29.99
TXN005877,C0005,2024-12-22,29.99
TXN012683,C0027,2024-12-22,49.99
TXN010920,C0310,2024-12-22,19.99
TXN003460,C0341,2024-12-22,49.99
TXN003888,C0160,2024-12-22,79.99
TXN008859,C0228,2024-12-22,79.99
TXN003774,C0076,2024-12-22,39.99
TXN013353,C0071,2024-12-22,49.99
TXN013125,C0137,2024-12-23,129.99
TXN018287,C0062,2024-12-23,29.99
TXN000132,C0311,2024-12-23,49.99
TXN001008,C0163,2024-12-23,26.57
TXN006637,C0064,2024-12-23,149.99
TXN017121,C0114,2024-12-23,49.99
TXN013461,C0015,2024-12-23,199.99
TXN011640,C0103,2024-12-23,49.99
TXN016749,C0121,2024-12-23,59.99
TXN014888,C0168,2024-12-23,39.99
TXN017420,C0112,2024-12-23,35.31
TXN008526,C0060,2024-12-23,39.99
TXN017524,C0286,2024-12-23,14.34
TXN006568,C0187,2024-12-23,39.99
TXN002812,C0289,2024-12-23,69.07
TXN006549,C0275,2024-12-23,19.99
TXN001817,C0076,2024-12-23,39.99
TXN014023,C0026,2024-12-23,63.84
TXN008903,C0078,2024-12-23,49.99
TXN014038,C0319,2024-12-23,29.99
TXN004380,C0111,2024-12-23,99.99
TXN012798,C0114,2024-12-23,41.7
TXN001403,C0077,2024-12-23,99.99
TXN000732,C0318,2024-12-23,39.99
TXN017726,C0172,2024-12-23,23.85
TXN011028,C0012,2024-12-23,44.46
TXN016486,C0209,2024-12-23,39.99
TXN017730,C0274,2024-12-23,29.99
TXN008203,C0165,2024-12-23,19.99
TXN003259,C0260,2024-12-23,59.99
TXN006877,C0138,2024-12-23,59.99
TXN015340,C0047,2024-12-23,29.99
TXN010829,C0321,2024-12-23,129.99
TXN004559,C0027,2024-12-23,49.99
TXN013018,C0003,2024-12-24,25.41
TXN015098,C0050,2024-12-24,29.99
TXN010092,C0104,2024-12-24,19.99
TXN000668,C0142,2024-12-24,39.99
TXN014459,C0244,2024-12-24,79.99
TXN010675,C0122,2024-12-24,149.99
TXN008093,C0120,2024-12-24,29.99
TXN014104,C0259,2024-12-24,59.99
TXN010605,C0311,2024-12-24,49.99
TXN001391,C0242,2024-12-24,39.99
TXN004259,C0280,2024-12-24,19.99
TXN007911,C0088,2024-12-24,99.99
TXN017465,C0315,2024-12-24,79.99
TXN011266,C0091,2024-12-24,99.99
TXN013630,C0103,2024-12-24,49.99
TXN011539,C0008,2024-12-24,29.99
TXN008889,C0043,2024-12-24,29.99
TXN017552,C0010,2024-12-24,59.99
TXN001088,C0111,2024-12-24,99.99
TXN013812,C0197,2024-12-24,19.99
TXN000965,C0229,2024-12-24,49.99
TXN014222,C0132,2024-12-24,49.99
TXN012829,C0245,2024-12-24,39.99
TXN000976,C0168,2024-12-24,39.99
TXN007567,C0329,2024-12-24,99.99
TXN017477,C0074,2024-12-25,29.99
TXN009277,C0349,2024-12-25,129.99
TXN006530,C0282,2024-12-25,29.99
TXN017788,C0225,2024-12-25,29.99
TXN001362,C0202,2024-12-25,16.93
TXN012619,C0199,2024-12-25,99.99
TXN003162,C0208,2024-12-25,39.99
TXN011693,C0248,2024-12-25,59.99
TXN010932,C0259,2024-12-25,46.25
TXN009413,C0041,2024-12-25,49.99
TXN012484,C0014,2024-12-25,29.99
TXN004545,C0057,2024-12-25,99.99
TXN018358,C0167,2024-12-25,39.99
TXN012833,C0293,2024-12-25,59.99
TXN000875,C0194,2024-12-25,149.99
TXN017422,C0318,2024-12-25,39.99
TXN010870,C0279,2024-12-25,19.99
TXN000768,C0097,2024-12-25,129.99
TXN012362,C0106,2024-12-25,199.99
TXN005618,C0160,2024-12-25,79.99
TXN002464,C0245,2024-12-25,39.99
TXN018243,C0152,2024-12-25,49.99
TXN006480,C0291,2024-12-25,49.99
TXN005109,C0079,2024-12-25,29.99
TXN007241,C0306,2024-12-25,29.99
TXN009966,C0151,2024-12-25,79.99
TXN002572,C0042,2024-12-25,129.99
TXN011361,C0064,2024-12-25,129.31
TXN005204,C0060,2024-12-25,39.99
TXN001767,C0190,2024-12-25,59.99
TXN002135,C0287,2024-12-25,49.99
TXN016701,C0229,2024-12-25,49.99
TXN008767,C0200,2024-12-25,29.99
TXN008081,C0177,2024-12-25,59.99
TXN007160,C0152,2024-12-25,49.99
TXN002845,C0332,2024-12-25,19.99
TXN008809,C0157,2024-12-26,59.99
TXN015267,C0143,2024-12-26,44.54
TXN009362,C0310,2024-12-26,19.99
TXN006483,C0100,2024-12-26,37.8
TXN000675,C0072,2024-12-26,29.99
TXN007355,C0306,2024-12-26,29.99
TXN016804,C0341,2024-12-26,49.99
TXN006655,C0152,2024-12-26,49.99
TXN015965,C0056,2024-12-26,29.99
TXN000234,C0045,2024-12-26,59.99
TXN018275,C0252,2024-12-26,49.99
TXN006692,C0086,2024-12-26,59.99
TXN012832,C0125,2024-12-26,49.99
TXN012171,C0112,2024-12-26,49.99
TXN012130,C0040,2024-12-26,33.92
TXN009607,C0171,2024-12-26,49.99
TXN007922,C0203,2024-12-26,129.99
TXN010717,C0327,2024-12-26,79.99
TXN016321,C0085,2024-12-26,79.99
TXN013399,C0341,2024-12-26,49.99
TXN001348,C0046,2024-12-26,79.99
TXN000468,C0008,2024-12-26,29.99
TXN017712,C0319,2024-12-26,29.99
TXN009900,C0287,2024-12-26,49.99
TXN016679,C0176,2024-12-26,59.99
TXN013771,C0229,2024-12-26,49.99
TXN010711,C0198,2024-12-26,59.99
TXN000511,C0283,2024-12-26,39.99
TXN011573,C0161,2024-12-26,49.99
TXN000019,C0033,2024-12-26,49.99
TXN003889,C0160,2024-12-26,79.99
TXN015261,C0230,2024-12-26,19.99
TXN000396,C0154,2024-12-26,99.99
TXN007816,C0265,2024-12-26,49.99
TXN007330,C0328,2024-12-27,29.99
TXN005708,C0320,2024-12-27,199.99
TXN000653,C0006,2024-12-27,149.99
TXN005055,C0235,2024-12-27,99.99
TXN005174,C0341,2024-12-27,49.99
TXN014519,C0119,2024-12-27,59.99
TXN016429,C0238,2024-12-27,59.99
TXN018361,C0103,2024-12-27,49.99
TXN004033,C0338,2024-12-27,49.99
TXN007812,C0284,2024-12-27,29.99
TXN001889,C0149,2024-12-27,39.99
TXN012867,C0167,2024-12-27,34.89
TXN003950,C0277,2024-12-27,49.99
TXN000842,C0134,2024-12-27,99.99
TXN004391,C0348,2024-12-27,29.99
TXN000146,C0330,2024-12-27,79.99
TXN001984,C0259,2024-12-27,59.99
TXN004602,C0325,2024-12-27,42.64
TXN011398,C0119,2024-12-27,44.21
TXN000564,C0279,2024-12-27,19.99
TXN013588,C0258,2024-12-27,19.99
TXN002263,C0268,2024-12-27,59.99
TXN012339,C0014,2024-12-27,29.99
TXN000787,C0328,2024-12-27,29.99
TXN015291,C0223,2024-12-27,19.99
TXN005231,C0317,2024-12-27,29.99
TXN014647,C0199,2024-12-27,73.53
TXN015795,C0152,2024-12-27,49.99
TXN014677,C0328,2024-12-27,25.37
TXN000196,C0283,2024-12-27,39.99
TXN010736,C0109,2024-12-27,149.99
TXN014728,C0040,2024-12-27,39.99
TXN011786,C0191,2024-12-27,79.99
TXN000759,C0311,2024-12-27,49.99
TXN005983,C0100,2024-12-27,49.99
TXN009144,C0303,2024-12-28,19.99
TXN008192,C0259,2024-12-28,59.99
TXN011850,C0328,2024-12-28,29.99
TXN001300,C0260,2024-12-28,59.99
TXN002990,C0047,2024-12-28,29.99
TXN001322,C0032,2024-12-28,99.99
TXN008953,C0096,2024-12-28,49.99
TXN010858,C0118,2024-12-28,39.99
TXN003323,C0027,2024-12-28,49.99
TXN001690,C0288,2024-12-28,14.47
TXN015145,C0261,2024-12-28,49.99
TXN000831,C0161,2024-12-28,49.99
TXN001466,C0313,2024-12-28,39.99
TXN011916,C0072,2024-12-28,29.99
TXN009820,C0279,2024-12-28,14.51
TXN012522,C0201,2024-12-28,129.99
TXN011050,C0330,2024-12-28,59.25
TXN015764,C0283,2024-12-28,39.99
TXN012262,C0192,2024-12-28,79.99
TXN005898,C0251,2024-12-28,49.99
TXN002829,C0065,2024-12-28,29.99
TXN011669,C0132,2024-12-28,49.99
TXN014735,C0056,2024-12-28,23.84
TXN017849,C0314,2024-12-28,59.99
TXN000287,C0332,2024-12-28,19.99
TXN014098,C0053,2024-12-28,25.11
TXN001312,C0248,2024-12-28,59.99
TXN002698,C0159,2024-12-28,79.99
TXN017509,C0326,2024-12-28,17.89
TXN003659,C0215,2024-12-28,39.99
TXN016591,C0092,2024-12-28,29.99
TXN005256,C0038,2024-12-28,129.99
TXN005852,C0022,2024-12-28,29.99
TXN001810,C0307,2024-12-28,59.99
TXN002966,C0003,2024-12-28,29.99
TXN013727,C0240,2024-12-28,99.99
TXN000950,C0028,2024-12-28,39.99
TXN003803,C0331,2024-12-28,59.99
TXN002425,C0258,2024-12-29,19.99
TXN002420,C0068,2024-12-29,79.99
TXN002364,C0234,2024-12-29,79.99
TXN010039,C0080,2024-12-29,59.99
TXN002348,C0295,2024-12-29,39.99
TXN001364,C0047,2024-12-29,29.99
TXN003580,C0208,2024-12-29,39.99
TXN006291,C0263,2024-12-29,39.99
TXN009778,C0311,2024-12-29,49.99
TXN017519,C0258,2024-12-29,19.99
TXN000973,C0133,2024-12-29,59.99
TXN006001,C0218,2024-12-29,29.99
TXN008244,C0114,2024-12-29,49.99
TXN010226,C0201,2024-12-29,129.99
TXN005953,C0136,2024-12-29,19.99
TXN003846,C0258,2024-12-29,19.99
TXN008664,C0306,2024-12-29,29.99
TXN008644,C0168,2024-12-29,39.99
TXN001047,C0238,2024-12-29,59.99
TXN000125,C0103,2024-12-29,49.99
TXN008389,C0036,2024-12-29,49.99
TXN015459,C0111,2024-12-29,99.99
TXN010528,C0328,2024-12-29,29.99
TXN010137,C0043,2024-12-29,29.99
TXN006755,C0140,2024-12-29,29.99
TXN009473,C0322,2024-12-29,49.99
TXN006737,C0184,2024-12-29,17.36
TXN001439,C0196,2024-12-29,29.99
TXN005259,C0020,2024-12-29,19.99
TXN001854,C0350,2024-12-29,19.99
TXN011134,C0203,2024-12-29,129.99
TXN000531,C0222,2024-12-29,59.99
TXN017605,C0311,2024-12-29,49.99
TXN003837,C0056,2024-12-29,29.99
TXN010785,C0348,2024-12-29,25.32
TXN004978,C0275,2024-12-29,19.99
TXN010062,C0085,2024-12-29,79.99
TXN014968,C0092,2024-12-29,29.99
TXN017562,C0083,2024-12-29,29.99
TXN003931,C0159,2024-12-29,79.99
TXN002884,C0076,2024-12-29,39.99
TXN010707,C0282,2024-12-30,29.99
TXN001254,C0348,2024-12-30,29.99
TXN000663,C0312,2024-12-30,79.99
TXN011628,C0173,2024-12-30,29.74
TXN002870,C0094,2024-12-30,29.99
TXN005628,C0115,2024-12-30,59.99
TXN012746,C0310,2024-12-30,19.99
TXN014552,C0307,2024-12-30,59.99
TXN015921,C0099,2024-12-30,29.99
TXN002379,C0040,2024-12-30,39.99
TXN008413,C0028,2024-12-30,33.25
TXN016611,C0157,2024-12-30,59.99
TXN008805,C0272,2024-12-30,59.99
TXN014476,C0333,2024-12-30,39.99
TXN016587,C0344,2024-12-30,129.99
TXN002002,C0204,2024-12-30,30.82
TXN016583,C0003,2024-12-30,29.99
TXN007236,C0238,2024-12-30,59.99
TXN013671,C0050,2024-12-30,29.99
TXN015973,C0098,2024-12-30,17.58
TXN009381,C0340,2024-12-30,39.99
TXN014697,C0223,2024-12-30,19.99
TXN012843,C0121,2024-12-30,59.99
TXN001475,C0257,2024-12-30,19.99
TXN008293,C0063,2024-12-30,39.99
TXN013829,C0034,2024-12-30,49.99
TXN013832,C0239,2024-12-31,39.99
TXN018039,C0138,2024-12-31,59.99
TXN004661,C0171,2024-12-31,49.99
TXN001244,C0241,2024-12-31,129.99
TXN003791,C0239,2024-12-31,30.15
TXN018056,C0190,2024-12-31,59.99
TXN010569,C0268,2024-12-31,59.99
TXN007915,C0235,2024-12-31,99.99
TXN013919,C0198,2024-12-31,44.39
TXN010780,C0225,2024-12-31,29.99
TXN018489,C0235,2024-12-31,99.99
TXN009526,C0252,2024-12-31,49.99
TXN018140,C0092,2024-12-31,29.99
TXN016153,C0109,2024-12-31,149.99
TXN000650,C0321,2024-12-31,129.99
TXN011658,C0342,2024-12-31,59.99
TXN018150,C0115,2024-12-31,59.99
TXN017613,C0102,2024-12-31,39.99
TXN014648,C0256,2024-12-31,29.99
TXN010021,C0297,2024-12-31,59.99
TXN001631,C0285,2024-12-31,39.99
TXN006461,C0300,2024-12-31,49.99
TXN001721,C0041,2024-12-31,49.99
TXN011187,C0211,2024-12-31,49.99
TXN013723,C0124,2025-01-01,59.99
TXN012030,C0333,2025-01-01,39.99
TXN015138,C0089,2025-01-01,79.99
TXN000783,C0008,2025-01-01,29.99
TXN014619,C0238,2025-01-01,59.99
TXN016664,C0258,2025-01-01,19.99
TXN016226,C0093,2025-01-01,19.99
TXN014635,C0046,2025-01-01,79.99
TXN007215,C0026,2025-01-01,79.99
TXN000459,C0350,2025-01-01,19.99
TXN014771,C0258,2025-01-01,19.99
TXN001343,C0010,2025-01-01,59.99
TXN005994,C0243,2025-01-01,29.99
TXN010319,C0245,2025-01-01,39.99
TXN013172,C0144,2025-01-01,19.99
TXN018107,C0187,2025-01-01,29.89
TXN008297,C0092,2025-01-01,29.99
TXN011401,C0318,2025-01-01,39.99
TXN005152,C0338,2025-01-01,49.99
TXN010372,C0164,2025-01-01,40.28
TXN015060,C0259,2025-01-01,48.04
TXN018114,C0047,2025-01-01,29.99
TXN014365,C0317,2025-01-01,29.99
TXN014617,C0259,2025-01-01,43.56
TXN004748,C0279,2025-01-01,19.99
TXN006300,C0010,2025-01-01,43.83
TXN006920,C0287,2025-01-01,49.99
TXN001072,C0108,2025-01-01,19.99
TXN015235,C0053,2025-01-01,29.99
TXN006193,C0174,2025-01-01,29.99
TXN010030,C0223,2025-01-01,19.99
TXN014267,C0165,2025-01-01,19.99
TXN017238,C0140,2025-01-01,29.99
TXN000231,C0163,2025-01-02,29.99
TXN018298,C0041,2025-01-02,49.99
TXN016991,C0306,2025-01-02,25.22
TXN000058,C0120,2025-01-02,29.99
TXN000693,C0280,2025-01-02,17.96
TXN013080,C0251,2025-01-02,49.99
TXN007302,C0097,2025-01-02,129.99
TXN001572,C0272,2025-01-02,59.99
TXN003001,C0265,2025-01-02,49.99
TXN005782,C0140,2025-01-02,29.99
TXN018149,C0205,2025-01-02,19.99
TXN017142,C0056,2025-01-02,29.99
TXN004584,C0292,2025-01-02,99.99
TXN013169,C0092,2025-01-02,29.99
TXN013295,C0312,2025-01-02,79.99
TXN014969,C0285,2025-01-02,39.99
TXN017740,C0084,2025-01-02,19.99
TXN008303,C0350,2025-01-02,19.99
TXN017234,C0206,2025-01-02,49.99
TXN009807,C0015,2025-01-02,199.99
TXN012839,C0196,2025-01-02,29.99
TXN000317,C0189,2025-01-02,49.99
TXN018003,C0008,2025-01-02,29.99
TXN006957,C0346,2025-01-02,199.99
TXN008863,C0291,2025-01-02,49.99
TXN013716,C0282,2025-01-02,29.99
TXN011928,C0037,2025-01-02,80.5
TXN001975,C0259,2025-01-02,59.99
TXN001418,C0019,2025-01-02,59.99
TXN016061,C0205,2025-01-03,19.99
TXN009894,C0154,2025-01-03,99.99
TXN001879,C0181,2025-01-03,99.99
TXN012317,C0045,2025-01-03,59.99
TXN010341,C0037,2025-01-03,99.99
TXN013633,C0212,2025-01-03,39.99
TXN014988,C0194,2025-01-03,149.99
TXN010362,C0214,2025-01-03,59.99
TXN000290,C0193,2025-01-03,59.99
TXN009825,C0222,2025-01-03,59.99
TXN007418,C0253,2025-01-03,29.99
TXN009328,C0161,2025-01-03,49.99
TXN012040,C0337,2025-01-03,129.99
TXN007326,C0014,2025-01-03,29.99
TXN016540,C0111,2025-01-03,99.99
TXN008062,C0307,2025-01-03,59.99
TXN006650,C0143,2025-01-03,59.99
TXN008228,C0310,2025-01-03,19.99
TXN006796,C0119,2025-01-03,59.99
TXN018445,C0183,2025-01-03,35.69
TXN004422,C0173,2025-01-03,35.05
TXN003303,C0002,2025-01-03,29.99
TXN013715,C0013,2025-01-03,59.99
TXN001863,C0080,2025-01-03,59.99
TXN011755,C0296,2025-01-03,32.5
TXN016579,C0344,2025-01-03,129.99
TXN015978,C0116,2025-01-03,29.99
TXN014210,C0336,2025-01-03,19.99
TXN009230,C0040,2025-01-03,39.99
TXN008050,C0200,2025-01-03,29.99
TXN001340,C0086,2025-01-03,59.99
TXN013895,C0012,2025-01-03,49.99
TXN007161,C0083,2025-01-03,29.99
TXN015564,C0237,2025-01-03,29.99
TXN015858,C0261,2025-01-03,49.99
TXN011273,C0235,2025-01-03,99.99
TXN017898,C0301,2025-01-03,79.99
TXN013441,C0089,2025-01-04,79.99
TXN005892,C0189,2025-01-04,36.48
TXN017351,C0091,2025-01-04,99.99
TXN013227,C0103,2025-01-04,49.99
TXN018344,C0071,2025-01-04,49.99
TXN004200,C0328,2025-01-04,29.99
TXN001129,C0143,2025-01-04,59.99
TXN011814,C0333,2025-01-04,39.99
TXN008931,C0097,2025-01-04,129.99
TXN015712,C0027,2025-01-04,49.99
TXN011483,C0301,2025-01-04,71.37
TXN011474,C0088,2025-01-04,99.99
TXN018469,C0292,2025-01-04,99.99
TXN011349,C0289,2025-01-04,79.99
TXN003733,C0218,2025-01-04,29.99
TXN018318,C0283,2025-01-04,39.99
TXN015190,C0026,2025-01-04,79.99
TXN011034,C0089,2025-01-04,79.99
TXN010979,C0222,2025-01-04,59.99
TXN007722,C0151,2025-01-04,79.99
TXN006954,C0076,2025-01-04,39.99
TXN001998,C0274,2025-01-04,29.99
TXN000403,C0153,2025-01-04,79.99
TXN008378,C0034,2025-01-04,49.99
TXN016985,C0239,2025-01-04,39.99
TXN016692,C0036,2025-01-04,49.99
TXN004623,C0349,2025-01-04,129.99
TXN001565,C0348,2025-01-04,29.99
TXN012747,C0101,2025-01-04,92.78
TXN014061,C0331,2025-01-04,59.99
TXN012720,C0053,2025-01-04,29.99
TXN007810,C0018,2025-01-04,29.99
TXN016188,C0155,2025-01-04,39.99
TXN012662,C0253,2025-01-04,29.99
TXN004560,C0260,2025-01-04,59.99
TXN001875,C0068,2025-01-04,79.99
TXN017139,C0239,2025-01-04,39.99
TXN008148,C0284,2025-01-05,29.99
TXN007281,C0230,2025-01-05,19.99
TXN010866,C0014,2025-01-05,29.99
TXN018302,C0170,2025-01-05,39.99
TXN000778,C0268,2025-01-05,59.99
TXN001800,C0141,2025-01-05,59.99
TXN000958,C0184,2025-01-05,19.99
TXN000418,C0105,2025-01-05,23.44
TXN011045,C0067,2025-01-05,39.99
TXN004289,C0060,2025-01-05,39.99
TXN002241,C0316,2025-01-05,129.99
TXN016544,C0060,2025-01-05,39.99
TXN010484,C0012,2025-01-05,49.99
TXN002060,C0105,2025-01-05,29.99
TXN010457,C0090,2025-01-05,49.99
TXN010450,C0135,2025-01-05,49.99
TXN002495,C0213,2025-01-05,59.99
TXN018440,C0219,2025-01-05,59.99
TXN017076,C0001,2025-01-05,19.99
TXN008547,C0167,2025-01-05,39.99
TXN000718,C0198,2025-01-05,59.99
TXN017536,C0076,2025-01-05,39.99
TXN017168,C0129,2025-01-05,99.99
TXN012849,C0263,2025-01-05,39.99
TXN015676,C0294,2025-01-05,49.99
TXN015677,C0177,2025-01-05,59.99
TXN014846,C0233,2025-01-05,59.99
TXN014429,C0209,2025-01-05,35.19
TXN014606,C0290,2025-01-05,29.99
TXN001467,C0150,2025-01-05,99.99
TXN015460,C0231,2025-01-05,59.99
TXN016174,C0011,2025-01-05,49.99
TXN005524,C0244,2025-01-05,79.99
TXN004987,C0178,2025-01-05,59.99
TXN013794,C0226,2025-01-05,149.99
TXN005053,C0116,2025-01-05,29.99
TXN002754,C0103,2025-01-05,49.99
TXN005371,C0296,2025-01-05,39.99
TXN014928,C0174,2025-01-05,29.99
TXN002629,C0332,2025-01-05,19.99
TXN004738,C0104,2025-01-06,19.99
TXN013448,C0118,2025-01-06,34.64
TXN007965,C0350,2025-01-06,17.85
TXN011088,C0019,2025-01-06,59.99
TXN014139,C0224,2025-01-06,49.99
TXN001518,C0031,2025-01-06,19.99
TXN001859,C0219,2025-01-06,53.77
TXN015769,C0024,2025-01-06,99.99
TXN018066,C0252,2025-01-06,49.99
TXN000878,C0149,2025-01-06,39.99
TXN013760,C0087,2025-01-06,49.99
TXN009549,C0071,2025-01-06,49.99
TXN000882,C0063,2025-01-06,35.09
TXN015388,C0085,2025-01-06,79.99
TXN004405,C0260,2025-01-06,59.99
TXN009191,C0164,2025-01-06,49.99
TXN017885,C0027,2025-01-06,42.61
TXN017192,C0133,2025-01-06,59.99
TXN012412,C0259,2025-01-06,59.99
TXN006357,C0250,2025-01-06,59.99
TXN004162,C0264,2025-01-06,42.77
TXN003913,C0037,2025-01-06,99.99
TXN002837,C0203,2025-01-06,129.99
TXN009274,C0274,2025-01-06,29.99
TXN008396,C0239,2025-01-06,39.99
TXN009751,C0241,2025-01-06,129.99
TXN000796,C0277,2025-01-06,49.99
TXN007192,C0327,2025-01-06,63.3
TXN011925,C0204,2025-01-06,39.99
TXN005117,C0251,2025-01-06,49.99
TXN003376,C0011,2025-01-06,49.99
TXN000774,C0268,2025-01-06,59.99
TXN011235,C0306,2025-01-06,29.99
TXN013571,C0139,2025-01-06,59.99
TXN013184,C0014,2025-01-07,29.99
TXN000110,C0012,2025-01-07,38.23
TXN009901,C0150,2025-01-07,99.99
TXN005857,C0253,2025-01-07,29.99
TXN016311,C0306,2025-01-07,29.99
TXN017630,C0040,2025-01-07,39.99
TXN006061,C0140,2025-01-07,21.04
TXN007860,C0287,2025-01-07,49.99
TXN013852,C0005,2025-01-07,29.99
TXN013145,C0235,2025-01-07,99.99
TXN007949,C0198,2025-01-07,59.99
TXN002343,C0047,2025-01-07,29.99
TXN012309,C0292,2025-01-07,99.99
TXN015398,C0247,2025-01-07,49.99
TXN007322,C0001,2025-01-07,19.99
TXN017166,C0164,2025-01-07,42.52
TXN005488,C0291,2025-01-07,39.37
TXN015489,C0115,2025-01-07,59.99
TXN014752,C0086,2025-01-07,59.99
TXN010364,C0332,2025-01-07,19.99
TXN003421,C0307,2025-01-07,59.99
TXN017753,C0041,2025-01-07,49.99
TXN010221,C0267,2025-01-07,29.99
TXN015417,C0041,2025-01-07,42.76
TXN012260,C0051,2025-01-07,29.99
TXN010214,C0044,2025-01-07,59.99
TXN012988,C0316,2025-01-07,129.99
TXN010696,C0072,2025-01-07,29.99
TXN018267,C0005,2025-01-07,29.99
TXN006795,C0156,2025-01-07,39.99
TXN007429,C0340,2025-01-07,39.99
TXN007966,C0238,2025-01-07,59.99
TXN002400,C0220,2025-01-07,25.24
TXN002150,C0174,2025-01-08,29.99
TXN006003,C0034,2025-01-08,41.61
TXN008128,C0007,2025-01-08,39.99
TXN018130,C0323,2025-01-08,99.99
TXN017390,C0207,2025-01-08,29.99
TXN014468,C0134,2025-01-08,99.99
TXN011975,C0090,2025-01-08,49.99
TXN017336,C0182,2025-01-08,49.99
TXN006507,C0096,2025-01-08,36.28
TXN004847,C0002,2025-01-08,24.92
TXN001992,C0165,2025-01-08,19.99
TXN009086,C0166,2025-01-08,39.99
TXN000159,C0240,2025-01-08,99.99
TXN005419,C0259,2025-01-08,59.99
TXN004754,C0341,2025-01-08,49.99
TXN008173,C0057,2025-01-08,99.99
TXN004897,C0067,2025-01-08,39.99
TXN005242,C0006,2025-01-08,149.99
TXN013195,C0213,2025-01-08,59.99
TXN014872,C0007,2025-01-08,39.99
TXN009916,C0094,2025-01-08,29.99
TXN004119,C0121,2025-01-08,59.99
TXN014339,C0294,2025-01-08,49.99
TXN011229,C0177,2025-01-08,59.99
TXN012015,C0137,2025-01-08,129.99
TXN005089,C0240,2025-01-08,99.99
TXN013527,C0332,2025-01-08,19.99
TXN004514,C0183,2025-01-08,49.99
TXN016558,C0346,2025-01-08,199.99
TXN010470,C0221,2025-01-08,43.03
TXN006871,C0211,2025-01-08,49.99
TXN013480,C0009,2025-01-08,79.99
TXN008519,C0319,2025-01-09,21.07
TXN013056,C0022,2025-01-09,29.99
TXN016367,C0119,2025-01-09,59.99
TXN013870,C0314,2025-01-09,51.61
TXN013702,C0284,2025-01-09,29.99
TXN013459,C0103,2025-01-09,49.99
TXN001070,C0131,2025-01-09,59.99
TXN011664,C0187,2025-01-09,39.99
TXN012794,C0179,2025-01-09,49.99
TXN004610,C0324,2025-01-09,49.99
TXN010768,C0155,2025-01-09,39.99
TXN000141,C0212,2025-01-09,33.04
TXN011808,C0245,2025-01-09,39.99
TXN009063,C0069,2025-01-09,29.99
TXN011826,C0134,2025-01-09,99.99
TXN005429,C0317,2025-01-09,29.99
TXN016341,C0132,2025-01-09,49.99
TXN016751,C0317,2025-01-09,29.99
TXN016284,C0021,2025-01-09,19.99
TXN011906,C0060,2025-01-09,39.99
TXN017589,C0316,2025-01-09,93.32
TXN002033,C0022,2025-01-09,29.99
TXN006139,C0224,2025-01-09,49.99
TXN014026,C0111,2025-01-09,99.99
TXN009441,C0081,2025-01-09,59.99
TXN012657,C0127,2025-01-09,29.99
TXN001268,C0002,2025-01-09,29.99
TXN013143,C0346,2025-01-09,199.99
TXN001523,C0103,2025-01-09,49.99
TXN010958,C0138,2025-01-09,59.99
TXN017224,C0332,2025-01-09,19.99
TXN007710,C0245,2025-01-09,39.99
TXN000616,C0275,2025-01-09,19.99
TXN012451,C0116,2025-01-10,29.99
TXN004632,C0099,2025-01-10,29.99
TXN017056,C0245,2025-01-10,39.99
TXN003524,C0335,2025-01-10,39.99
TXN007139,C0292,2025-01-10,99.99
TXN018291,C0015,2025-01-10,199.99
TXN012566,C0258,2025-01-10,19.99
TXN014075,C0087,2025-01-10,49.99
TXN016111,C0224,2025-01-10,49.99
TXN009459,C0161,2025-01-10,49.99
TXN015488,C0250,2025-01-10,59.99
TXN012895,C0239,2025-01-10,39.99
TXN008304,C0177,2025-01-10,59.99
TXN000716,C0325,2025-01-10,59.99
TXN017816,C0285,2025-01-10,39.99
TXN007284,C0231,2025-01-10,59.99
TXN006696,C0120,2025-01-10,24.04
TXN002082,C0111,2025-01-10,85.37
TXN005746,C0317,2025-01-10,29.99
TXN010342,C0169,2025-01-10,59.99
TXN008530,C0268,2025-01-10,59.99
TXN006207,C0013,2025-01-10,59.99
TXN010476,C0242,2025-01-10,39.99
TXN016055,C0165,2025-01-10,19.99
TXN012216,C0110,2025-01-10,42.62
TXN003016,C0345,2025-01-10,49.99
TXN001588,C0215,2025-01-10,39.99
TXN017826,C0131,2025-01-10,59.99
TXN006411,C0322,2025-01-10,41.35
TXN012056,C0134,2025-01-10,99.99
TXN015370,C0199,2025-01-10,99.99
TXN013165,C0038,2025-01-10,129.99
TXN007901,C0121,2025-01-10,59.99
TXN005353,C0224,2025-01-10,49.99
TXN010103,C0236,2025-01-10,29.99
TXN002296,C0100,2025-01-10,49.99
TXN017261,C0087,2025-01-10,49.99
TXN008911,C0252,2025-01-10,49.99
TXN013123,C0217,2025-01-10,29.99
TXN014447,C0185,2025-01-10,39.99
TXN015220,C0248,2025-01-10,59.99
TXN013261,C0205,2025-01-10,19.99
TXN012180,C0176,2025-01-10,59.99
TXN004838,C0026,2025-01-10,79.99
TXN015968,C0035,2025-01-10,79.99
TXN015151,C0078,2025-01-11,49.99
TXN010420,C0028,2025-01-11,39.99
TXN016727,C0231,2025-01-11,45.69
TXN006495,C0229,2025-01-11,49.99
TXN005059,C0257,2025-01-11,19.99
TXN013857,C0345,2025-01-11,49.99
TXN016198,C0216,2025-01-11,39.99
TXN006904,C0225,2025-01-11,29.99
TXN015904,C0207,2025-01-11,29.99
TXN002925,C0088,2025-01-11,99.99
TXN007385,C0189,2025-01-11,49.99
TXN004771,C0056,2025-01-11,23.05
TXN007392,C0052,2025-01-11,119.67
TXN006399,C0294,2025-01-11,49.99
TXN011038,C0199,2025-01-11,99.99
TXN012166,C0205,2025-01-11,19.99
TXN006927,C0226,2025-01-11,149.99
TXN012163,C0112,2025-01-11,49.99
TXN001267,C0065,2025-01-11,29.99
TXN005608,C0101,2025-01-11,129.99
TXN006550,C0219,2025-01-11,59.99
TXN012327,C0064,2025-01-11,117.09
TXN015128,C0297,2025-01-11,59.99
TXN004346,C0237,2025-01-11,29.99
TXN010246,C0157,2025-01-11,59.99
TXN012047,C0136,2025-01-11,19.99
TXN015662,C0286,2025-01-11,19.99
TXN006916,C0254,2025-01-11,79.99
TXN009529,C0340,2025-01-12,39.99
TXN016391,C0092,2025-01-12,29.99
TXN003443,C0168,2025-01-12,39.99
TXN004905,C0107,2025-01-12,149.99
TXN000499,C0273,2025-01-12,199.99
TXN006160,C0124,2025-01-12,59.99
TXN017850,C0267,2025-01-12,24.14
TXN002250,C0111,2025-01-12,99.99
TXN000481,C0060,2025-01-12,39.99
TXN000744,C0164,2025-01-12,49.99
TXN016205,C0108,2025-01-12,19.99
TXN016408,C0111,2025-01-12,99.99
TXN013494,C0254,2025-01-12,79.99
TXN001646,C0196,2025-01-12,29.99
TXN013384,C0176,2025-01-12,59.99
TXN014588,C0156,2025-01-12,39.99
TXN017159,C0161,2025-01-12,35.95
TXN008503,C0047,2025-01-12,29.99
TXN013286,C0237,2025-01-12,29.99
TXN006282,C0328,2025-01-12,29.99
TXN004955,C0064,2025-01-12,149.99
TXN004591,C0199,2025-01-12,99.99
TXN016092,C0088,2025-01-12,99.99
TXN011905,C0005,2025-01-12,21.92
TXN018490,C0048,2025-01-12,59.99
TXN013413,C0312,2025-01-12,79.99
TXN015932,C0203,2025-01-13,129.99
TXN009407,C0012,2025-01-13,49.99
TXN001336,C0151,2025-01-13,79.99
TXN006196,C0317,2025-01-13,29.99
TXN001619,C0233,2025-01-13,59.99
TXN014457,C0317,2025-01-13,29.99
TXN000640,C0157,2025-01-13,59.99
TXN011642,C0063,2025-01-13,39.99
TXN015364,C0264,2025-01-13,49.99
TXN012409,C0290,2025-01-13,29.99
TXN002950,C0265,2025-01-13,49.99
TXN002485,C0008,2025-01-13,29.99
TXN003907,C0241,2025-01-13,129.99
TXN003415,C0321,2025-01-13,129.99
TXN016564,C0332,2025-01-13,15.52
TXN016040,C0344,2025-01-13,129.99
TXN003455,C0109,2025-01-13,149.99
TXN011485,C0030,2025-01-13,199.99
TXN013809,C0029,2025-01-13,35.67
TXN000340,C0140,2025-01-13,29.99
TXN003496,C0187,2025-01-13,39.99
TXN004432,C0190,2025-01-13,59.99
TXN008279,C0007,2025-01-13,39.99
TXN013103,C0260,2025-01-13,59.99
TXN011393,C0288,2025-01-13,19.99
TXN007348,C0310,2025-01-13,19.99
TXN014016,C0107,2025-01-13,149.99
TXN017736,C0318,2025-01-13,39.99
TXN003013,C0046,2025-01-13,79.99
TXN017678,C0029,2025-01-13,39.99
TXN015559,C0328,2025-01-13,29.99
TXN011460,C0261,2025-01-13,49.99
TXN007090,C0099,2025-01-13,29.99
TXN012963,C0165,2025-01-13,19.99
TXN004935,C0050,2025-01-13,29.99
TXN011225,C0130,2025-01-13,129.99
TXN016843,C0005,2025-01-13,29.99
TXN011149,C0291,2025-01-13,41.84
TXN011801,C0128,2025-01-14,59.99
TXN010710,C0223,2025-01-14,19.99
TXN003747,C0328,2025-01-14,29.99
TXN015689,C0037,2025-01-14,99.99
TXN001052,C0149,2025-01-14,39.99
TXN011599,C0107,2025-01-14,149.99
TXN018167,C0270,2025-01-14,49.99
TXN002738,C0144,2025-01-14,19.99
TXN008456,C0004,2025-01-14,71.9
TXN011580,C0038,2025-01-14,129.99
TXN007929,C0120,2025-01-14,29.99
TXN016142,C0210,2025-01-14,79.99
TXN000924,C0152,2025-01-14,49.99
TXN010022,C0208,2025-01-14,39.99
TXN017799,C0210,2025-01-14,58.96
TXN002516,C0139,2025-01-14,52.02
TXN003655,C0038,2025-01-14,91.97
TXN002389,C0226,2025-01-14,149.99
TXN008288,C0267,2025-01-14,29.99
TXN011898,C0060,2025-01-14,39.99
TXN009497,C0317,2025-01-14,29.99
TXN018290,C0127,2025-01-14,29.99
TXN002380,C0251,2025-01-14,49.99
TXN005037,C0282,2025-01-14,24.17
TXN008817,C0226,2025-01-14,149.99
TXN018065,C0127,2025-01-14,29.99
TXN006082,C0039,2025-01-15,49.99
TXN014008,C0007,2025-01-15,39.99
TXN016068,C0068,2025-01-15,79.99
TXN016101,C0143,2025-01-15,59.99
TXN011432,C0138,2025-01-15,59.99
TXN006626,C0214,2025-01-15,59.99
TXN015727,C0341,2025-01-15,49.99
TXN017113,C0304,2025-01-15,49.99
TXN014251,C0145,2025-01-15,59.99
TXN017088,C0016,2025-01-15,112.85
TXN009141,C0044,2025-01-15,53.15
TXN006258,C0294,2025-01-15,49.99
TXN009633,C0125,2025-01-15,49.99
TXN000954,C0323,2025-01-15,99.99
TXN012639,C0189,2025-01-15,49.99
TXN015671,C0332,2025-01-15,19.99
TXN013549,C0085,2025-01-15,79.99
TXN010311,C0218,2025-01-15,29.99
TXN016203,C0305,2025-01-15,149.99
TXN018072,C0251,2025-01-15,37.28
TXN010511,C0019,2025-01-15,59.99
TXN016888,C0082,2025-01-15,29.99
TXN006950,C0274,2025-01-15,29.99
TXN005549,C0107,2025-01-15,149.99
TXN011450,C0120,2025-01-15,29.99
TXN009926,C0261,2025-01-15,49.99
TXN017255,C0118,2025-01-15,39.99
TXN008167,C0242,2025-01-15,39.99
TXN016957,C0275,2025-01-15,19.99
TXN001840,C0282,2025-01-15,29.99
TXN012781,C0335,2025-01-15,39.99
TXN002450,C0069,2025-01-15,29.99
TXN002238,C0168,2025-01-16,39.99
TXN017162,C0202,2025-01-16,19.99
TXN010683,C0325,2025-01-16,59.99
TXN001271,C0231,2025-01-16,48.3
TXN006307,C0192,2025-01-16,79.99
TXN011732,C0194,2025-01-16,149.99
TXN010465,C0282,2025-01-16,29.99
TXN017540,C0229,2025-01-16,49.99
TXN003938,C0236,2025-01-16,29.99
TXN017675,C0301,2025-01-16,79.99
TXN014789,C0068,2025-01-16,79.99
TXN016567,C0231,2025-01-16,59.99
TXN000720,C0263,2025-01-16,39.99
TXN010361,C0282,2025-01-16,29.99
TXN015527,C0263,2025-01-16,39.99
TXN013051,C0288,2025-01-16,14.04
TXN009946,C0140,2025-01-16,29.99
TXN015204,C0194,2025-01-16,149.99
TXN006090,C0128,2025-01-16,59.99
TXN011356,C0332,2025-01-16,19.99
TXN011388,C0055,2025-01-16,49.99
TXN018210,C0097,2025-01-16,129.99
TXN015311,C0208,2025-01-16,39.99
TXN010085,C0189,2025-01-16,49.99
TXN012570,C0030,2025-01-16,199.99
TXN006709,C0196,2025-01-16,29.99
TXN012997,C0282,2025-01-16,29.99
TXN006551,C0214,2025-01-16,59.99
TXN004077,C0187,2025-01-16,39.99
TXN004621,C0101,2025-01-16,129.99
TXN010198,C0328,2025-01-16,29.99
TXN010083,C0260,2025-01-16,49.24
TXN013948,C0182,2025-01-17,49.99
TXN016789,C0314,2025-01-17,59.99
TXN011204,C0350,2025-01-17,19.99
TXN011021,C0087,2025-01-17,49.99
TXN006306,C0014,2025-01-17,29.99
TXN016535,C0277,2025-01-17,49.99
TXN009753,C0119,2025-01-17,59.99
TXN017491,C0296,2025-01-17,39.99
TXN013037,C0313,2025-01-17,31.92
TXN016352,C0326,2025-01-17,15.3
TXN004192,C0259,2025-01-17,59.99
TXN017463,C0322,2025-01-17,39.98
TXN009625,C0275,2025-01-17,19.99
TXN005267,C0122,2025-01-17,149.99
TXN001670,C0243,2025-01-17,29.99
TXN007501,C0061,2025-01-17,49.99
TXN014700,C0203,2025-01-17,129.99
TXN007447,C0169,2025-01-17,59.99
TXN005090,C0194,2025-01-17,109.09
TXN001196,C0222,2025-01-17,59.99
TXN015649,C0285,2025-01-17,39.99
TXN017668,C0319,2025-01-17,29.99
TXN001834,C0188,2025-01-17,49.99
TXN012922,C0134,2025-01-17,99.99
TXN013977,C0117,2025-01-17,19.99
TXN015256,C0156,2025-01-17,39.99
TXN017090,C0236,2025-01-17,29.99
TXN004692,C0103,2025-01-17,49.99
TXN011425,C0243,2025-01-17,29.99
TXN002322,C0261,2025-01-17,49.99
TXN014161,C0306,2025-01-17,29.99
TXN013394,C0140,2025-01-17,26.03
TXN000652,C0127,2025-01-17,29.99
TXN001827,C0050,2025-01-17,29.99
TXN006665,C0245,2025-01-17,39.99
TXN005406,C0118,2025-01-18,39.99
TXN001332,C0282,2025-01-18,29.99
TXN004404,C0152,2025-01-18,49.99
TXN016635,C0154,2025-01-18,99.99
TXN014442,C0289,2025-01-18,79.99
TXN003288,C0288,2025-01-18,19.99
TXN005581,C0169,2025-01-18,59.99
TXN009278,C0014,2025-01-18,29.99
TXN016877,C0334,2025-01-18,29.99
TXN006884,C0201,2025-01-18,93.73
TXN007040,C0009,2025-01-18,79.99
TXN004001,C0095,2025-01-18,16.57
TXN000645,C0248,2025-01-18,59.99
TXN011526,C0097,2025-01-18,129.99
TXN002956,C0185,2025-01-18,34.83
TXN017657,C0315,2025-01-18,79.99
TXN010411,C0222,2025-01-18,59.99
TXN009852,C0319,2025-01-18,26.74
TXN004633,C0340,2025-01-18,39.99
TXN000149,C0291,2025-01-18,49.99
TXN007552,C0339,2025-01-18,39.99
TXN012707,C0285,2025-01-18,39.99
TXN004236,C0081,2025-01-18,59.99
TXN010112,C0034,2025-01-18,49.99
TXN004243,C0121,2025-01-18,45.78
TXN010081,C0169,2025-01-18,59.99
TXN016994,C0121,2025-01-18,59.99
TXN012858,C0344,2025-01-18,129.99
TXN000601,C0134,2025-01-18,99.99
TXN003663,C0237,2025-01-18,29.99
TXN012333,C0080,2025-01-18,59.99
TXN006563,C0015,2025-01-18,152.52
TXN000608,C0001,2025-01-18,19.99
TXN016235,C0241,2025-01-18,129.99
TXN000727,C0225,2025-01-18,29.99
TXN008525,C0244,2025-01-18,79.99
TXN010379,C0336,2025-01-18,19.99
TXN016073,C0113,2025-01-18,49.99
TXN008505,C0147,2025-01-18,19.99
TXN017819,C0266,2025-01-18,166.1
TXN005613,C0334,2025-01-18,26.06
TXN000577,C0199,2025-01-19,99.99
TXN010614,C0066,2025-01-19,59.99
TXN007738,C0338,2025-01-19,49.99
TXN006162,C0153,2025-01-19,79.99
TXN017277,C0296,2025-01-19,39.99
TXN006143,C0132,2025-01-19,49.99
TXN003015,C0288,2025-01-19,19.99
TXN006564,C0101,2025-01-19,129.99
TXN014817,C0094,2025-01-19,29.99
TXN017805,C0236,2025-01-19,29.99
TXN006601,C0327,2025-01-19,79.99
TXN001438,C0091,2025-01-19,99.99
TXN016987,C0125,2025-01-19,49.99
TXN010941,C0316,2025-01-19,129.99
TXN018353,C0101,2025-01-19,129.99
TXN012024,C0127,2025-01-19,29.99
TXN003007,C0349,2025-01-19,129.99
TXN017538,C0185,2025-01-19,39.99
TXN011729,C0231,2025-01-19,59.99
TXN001135,C0303,2025-01-19,19.99
TXN017975,C0071,2025-01-19,49.99
TXN012883,C0161,2025-01-19,44.58
TXN010380,C0052,2025-01-19,149.99
TXN004906,C0151,2025-01-19,79.99
TXN017598,C0333,2025-01-19,39.99
TXN005200,C0258,2025-01-19,19.99
TXN013168,C0305,2025-01-19,117.09
TXN006341,C0188,2025-01-19,49.99
TXN000089,C0036,2025-01-19,49.99
TXN001529,C0258,2025-01-19,19.99
TXN002538,C0302,2025-01-19,49.99
TXN002130,C0228,2025-01-19,79.99
TXN004268,C0237,2025-01-19,29.99
TXN007617,C0274,2025-01-19,29.99
TXN015448,C0099,2025-01-19,29.99
TXN009359,C0045,2025-01-19,59.99
TXN006724,C0169,2025-01-19,59.99
TXN018382,C0272,2025-01-19,59.99
TXN011054,C0332,2025-01-19,19.99
TXN009374,C0219,2025-01-19,59.99
TXN011837,C0155,2025-01-19,39.99
TXN017584,C0263,2025-01-19,33.58
TXN001259,C0068,2025-01-19,79.99
TXN006116,C0037,2025-01-20,99.99
TXN003477,C0036,2025-01-20,49.99
TXN018119,C0053,2025-01-20,29.99
TXN018277,C0310,2025-01-20,19.99
TXN010432,C0120,2025-01-20,29.99
TXN005969,C0066,2025-01-20,59.99
TXN002404,C0087,2025-01-20,49.99
TXN013801,C0022,2025-01-20,29.99
TXN011199,C0193,2025-01-20,59.99
TXN008954,C0272,2025-01-20,59.99
TXN017493,C0062,2025-01-20,29.99
TXN009053,C0143,2025-01-20,59.99
TXN016665,C0321,2025-01-20,129.99
TXN006542,C0041,2025-01-20,37.49
TXN015021,C0286,2025-01-20,19.99
TXN016821,C0318,2025-01-20,39.99
TXN005118,C0175,2025-01-20,17.91
TXN008969,C0313,2025-01-20,39.99
TXN005718,C0348,2025-01-20,29.99
TXN011791,C0100,2025-01-20,49.99
TXN004149,C0237,2025-01-20,29.99
TXN006869,C0256,2025-01-20,29.99
TXN012697,C0043,2025-01-20,26.0
TXN007089,C0230,2025-01-20,19.99
TXN014082,C0116,2025-01-20,22.81
TXN003892,C0111,2025-01-20,99.99
TXN017445,C0032,2025-01-20,99.99
TXN011660,C0164,2025-01-20,49.99
TXN010566,C0107,2025-01-20,132.17
TXN010327,C0176,2025-01-20,59.99
TXN000440,C0069,2025-01-20,23.01
TXN002974,C0111,2025-01-20,99.99
TXN006596,C0263,2025-01-21,39.99
TXN004092,C0101,2025-01-21,129.99
TXN000010,C0264,2025-01-21,36.98
TXN008212,C0334,2025-01-21,29.99
TXN009152,C0248,2025-01-21,50.71
TXN015472,C0261,2025-01-21,49.99
TXN015684,C0160,2025-01-21,79.99
TXN009156,C0282,2025-01-21,29.99
TXN011529,C0010,2025-01-21,50.99
TXN011313,C0326,2025-01-21,19.99
TXN010350,C0345,2025-01-21,49.99
TXN000108,C0196,2025-01-21,29.99
TXN013616,C0315,2025-01-21,79.99
TXN017241,C0292,2025-01-21,99.99
TXN014403,C0025,2025-01-21,79.99
TXN009811,C0219,2025-01-21,59.99
TXN012146,C0296,2025-01-21,28.65
TXN008768,C0012,2025-01-21,49.99
TXN005970,C0120,2025-01-21,29.99
TXN004690,C0114,2025-01-21,49.99
TXN005964,C0253,2025-01-21,29.99
TXN007588,C0046,2025-01-21,79.99
TXN000363,C0143,2025-01-21,59.99
TXN016675,C0230,2025-01-21,19.99
TXN000867,C0124,2025-01-21,59.99
TXN000044,C0112,2025-01-21,49.99
TXN005716,C0079,2025-01-21,29.99
TXN010054,C0122,2025-01-21,149.99
TXN016413,C0078,2025-01-21,49.99
TXN013960,C0023,2025-01-21,41.87
TXN016455,C0205,2025-01-21,19.99
TXN003097,C0215,2025-01-21,33.47
TXN000791,C0039,2025-01-21,49.99
TXN009949,C0001,2025-01-21,19.99
TXN005761,C0271,2025-01-21,59.99
TXN018036,C0015,2025-01-21,199.99
TXN007773,C0131,2025-01-21,59.99
TXN003441,C0108,2025-01-21,19.99
TXN007569,C0073,2025-01-21,19.99
TXN008158,C0141,2025-01-21,59.99
TXN015711,C0259,2025-01-22,59.99
TXN014976,C0171,2025-01-22,49.99
TXN015412,C0053,2025-01-22,29.99
TXN008583,C0274,2025-01-22,29.99
TXN000814,C0184,2025-01-22,19.99
TXN009249,C0233,2025-01-22,59.99
TXN003909,C0255,2025-01-22,78.6
TXN002995,C0108,2025-01-22,19.99
TXN002122,C0339,2025-01-22,39.99
TXN012659,C0230,2025-01-22,19.99
TXN012161,C0016,2025-01-22,149.99
TXN004347,C0286,2025-01-22,19.99
TXN000422,C0291,2025-01-22,49.99
TXN004860,C0236,2025-01-22,21.58
TXN012578,C0245,2025-01-22,29.83
TXN007795,C0185,2025-01-22,30.77
TXN008874,C0301,2025-01-22,79.99
TXN012605,C0027,2025-01-22,49.99
TXN012758,C0340,2025-01-22,29.34
TXN012644,C0025,2025-01-22,79.99
TXN004921,C0009,2025-01-22,79.99
TXN003356,C0218,2025-01-22,29.99
TXN003816,C0022,2025-01-22,29.99
TXN000622,C0329,2025-01-22,99.99
TXN010617,C0106,2025-01-22,169.33
TXN003273,C0153,2025-01-22,79.99
TXN002248,C0236,2025-01-22,29.99
TXN008892,C0115,2025-01-22,59.99
TXN013678,C0045,2025-01-22,59.99
TXN000993,C0025,2025-01-22,79.99
TXN005735,C0328,2025-01-22,29.99
TXN000080,C0100,2025-01-22,41.27
TXN009552,C0322,2025-01-22,49.99
TXN008427,C0172,2025-01-22,29.99
TXN015877,C0328,2025-01-22,29.99
TXN004750,C0037,2025-01-22,99.99
TXN005681,C0279,2025-01-22,19.99
TXN013212,C0306,2025-01-22,29.99
TXN000364,C0316,2025-01-23,129.99
TXN001302,C0208,2025-01-23,39.99
TXN009998,C0154,2025-01-23,99.99
TXN003143,C0176,2025-01-23,59.99
TXN010577,C0073,2025-01-23,19.99
TXN008614,C0053,2025-01-23,29.99
TXN015471,C0252,2025-01-23,40.11
TXN010691,C0095,2025-01-23,19.99
TXN013070,C0196,2025-01-23,29.99
TXN017580,C0095,2025-01-23,19.99
TXN016743,C0255,2025-01-23,99.99
TXN000637,C0305,2025-01-23,106.19
TXN005022,C0312,2025-01-23,79.99
TXN005872,C0217,2025-01-23,21.26
TXN005051,C0265,2025-01-23,49.99
TXN017628,C0015,2025-01-23,199.99
TXN005223,C0203,2025-01-23,129.99
TXN016691,C0019,2025-01-23,59.99
TXN007923,C0089,2025-01-23,79.99
TXN007711,C0168,2025-01-23,39.99
TXN007803,C0287,2025-01-23,49.99
TXN004122,C0091,2025-01-23,99.99
TXN018225,C0262,2025-01-23,29.99
TXN013262,C0018,2025-01-23,29.99
TXN015535,C0002,2025-01-23,29.99
TXN013323,C0310,2025-01-23,19.99
TXN000421,C0034,2025-01-23,49.99
TXN006959,C0350,2025-01-23,19.99
TXN002446,C0310,2025-01-23,19.99
TXN006945,C0019,2025-01-23,59.99
TXN014632,C0224,2025-01-23,49.99
TXN000083,C0109,2025-01-23,116.44
TXN014245,C0284,2025-01-24,29.99
TXN012403,C0008,2025-01-24,29.99
TXN014243,C0068,2025-01-24,79.99
TXN009125,C0115,2025-01-24,59.99
TXN013822,C0251,2025-01-24,49.99
TXN006457,C0180,2025-01-24,39.99
TXN007697,C0187,2025-01-24,39.99
TXN002562,C0036,2025-01-24,49.99
TXN007132,C0064,2025-01-24,149.99
TXN012397,C0103,2025-01-24,49.99
TXN003245,C0196,2025-01-24,29.99
TXN012568,C0318,2025-01-24,39.99
TXN017960,C0226,2025-01-24,149.99
TXN012602,C0131,2025-01-24,59.99
TXN011571,C0054,2025-01-24,99.99
TXN017629,C0231,2025-01-24,43.64
TXN006161,C0094,2025-01-24,29.99
TXN009334,C0103,2025-01-24,49.99
TXN008301,C0333,2025-01-24,39.99
TXN006381,C0349,2025-01-24,129.99
TXN004879,C0041,2025-01-24,49.99
TXN000537,C0329,2025-01-24,99.99
TXN015848,C0273,2025-01-24,145.48
TXN013645,C0022,2025-01-24,29.99
TXN017173,C0114,2025-01-24,49.99
TXN010695,C0271,2025-01-24,59.99
TXN016278,C0201,2025-01-24,129.99
TXN007494,C0280,2025-01-24,19.99
TXN018031,C0162,2025-01-24,79.99
TXN001231,C0015,2025-01-25,199.99
TXN017806,C0057,2025-01-25,99.99
TXN012147,C0078,2025-01-25,49.99
TXN016373,C0089,2025-01-25,79.99
TXN001313,C0147,2025-01-25,19.99
TXN008175,C0174,2025-01-25,29.99
TXN008257,C0097,2025-01-25,129.99
TXN016690,C0218,2025-01-25,29.99
TXN015253,C0034,2025-01-25,49.99
TXN018435,C0002,2025-01-25,29.99
TXN009628,C0306,2025-01-25,29.99
TXN001693,C0317,2025-01-25,29.99
TXN009862,C0234,2025-01-25,79.99
TXN006019,C0046,2025-01-25,79.99
TXN016795,C0243,2025-01-25,29.99
TXN003182,C0296,2025-01-25,39.99
TXN009160,C0100,2025-01-25,49.99
TXN011023,C0332,2025-01-25,19.99
TXN017666,C0120,2025-01-25,29.99
TXN002175,C0279,2025-01-25,19.99
TXN010804,C0230,2025-01-25,19.99
TXN008579,C0111,2025-01-25,99.99
TXN006994,C0236,2025-01-25,29.99
TXN000660,C0212,2025-01-25,39.99
TXN004574,C0211,2025-01-25,40.2
TXN018236,C0029,2025-01-25,39.99
TXN016592,C0080,2025-01-25,59.99
TXN014923,C0120,2025-01-25,29.99
TXN007490,C0257,2025-01-25,19.99
TXN001997,C0225,2025-01-25,29.99
TXN003763,C0181,2025-01-25,99.99
TXN011139,C0312,2025-01-25,58.94
TXN014292,C0258,2025-01-25,19.99
TXN002203,C0324,2025-01-25,42.18
TXN010841,C0167,2025-01-25,39.99
TXN002297,C0279,2025-01-25,19.99
TXN002661,C0114,2025-01-25,49.99
TXN005483,C0124,2025-01-25,59.99
TXN002873,C0222,2025-01-25,52.93
TXN004499,C0245,2025-01-25,39.99
TXN017172,C0307,2025-01-25,59.99
TXN000176,C0228,2025-01-25,79.99
TXN012008,C0245,2025-01-26,35.12
TXN018239,C0156,2025-01-26,39.99
TXN001386,C0276,2025-01-26,79.99
TXN016861,C0128,2025-01-26,59.99
TXN011459,C0339,2025-01-26,29.11
TXN008294,C0328,2025-01-26,29.99
TXN016854,C0202,2025-01-26,19.99
TXN011688,C0115,2025-01-26,59.99
TXN011858,C0306,2025-01-26,23.94
TXN006415,C0330,2025-01-26,79.99
TXN015279,C0332,2025-01-26,19.99
TXN002409,C0328,2025-01-26,29.99
TXN018325,C0058,2025-01-26,49.99
TXN013856,C0103,2025-01-26,49.99
TXN008247,C0317,2025-01-26,23.66
TXN016464,C0002,2025-01-26,29.99
TXN005123,C0159,2025-01-26,79.99
TXN003914,C0060,2025-01-26,39.99
TXN012336,C0279,2025-01-26,19.99
TXN007432,C0305,2025-01-26,149.99
TXN014937,C0193,2025-01-26,49.13
TXN016974,C0326,2025-01-26,19.99
TXN013609,C0197,2025-01-26,19.99
TXN002759,C0306,2025-01-26,29.99
TXN013557,C0003,2025-01-26,29.99
TXN009925,C0041,2025-01-26,38.72
TXN013733,C0208,2025-01-26,39.99
TXN011218,C0101,2025-01-26,129.99
TXN002195,C0171,2025-01-26,49.99
TXN006525,C0241,2025-01-26,129.99
TXN007844,C0106,2025-01-26,199.99
TXN006442,C0050,2025-01-27,29.99
TXN006048,C0050,2025-01-27,29.99
TXN002977,C0041,2025-01-27,49.99
TXN017617,C0119,2025-01-27,59.99
TXN006052,C0128,2025-01-27,59.99
TXN011878,C0241,2025-01-27,129.99
TXN008752,C0328,2025-01-27,29.99
TXN013450,C0159,2025-01-27,79.99
TXN007280,C0238,2025-01-27,59.99
TXN000709,C0332,2025-01-27,19.99
TXN005148,C0014,2025-01-27,29.99
TXN010810,C0214,2025-01-27,59.99
TXN007971,C0155,2025-01-27,30.91
TXN004686,C0100,2025-01-27,49.99
TXN010982,C0284,2025-01-27,29.99
TXN017329,C0264,2025-01-27,49.99
TXN004388,C0037,2025-01-27,99.99
TXN006647,C0015,2025-01-27,151.62
TXN004498,C0151,2025-01-27,79.99
TXN006262,C0235,2025-01-27,99.99
TXN004961,C0020,2025-01-27,19.99
TXN013602,C0218,2025-01-27,29.99
TXN006562,C0043,2025-01-27,21.36
TXN004970,C0305,2025-01-27,149.99
TXN007304,C0290,2025-01-27,29.99
TXN009285,C0153,2025-01-27,79.99
TXN000366,C0318,2025-01-27,39.99
TXN016780,C0184,2025-01-27,19.99
TXN011117,C0340,2025-01-27,39.99
TXN014300,C0281,2025-01-28,99.99
TXN017165,C0350,2025-01-28,19.99
TXN004561,C0219,2025-01-28,59.99
TXN002228,C0166,2025-01-28,39.99
TXN004940,C0177,2025-01-28,59.99
TXN007271,C0221,2025-01-28,49.99
TXN008131,C0241,2025-01-28,129.99
TXN004185,C0157,2025-01-28,59.99
TXN013282,C0078,2025-01-28,39.51
TXN017213,C0040,2025-01-28,39.99
TXN007467,C0335,2025-01-28,30.03
TXN008116,C0004,2025-01-28,99.99
TXN004284,C0039,2025-01-28,49.99
TXN006042,C0340,2025-01-28,39.99
TXN001556,C0282,2025-01-28,29.99
TXN009020,C0091,2025-01-28,99.99
TXN007593,C0192,2025-01-28,79.99
TXN017883,C0331,2025-01-28,59.99
TXN015754,C0208,2025-01-28,39.99
TXN001967,C0279,2025-01-28,19.99
TXN006663,C0091,2025-01-28,99.99
TXN016277,C0111,2025-01-28,99.99
TXN014398,C0313,2025-01-28,39.99
TXN007727,C0030,2025-01-28,199.99
TXN005668,C0045,2025-01-29,59.99
TXN005363,C0144,2025-01-29,15.27
TXN004600,C0139,2025-01-29,59.99
TXN002011,C0330,2025-01-29,79.99
TXN002844,C0175,2025-01-29,19.99
TXN011275,C0197,2025-01-29,19.99
TXN003374,C0052,2025-01-29,149.99
TXN000639,C0184,2025-01-29,19.99
TXN002632,C0141,2025-01-29,59.99
TXN018307,C0345,2025-01-29,49.99
TXN000270,C0233,2025-01-29,59.99
TXN004453,C0287,2025-01-29,49.99
TXN006695,C0328,2025-01-29,29.99
TXN000890,C0045,2025-01-29,59.99
TXN018082,C0258,2025-01-29,19.99
TXN017890,C0039,2025-01-29,49.99
TXN013650,C0327,2025-01-29,79.99
TXN010634,C0152,2025-01-29,49.99
TXN006969,C0205,2025-01-29,19.99
TXN010300,C0094,2025-01-29,29.99
TXN012006,C0195,2025-01-29,19.99
TXN008964,C0118,2025-01-29,39.99
TXN014822,C0346,2025-01-29,199.99
TXN014206,C0280,2025-01-29,19.99
TXN017541,C0224,2025-01-29,49.99
TXN002510,C0184,2025-01-29,19.99
TXN007873,C0143,2025-01-29,45.55
TXN004152,C0069,2025-01-29,21.33
TXN010845,C0265,2025-01-29,49.99
TXN003855,C0129,2025-01-29,99.99
TXN000903,C0100,2025-01-29,49.99
TXN012783,C0051,2025-01-29,29.99
TXN016310,C0161,2025-01-29,49.99
TXN007111,C0092,2025-01-29,29.99
TXN008731,C0279,2025-01-29,16.23
TXN013006,C0234,2025-01-29,79.99
TXN009314,C0108,2025-01-29,19.99
TXN017685,C0138,2025-01-29,59.99
TXN016038,C0076,2025-01-30,39.99
TXN001054,C0170,2025-01-30,39.99
TXN008217,C0325,2025-01-30,59.99
TXN016792,C0233,2025-01-30,59.99
TXN003388,C0122,2025-01-30,149.99
TXN008041,C0230,2025-01-30,19.99
TXN006505,C0217,2025-01-30,29.99
TXN010927,C0330,2025-01-30,79.99
TXN015581,C0332,2025-01-30,19.99
TXN013348,C0258,2025-01-30,19.99
TXN000524,C0338,2025-01-30,43.5
TXN012377,C0141,2025-01-30,59.99
TXN011327,C0043,2025-01-30,29.99
TXN001774,C0223,2025-01-30,19.99
TXN015438,C0121,2025-01-30,59.99
TXN017216,C0243,2025-01-30,29.99
TXN002666,C0319,2025-01-30,29.99
TXN017701,C0166,2025-01-30,39.99
TXN002681,C0256,2025-01-30,29.99
TXN011228,C0169,2025-01-30,59.99
TXN009012,C0205,2025-01-30,17.59
TXN016215,C0318,2025-01-30,39.99
TXN007476,C0295,2025-01-30,39.99
TXN012835,C0225,2025-01-30,29.99
TXN007020,C0001,2025-01-30,19.99
TXN017432,C0098,2025-01-30,19.99
TXN006064,C0034,2025-01-30,49.99
TXN016569,C0018,2025-01-30,29.99
TXN009440,C0259,2025-01-30,59.99
TXN000286,C0286,2025-01-30,19.99
TXN005974,C0265,2025-01-30,49.99
TXN017474,C0101,2025-01-30,129.99
TXN010082,C0007,2025-01-30,39.99
TXN000540,C0223,2025-01-31,14.88
TXN001702,C0046,2025-01-31,79.99
TXN017361,C0064,2025-01-31,149.99
TXN004868,C0349,2025-01-31,129.99
TXN015147,C0007,2025-01-31,39.99
TXN001803,C0259,2025-01-31,59.99
TXN002041,C0114,2025-01-31,49.99
TXN000128,C0323,2025-01-31,99.99
TXN010140,C0214,2025-01-31,59.99
TXN004362,C0338,2025-01-31,49.99
TXN001539,C0124,2025-01-31,59.99
TXN014367,C0308,2025-01-31,29.99
TXN017020,C0211,2025-01-31,49.99
TXN010735,C0035,2025-01-31,79.99
TXN018377,C0222,2025-01-31,59.99
TXN006289,C0076,2025-01-31,39.99
TXN012391,C0150,2025-01-31,99.99
TXN014254,C0128,2025-01-31,59.99
TXN014260,C0171,2025-01-31,49.99
TXN008945,C0035,2025-01-31,79.99
TXN009787,C0003,2025-01-31,29.99
TXN008784,C0340,2025-01-31,39.99
TXN008806,C0237,2025-01-31,23.73
TXN010097,C0279,2025-01-31,19.99
TXN001228,C0104,2025-01-31,19.99
TXN004630,C0296,2025-01-31,39.99
TXN008398,C0288,2025-01-31,19.99
TXN013923,C0211,2025-01-31,38.76
TXN009759,C0167,2025-01-31,39.99
TXN002521,C0176,2025-02-01,59.99
TXN013428,C0261,2025-02-01,49.99
TXN003897,C0224,2025-02-01,49.99
TXN017240,C0214,2025-02-01,59.99
TXN006467,C0072,2025-02-01,29.99
TXN012074,C0234,2025-02-01,79.99
TXN014794,C0295,2025-02-01,39.99
TXN003429,C0091,2025-02-01,99.99
TXN018135,C0224,2025-02-01,49.99
TXN000662,C0120,2025-02-01,29.99
TXN012238,C0238,2025-02-01,59.99
TXN015124,C0091,2025-02-01,99.99
TXN009010,C0347,2025-02-01,99.99
TXN000544,C0008,2025-02-01,29.99
TXN012841,C0156,2025-02-01,39.99
TXN011353,C0298,2025-02-01,199.99
TXN009638,C0244,2025-02-01,67.12
TXN006996,C0160,2025-02-01,79.99
TXN009183,C0092,2025-02-01,29.99
TXN015192,C0016,2025-02-01,149.99
TXN005616,C0263,2025-02-01,39.99
TXN014124,C0334,2025-02-01,29.99
TXN015089,C0275,2025-02-01,15.4
TXN016206,C0236,2025-02-01,29.99
TXN015568,C0014,2025-02-01,29.99
TXN008312,C0158,2025-02-01,79.99
TXN003027,C0001,2025-02-01,19.99
TXN002123,C0152,2025-02-01,49.99
TXN003710,C0311,2025-02-01,49.99
TXN018004,C0299,2025-02-02,44.69
TXN003262,C0030,2025-02-02,199.99
TXN015377,C0304,2025-02-02,49.99
TXN017968,C0204,2025-02-02,39.99
TXN000236,C0205,2025-02-02,19.99
TXN012003,C0274,2025-02-02,29.99
TXN005405,C0265,2025-02-02,49.99
TXN012141,C0338,2025-02-02,49.99
TXN012153,C0112,2025-02-02,49.99
TXN010074,C0237,2025-02-02,29.99
TXN002267,C0083,2025-02-02,24.2
TXN014229,C0050,2025-02-02,21.96
TXN016113,C0235,2025-02-02,99.99
TXN015831,C0005,2025-02-02,29.99
TXN012687,C0263,2025-02-02,39.99
TXN005579,C0285,2025-02-02,39.99
TXN012782,C0130,2025-02-02,129.99
TXN005599,C0004,2025-02-02,99.99
TXN007359,C0311,2025-02-02,42.25
TXN016808,C0150,2025-02-02,80.64
TXN004447,C0232,2025-02-02,149.99
TXN007842,C0231,2025-02-02,42.86
TXN018134,C0056,2025-02-02,29.99
TXN003025,C0154,2025-02-02,99.99
TXN012712,C0202,2025-02-02,15.23
TXN001383,C0079,2025-02-02,29.99
TXN005462,C0034,2025-02-02,49.99
TXN014682,C0014,2025-02-02,29.99
TXN014638,C0219,2025-02-02,59.99
TXN005136,C0112,2025-02-02,49.99
TXN002978,C0025,2025-02-02,79.99
TXN017963,C0306,2025-02-02,23.32
TXN011602,C0088,2025-02-02,71.35
TXN005277,C0348,2025-02-02,29.99
TXN000105,C0008,2025-02-02,29.99
TXN011352,C0334,2025-02-02,29.99
TXN017539,C0275,2025-02-02,16.83
TXN017724,C0191,2025-02-03,79.99
TXN008553,C0316,2025-02-03,129.99
TXN005124,C0332,2025-02-03,19.99
TXN014040,C0325,2025-02-03,59.99
TXN013965,C0295,2025-02-03,39.99
TXN002913,C0064,2025-02-03,149.99
TXN016291,C0043,2025-02-03,29.99
TXN015538,C0120,2025-02-03,29.99
TXN009736,C0236,2025-02-03,29.99
TXN013805,C0202,2025-02-03,19.99
TXN001699,C0080,2025-02-03,59.99
TXN004551,C0026,2025-02-03,79.99
TXN000972,C0137,2025-02-03,102.09
TXN005799,C0213,2025-02-03,59.99
TXN007471,C0029,2025-02-03,33.85
TXN010397,C0047,2025-02-03,29.99
TXN002976,C0241,2025-02-03,106.97
TXN018197,C0062,2025-02-03,29.99
TXN008885,C0339,2025-02-03,39.99
TXN002031,C0114,2025-02-03,49.99
TXN002049,C0043,2025-02-03,29.99
TXN002094,C0073,2025-02-03,19.99
TXN008365,C0022,2025-02-03,29.99
TXN012263,C0199,2025-02-03,99.99
TXN006355,C0108,2025-02-03,19.99
TXN018457,C0005,2025-02-03,29.99
TXN017096,C0293,2025-02-03,59.99
TXN006956,C0134,2025-02-03,99.99
TXN006489,C0010,2025-02-03,59.99
TXN017444,C0344,2025-02-03,129.99
TXN002292,C0014,2025-02-03,29.99
TXN017457,C0323,2025-02-03,99.99
TXN006303,C0319,2025-02-03,29.99
TXN007193,C0098,2025-02-03,19.99
TXN010104,C0196,2025-02-03,29.99
TXN000184,C0228,2025-02-03,79.99
TXN018043,C0011,2025-02-04,49.99
TXN004992,C0115,2025-02-04,59.99
TXN016459,C0212,2025-02-04,39.99
TXN015216,C0125,2025-02-04,49.99
TXN001674,C0043,2025-02-04,29.99
TXN016475,C0164,2025-02-04,49.99
TXN004485,C0319,2025-02-04,29.99
TXN015406,C0036,2025-02-04,44.36
TXN013928,C0041,2025-02-04,49.99
TXN014544,C0152,2025-02-04,49.99
TXN017854,C0149,2025-02-04,39.99
TXN018433,C0196,2025-02-04,29.99
TXN018077,C0001,2025-02-04,19.99
TXN018073,C0314,2025-02-04,59.99
TXN017273,C0056,2025-02-04,29.99
TXN012716,C0187,2025-02-04,39.99
TXN003678,C0269,2025-02-04,39.99
TXN006313,C0125,2025-02-04,49.99
TXN001517,C0094,2025-02-04,29.99
TXN000848,C0293,2025-02-04,59.99
TXN006218,C0244,2025-02-04,79.99
TXN015324,C0302,2025-02-04,49.99
TXN004315,C0197,2025-02-04,19.99
TXN002344,C0158,2025-02-04,79.99
TXN004912,C0243,2025-02-04,29.99
TXN008140,C0338,2025-02-04,49.99
TXN010077,C0105,2025-02-04,29.99
TXN008655,C0132,2025-02-04,49.99
TXN008178,C0103,2025-02-04,49.99
TXN009306,C0051,2025-02-04,29.99
TXN009564,C0337,2025-02-04,129.99
TXN007379,C0288,2025-02-04,19.99
TXN006894,C0039,2025-02-05,49.99
TXN010334,C0153,2025-02-05,79.99
TXN000194,C0259,2025-02-05,59.99
TXN004429,C0038,2025-02-05,129.99
TXN015115,C0298,2025-02-05,199.99
TXN014958,C0114,2025-02-05,49.99
TXN001096,C0101,2025-02-05,129.99
TXN003059,C0290,2025-02-05,22.53
TXN011002,C0107,2025-02-05,149.99
TXN005404,C0277,2025-02-05,49.99
TXN005723,C0008,2025-02-05,29.99
TXN014523,C0089,2025-02-05,79.99
TXN015484,C0214,2025-02-05,59.99
TXN003520,C0005,2025-02-05,29.99
TXN016379,C0272,2025-02-05,59.99
TXN008833,C0124,2025-02-05,59.99
TXN003616,C0100,2025-02-05,49.99
TXN003135,C0122,2025-02-05,149.99
TXN005818,C0283,2025-02-05,39.99
TXN010533,C0204,2025-02-05,39.99
TXN017059,C0219,2025-02-05,59.99
TXN013106,C0159,2025-02-05,79.99
TXN009335,C0100,2025-02-05,49.99
TXN018138,C0068,2025-02-05,79.99
TXN013254,C0251,2025-02-05,49.99
TXN018409,C0263,2025-02-05,39.99
TXN005049,C0121,2025-02-05,59.99
TXN013020,C0119,2025-02-05,59.99
TXN002000,C0004,2025-02-05,99.99
TXN007677,C0132,2025-02-05,49.99
TXN014590,C0008,2025-02-05,29.99
TXN010976,C0135,2025-02-05,49.99
TXN002353,C0216,2025-02-05,39.99
TXN006104,C0159,2025-02-05,79.99
TXN001941,C0326,2025-02-05,19.99
TXN003507,C0050,2025-02-06,29.99
TXN012868,C0116,2025-02-06,29.99
TXN010089,C0228,2025-02-06,56.51
TXN014131,C0251,2025-02-06,37.84
TXN008995,C0114,2025-02-06,49.99
TXN002616,C0300,2025-02-06,37.32
TXN011114,C0313,2025-02-06,39.99
TXN006385,C0177,2025-02-06,59.99
TXN009124,C0338,2025-02-06,49.99
TXN002445,C0028,2025-02-06,39.99
TXN004640,C0237,2025-02-06,29.99
TXN008904,C0207,2025-02-06,29.99
TXN001933,C0283,2025-02-06,31.03
TXN007769,C0029,2025-02-06,39.99
TXN008067,C0108,2025-02-06,19.99
TXN014162,C0104,2025-02-06,19.99
TXN010978,C0271,2025-02-06,59.99
TXN000722,C0308,2025-02-06,29.99
TXN017695,C0101,2025-02-06,129.99
TXN000084,C0196,2025-02-06,29.99
TXN014486,C0254,2025-02-06,79.99
TXN013112,C0179,2025-02-06,49.99
TXN013865,C0200,2025-02-06,29.99
TXN000748,C0175,2025-02-06,19.99
TXN006194,C0341,2025-02-06,41.31
TXN013648,C0168,2025-02-06,39.99
TXN002288,C0276,2025-02-06,79.99
TXN009417,C0041,2025-02-06,49.99
TXN014525,C0036,2025-02-06,49.99
TXN005309,C0265,2025-02-07,49.99
TXN006267,C0342,2025-02-07,42.74
TXN005655,C0241,2025-02-07,129.99
TXN006881,C0116,2025-02-07,29.99
TXN016030,C0142,2025-02-07,39.99
TXN005695,C0176,2025-02-07,59.99
TXN018058,C0050,2025-02-07,29.99
TXN000307,C0196,2025-02-07,29.99
TXN017677,C0299,2025-02-07,59.99
TXN013658,C0251,2025-02-07,49.99
TXN011295,C0330,2025-02-07,79.99
TXN014344,C0186,2025-02-07,39.99
TXN001822,C0092,2025-02-07,29.99
TXN006929,C0273,2025-02-07,199.99
TXN013991,C0098,2025-02-07,19.99
TXN002089,C0286,2025-02-07,19.99
TXN008611,C0264,2025-02-07,49.99
TXN018418,C0132,2025-02-07,49.99
TXN000690,C0279,2025-02-07,19.99
TXN009614,C0209,2025-02-07,39.99
TXN002136,C0291,2025-02-07,49.99
TXN006488,C0310,2025-02-07,19.99
TXN018069,C0138,2025-02-07,59.99
TXN008531,C0186,2025-02-07,39.99
TXN002518,C0262,2025-02-07,22.48
TXN007055,C0339,2025-02-08,39.99
TXN007709,C0194,2025-02-08,149.99
TXN001805,C0068,2025-02-08,79.99
TXN005472,C0314,2025-02-08,45.93
TXN013472,C0251,2025-02-08,49.99
TXN004332,C0050,2025-02-08,22.61
TXN002777,C0168,2025-02-08,39.99
TXN005907,C0192,2025-02-08,79.99
TXN012458,C0204,2025-02-08,39.99
TXN004277,C0302,2025-02-08,49.99
TXN005992,C0070,2025-02-08,149.99
TXN009640,C0301,2025-02-08,79.99
TXN015196,C0304,2025-02-08,49.99
TXN015735,C0164,2025-02-08,35.48
TXN006932,C0189,2025-02-08,49.99
TXN012975,C0208,2025-02-08,39.99
TXN017433,C0216,2025-02-08,39.99
TXN000695,C0069,2025-02-08,29.99
TXN009118,C0183,2025-02-08,49.99
TXN005711,C0046,2025-02-08,79.99
TXN007843,C0150,2025-02-08,99.99
TXN014262,C0181,2025-02-08,99.99
TXN009213,C0028,2025-02-08,39.99
TXN016945,C0007,2025-02-08,39.99
TXN010269,C0203,2025-02-08,129.99
TXN010713,C0064,2025-02-08,149.99
TXN018333,C0196,2025-02-08,25.78
TXN003338,C0095,2025-02-08,19.99
TXN003696,C0259,2025-02-08,42.86
TXN016932,C0143,2025-02-08,59.99
TXN006016,C0150,2025-02-08,99.99
TXN014250,C0096,2025-02-08,49.99
TXN016240,C0096,2025-02-08,49.99
TXN007865,C0127,2025-02-08,29.99
TXN012621,C0160,2025-02-08,70.9
TXN010404,C0022,2025-02-08,29.99
TXN003557,C0323,2025-02-09,78.98
TXN002784,C0170,2025-02-09,39.99
TXN002081,C0306,2025-02-09,29.99
TXN005150,C0019,2025-02-09,59.99
TXN002960,C0280,2025-02-09,19.99
TXN007771,C0150,2025-02-09,99.99
TXN018050,C0056,2025-02-09,29.99
TXN014550,C0130,2025-02-09,129.99
TXN015869,C0107,2025-02-09,149.99
TXN013069,C0051,2025-02-09,29.99
TXN009517,C0143,2025-02-09,59.99
TXN004199,C0026,2025-02-09,60.87
TXN002590,C0266,2025-02-09,166.27
TXN016689,C0062,2025-02-09,29.99
TXN005246,C0100,2025-02-09,49.99
TXN003285,C0099,2025-02-09,29.99
TXN013892,C0035,2025-02-09,79.99
TXN003584,C0129,2025-02-09,99.99
TXN009546,C0080,2025-02-09,59.99
TXN002539,C0029,2025-02-09,39.99
TXN016764,C0253,2025-02-09,29.99
TXN010754,C0086,2025-02-09,48.8
TXN004543,C0090,2025-02-09,49.99
TXN007480,C0046,2025-02-09,79.99
TXN008560,C0167,2025-02-09,33.18
TXN018313,C0106,2025-02-09,199.99
TXN004691,C0259,2025-02-09,59.99
TXN015134,C0058,2025-02-09,49.99
TXN017116,C0086,2025-02-09,59.99
TXN011635,C0291,2025-02-09,49.99
TXN017099,C0046,2025-02-09,79.99
TXN002243,C0239,2025-02-10,39.99
TXN012474,C0078,2025-02-10,49.99
TXN016372,C0051,2025-02-10,29.99
TXN005391,C0236,2025-02-10,29.99
TXN000752,C0191,2025-02-10,79.99
TXN015697,C0240,2025-02-10,99.99
TXN001726,C0349,2025-02-10,129.99
TXN006728,C0072,2025-02-10,29.99
TXN010555,C0265,2025-02-10,49.99
TXN010248,C0322,2025-02-10,49.99
TXN004075,C0200,2025-02-10,29.99
TXN014701,C0128,2025-02-10,59.99
TXN006528,C0034,2025-02-10,49.99
TXN001554,C0231,2025-02-10,59.99
TXN011977,C0164,2025-02-10,49.99
TXN005605,C0254,2025-02-10,79.99
TXN008391,C0184,2025-02-10,19.99
TXN000399,C0152,2025-02-10,49.99
TXN001028,C0213,2025-02-10,42.62
TXN017163,C0258,2025-02-10,19.99
TXN004037,C0014,2025-02-10,29.99
TXN004741,C0271,2025-02-10,59.99
TXN002544,C0263,2025-02-10,39.99
TXN011995,C0022,2025-02-10,29.99
TXN000825,C0171,2025-02-10,49.99
TXN014297,C0127,2025-02-10,25.28
TXN007436,C0147,2025-02-10,19.99
TXN000629,C0076,2025-02-10,39.99
TXN004272,C0158,2025-02-10,79.99
TXN006272,C0152,2025-02-10,49.99
TXN009739,C0305,2025-02-10,149.99
TXN004153,C0109,2025-02-10,149.99
TXN014510,C0177,2025-02-10,59.99
TXN014209,C0178,2025-02-10,59.99
TXN016080,C0237,2025-02-10,29.99
TXN008848,C0296,2025-02-10,39.99
TXN007175,C0238,2025-02-10,48.26
TXN008080,C0222,2025-02-11,59.99
TXN008155,C0038,2025-02-11,113.56
TXN013868,C0214,2025-02-11,59.99
TXN008142,C0109,2025-02-11,149.99
TXN008686,C0155,2025-02-11,30.0
TXN016750,C0119,2025-02-11,59.99
TXN011504,C0317,2025-02-11,23.67
TXN003906,C0216,2025-02-11,35.37
TXN004857,C0073,2025-02-11,19.99
TXN006170,C0332,2025-02-11,19.99
TXN000529,C0286,2025-02-11,19.99
TXN001341,C0048,2025-02-11,59.99
TXN000305,C0327,2025-02-11,79.99
TXN017656,C0045,2025-02-11,59.99
TXN007521,C0240,2025-02-11,99.99
TXN008332,C0248,2025-02-11,59.99
TXN004529,C0144,2025-02-11,19.99
TXN018305,C0019,2025-02-11,59.99
TXN000389,C0296,2025-02-11,39.99
TXN000106,C0208,2025-02-11,39.99
TXN011818,C0261,2025-02-11,49.99
TXN006842,C0141,2025-02-11,59.99
TXN014351,C0183,2025-02-11,49.99
TXN008107,C0080,2025-02-11,59.99
TXN012326,C0143,2025-02-11,59.99
TXN005844,C0346,2025-02-11,199.99
TXN003471,C0300,2025-02-11,49.99
TXN016950,C0321,2025-02-11,129.99
TXN015693,C0151,2025-02-11,79.99
TXN013513,C0301,2025-02-11,79.99
TXN001919,C0094,2025-02-11,29.99
TXN006964,C0325,2025-02-11,59.99
TXN011778,C0034,2025-02-11,49.99
TXN004265,C0004,2025-02-12,99.99
TXN013452,C0220,2025-02-12,29.99
TXN011718,C0267,2025-02-12,29.99
TXN016401,C0009,2025-02-12,79.99
TXN017262,C0166,2025-02-12,39.99
TXN001082,C0251,2025-02-12,49.99
TXN010051,C0308,2025-02-12,29.99
TXN010837,C0084,2025-02-12,19.99
TXN002602,C0015,2025-02-12,199.99
TXN012357,C0290,2025-02-12,29.99
TXN011362,C0315,2025-02-12,79.99
TXN001768,C0259,2025-02-12,59.99
TXN007622,C0037,2025-02-12,99.99
TXN014656,C0349,2025-02-12,110.76
TXN005303,C0121,2025-02-12,59.99
TXN013238,C0330,2025-02-12,79.99
TXN015194,C0319,2025-02-12,29.99
TXN003732,C0336,2025-02-12,19.99
TXN017257,C0306,2025-02-12,29.99
TXN017514,C0191,2025-02-12,79.99
TXN000766,C0057,2025-02-12,99.99
TXN011709,C0047,2025-02-12,29.99
TXN018012,C0282,2025-02-12,29.99
TXN015956,C0312,2025-02-12,79.99
TXN015467,C0011,2025-02-12,49.99
TXN010060,C0344,2025-02-12,129.99
TXN006938,C0005,2025-02-12,29.99
TXN014808,C0028,2025-02-12,39.99
TXN018240,C0339,2025-02-12,39.99
TXN007441,C0224,2025-02-12,49.99
TXN015691,C0310,2025-02-12,19.99
TXN017312,C0319,2025-02-12,29.99
TXN001139,C0144,2025-02-12,19.99
TXN005340,C0089,2025-02-12,79.99
TXN017718,C0304,2025-02-12,49.99
TXN013866,C0326,2025-02-12,19.99
TXN011024,C0159,2025-02-12,79.99
TXN002598,C0295,2025-02-12,39.99
TXN010926,C0198,2025-02-13,59.99
TXN000852,C0034,2025-02-13,44.62
TXN010213,C0079,2025-02-13,26.41
TXN002173,C0308,2025-02-13,29.99
TXN005955,C0224,2025-02-13,49.99
TXN000162,C0202,2025-02-13,19.99
TXN012818,C0031,2025-02-13,19.99
TXN001857,C0050,2025-02-13,29.99
TXN008596,C0256,2025-02-13,22.12
TXN017549,C0316,2025-02-13,129.99
TXN001544,C0209,2025-02-13,39.99
TXN008051,C0305,2025-02-13,149.99
TXN014453,C0220,2025-02-13,29.99
TXN010274,C0011,2025-02-13,49.99
TXN002219,C0208,2025-02-13,39.99
TXN004768,C0132,2025-02-13,41.33
TXN008608,C0283,2025-02-13,39.99
TXN000897,C0229,2025-02-13,49.99
TXN017194,C0130,2025-02-13,129.99
TXN007979,C0093,2025-02-13,19.99
TXN002722,C0152,2025-02-13,49.99
TXN011420,C0164,2025-02-13,49.99
TXN012664,C0178,2025-02-13,59.99
TXN008046,C0248,2025-02-13,59.99
TXN011215,C0019,2025-02-13,59.99
TXN001601,C0033,2025-02-13,49.99
TXN015704,C0024,2025-02-13,99.99
TXN014371,C0069,2025-02-13,26.85
TXN017991,C0115,2025-02-13,50.57
TXN008208,C0265,2025-02-13,49.99
TXN005421,C0332,2025-02-13,16.75
TXN004009,C0268,2025-02-13,59.99
TXN008264,C0009,2025-02-13,79.99
TXN015661,C0218,2025-02-13,29.99
TXN010895,C0144,2025-02-13,19.99
TXN005446,C0154,2025-02-13,99.99
TXN018160,C0137,2025-02-13,129.99
TXN008970,C0152,2025-02-13,49.99
TXN007014,C0238,2025-02-13,59.99
TXN013909,C0009,2025-02-13,79.99
TXN010815,C0134,2025-02-13,99.99
TXN011040,C0327,2025-02-14,79.99
TXN009154,C0289,2025-02-14,79.99
TXN010073,C0314,2025-02-14,59.99
TXN011408,C0081,2025-02-14,59.99
TXN006976,C0025,2025-02-14,79.99
TXN009520,C0257,2025-02-14,19.99
TXN001609,C0001,2025-02-14,19.99
TXN013221,C0103,2025-02-14,49.99
TXN001909,C0312,2025-02-14,64.46
TXN010149,C0188,2025-02-14,49.99
TXN002320,C0342,2025-02-14,59.99
TXN018062,C0103,2025-02-14,49.99
TXN000401,C0296,2025-02-14,39.99
TXN017709,C0208,2025-02-14,39.99
TXN010582,C0236,2025-02-14,29.99
TXN013412,C0223,2025-02-14,19.99
TXN003503,C0287,2025-02-14,49.99
TXN004333,C0035,2025-02-14,79.99
TXN015165,C0216,2025-02-14,29.41
TXN003179,C0339,2025-02-14,31.31
TXN006492,C0122,2025-02-14,149.99
TXN017813,C0169,2025-02-14,59.99
TXN010556,C0201,2025-02-14,129.99
TXN002462,C0031,2025-02-14,19.99
TXN000039,C0022,2025-02-14,22.66
TXN007133,C0320,2025-02-14,199.99
TXN014625,C0151,2025-02-14,79.99
TXN006586,C0296,2025-02-14,39.99
TXN006799,C0280,2025-02-14,19.99
TXN008461,C0285,2025-02-14,39.99
TXN001653,C0348,2025-02-14,29.99
TXN005107,C0107,2025-02-14,149.99
TXN008897,C0267,2025-02-14,29.99
TXN008872,C0263,2025-02-14,39.99
TXN009706,C0218,2025-02-14,29.99
TXN011609,C0119,2025-02-14,59.99
TXN011162,C0308,2025-02-14,22.34
TXN002047,C0254,2025-02-14,79.99
TXN012058,C0152,2025-02-14,49.99
TXN004773,C0340,2025-02-14,39.99
TXN010783,C0183,2025-02-14,49.99
TXN013520,C0078,2025-02-14,44.36
TXN006394,C0086,2025-02-15,59.99
TXN016388,C0282,2025-02-15,25.39
TXN003286,C0079,2025-02-15,29.99
TXN014807,C0133,2025-02-15,59.99
TXN009585,C0188,2025-02-15,49.99
TXN016059,C0235,2025-02-15,74.45
TXN001499,C0112,2025-02-15,49.99
TXN011041,C0244,2025-02-15,79.99
TXN005351,C0234,2025-02-15,79.99
TXN010250,C0020,2025-02-15,19.99
TXN013526,C0290,2025-02-15,21.79
TXN003517,C0180,2025-02-15,39.99
TXN004995,C0218,2025-02-15,29.99
TXN017833,C0009,2025-02-15,79.99
TXN013053,C0348,2025-02-15,25.85
TXN007025,C0252,2025-02-15,49.99
TXN013529,C0224,2025-02-15,49.99
TXN012887,C0238,2025-02-15,59.99
TXN016849,C0010,2025-02-15,59.99
TXN016935,C0233,2025-02-15,45.93
TXN009905,C0334,2025-02-15,29.99
TXN002414,C0067,2025-02-15,39.99
TXN014793,C0172,2025-02-15,29.99
TXN001900,C0222,2025-02-15,59.99
TXN015830,C0238,2025-02-15,59.99
TXN015833,C0197,2025-02-15,19.99
TXN008800,C0116,2025-02-15,29.99
TXN010375,C0315,2025-02-15,62.99
TXN006221,C0111,2025-02-15,99.99
TXN005288,C0202,2025-02-15,19.99
TXN007108,C0126,2025-02-15,99.99
TXN006895,C0196,2025-02-15,29.99
TXN012957,C0032,2025-02-15,99.99
TXN007638,C0172,2025-02-15,29.99
TXN009453,C0260,2025-02-16,59.99
TXN009572,C0074,2025-02-16,25.77
TXN018415,C0153,2025-02-16,79.99
TXN006106,C0068,2025-02-16,79.99
TXN008397,C0155,2025-02-16,39.99
TXN011661,C0077,2025-02-16,99.99
TXN001066,C0224,2025-02-16,49.99
TXN007314,C0319,2025-02-16,29.99
TXN007566,C0219,2025-02-16,59.99
TXN003122,C0332,2025-02-16,19.99
TXN012245,C0279,2025-02-16,19.99
TXN011325,C0330,2025-02-16,79.99
TXN010956,C0100,2025-02-16,49.99
TXN006408,C0201,2025-02-16,129.99
TXN010669,C0241,2025-02-16,129.99
TXN001628,C0043,2025-02-16,29.99
TXN015625,C0139,2025-02-16,59.99
TXN014477,C0046,2025-02-16,79.99
TXN017174,C0108,2025-02-16,19.99
TXN006671,C0282,2025-02-16,29.99
TXN010883,C0237,2025-02-16,23.08
TXN002030,C0158,2025-02-16,79.99
TXN004923,C0256,2025-02-16,29.99
TXN008010,C0117,2025-02-16,19.99
TXN014776,C0072,2025-02-16,24.61
TXN003686,C0258,2025-02-16,19.99
TXN015496,C0018,2025-02-16,29.99
TXN004716,C0113,2025-02-16,49.99
TXN007349,C0273,2025-02-16,199.99
TXN006898,C0025,2025-02-16,79.99
TXN003995,C0312,2025-02-16,79.99
TXN010121,C0191,2025-02-16,79.99
TXN012574,C0108,2025-02-16,19.99
TXN014909,C0122,2025-02-16,128.18
TXN013473,C0263,2025-02-16,39.99
TXN011309,C0121,2025-02-16,59.99
TXN002621,C0344,2025-02-16,129.99
TXN003857,C0152,2025-02-17,42.27
TXN007443,C0132,2025-02-17,49.99
TXN012564,C0144,2025-02-17,19.99
TXN002657,C0060,2025-02-17,39.99
TXN016054,C0300,2025-02-17,49.99
TXN014542,C0107,2025-02-17,149.99
TXN001425,C0016,2025-02-17,149.99
TXN008055,C0348,2025-02-17,29.99
TXN013986,C0180,2025-02-17,39.99
TXN007142,C0051,2025-02-17,29.99
TXN011621,C0038,2025-02-17,114.69
TXN012994,C0274,2025-02-17,29.99
TXN001727,C0033,2025-02-17,49.99
TXN007683,C0172,2025-02-17,29.99
TXN001365,C0205,2025-02-17,19.99
TXN004588,C0166,2025-02-17,39.99
TXN002806,C0254,2025-02-17,70.22
TXN010538,C0085,2025-02-17,79.99
TXN018148,C0104,2025-02-17,19.99
TXN017049,C0224,2025-02-17,49.99
TXN001087,C0108,2025-02-17,19.99
TXN015616,C0328,2025-02-17,24.39
TXN000623,C0194,2025-02-17,149.99
TXN007008,C0212,2025-02-17,39.99
TXN001784,C0288,2025-02-17,19.99
TXN004958,C0199,2025-02-17,80.8
TXN013052,C0103,2025-02-17,41.64
TXN013576,C0053,2025-02-17,26.0
TXN009072,C0264,2025-02-17,42.99
TXN004306,C0018,2025-02-17,29.99
TXN018443,C0062,2025-02-17,23.34
TXN014994,C0180,2025-02-17,39.99
TXN018171,C0199,2025-02-18,99.99
TXN010385,C0238,2025-02-18,59.99
TXN002694,C0332,2025-02-18,19.99
TXN007877,C0292,2025-02-18,99.99
TXN000885,C0307,2025-02-18,59.99
TXN006801,C0336,2025-02-18,19.99
TXN003419,C0045,2025-02-18,59.99
TXN001212,C0069,2025-02-18,29.99
TXN016680,C0330,2025-02-18,79.99
TXN015085,C0190,2025-02-18,59.99
TXN014019,C0261,2025-02-18,49.99
TXN011358,C0021,2025-02-18,16.66
TXN012514,C0163,2025-02-18,29.99
TXN010741,C0233,2025-02-18,59.99
TXN011321,C0327,2025-02-18,79.99
TXN015871,C0070,2025-02-18,123.05
TXN006750,C0161,2025-02-18,49.99
TXN014501,C0221,2025-02-18,49.99
TXN002384,C0220,2025-02-18,29.99
TXN002454,C0180,2025-02-18,29.6
TXN016702,C0333,2025-02-18,39.99
TXN004725,C0270,2025-02-18,49.99
TXN011403,C0115,2025-02-18,59.99
TXN009919,C0006,2025-02-18,149.99
TXN008048,C0119,2025-02-18,59.99
TXN012587,C0263,2025-02-18,39.99
TXN000278,C0300,2025-02-18,42.79
TXN013698,C0289,2025-02-18,79.99
TXN002043,C0044,2025-02-18,59.99
TXN011654,C0043,2025-02-18,29.99
TXN014220,C0296,2025-02-18,39.99
TXN010672,C0085,2025-02-18,79.99
TXN017424,C0236,2025-02-18,21.5
TXN016071,C0346,2025-02-18,199.99
TXN006206,C0196,2025-02-18,29.99
TXN009840,C0118,2025-02-18,39.99
TXN018215,C0169,2025-02-18,52.02
TXN002465,C0095,2025-02-18,19.99
TXN016884,C0322,2025-02-19,49.99
TXN009960,C0199,2025-02-19,99.99
TXN011730,C0219,2025-02-19,59.99
TXN017040,C0127,2025-02-19,29.99
TXN011706,C0277,2025-02-19,49.99
TXN006338,C0268,2025-02-19,59.99
TXN004678,C0222,2025-02-19,59.99
TXN014022,C0075,2025-02-19,49.99
TXN002398,C0238,2025-02-19,59.99
TXN016079,C0330,2025-02-19,79.99
TXN014674,C0319,2025-02-19,29.99
TXN016274,C0268,2025-02-19,59.99
TXN007247,C0049,2025-02-19,129.99
TXN009527,C0144,2025-02-19,19.99
TXN010401,C0191,2025-02-19,79.99
TXN017157,C0184,2025-02-19,15.85
TXN015132,C0288,2025-02-19,19.99
TXN015065,C0084,2025-02-19,19.99
TXN017937,C0279,2025-02-19,19.99
TXN011674,C0259,2025-02-19,59.99
TXN005052,C0279,2025-02-19,16.57
TXN011501,C0243,2025-02-19,29.99
TXN005870,C0058,2025-02-19,49.99
TXN006311,C0100,2025-02-19,49.99
TXN016411,C0237,2025-02-19,29.99
TXN006593,C0208,2025-02-19,39.99
TXN008352,C0256,2025-02-19,29.99
TXN002096,C0229,2025-02-19,49.99
TXN017565,C0108,2025-02-19,19.99
TXN004068,C0325,2025-02-19,59.99
TXN005387,C0184,2025-02-19,16.06
TXN005175,C0017,2025-02-19,59.99
TXN013775,C0022,2025-02-19,22.92
TXN003970,C0136,2025-02-19,19.99
TXN006205,C0184,2025-02-19,15.11
TXN017387,C0070,2025-02-19,149.99
TXN016047,C0285,2025-02-20,39.99
TXN002466,C0222,2025-02-20,46.91
TXN012791,C0329,2025-02-20,99.99
TXN012853,C0174,2025-02-20,29.99
TXN008898,C0329,2025-02-20,99.99
TXN009036,C0185,2025-02-20,39.99
TXN018115,C0245,2025-02-20,39.99
TXN017644,C0107,2025-02-20,149.99
TXN010126,C0031,2025-02-20,19.99
TXN009091,C0176,2025-02-20,59.99
TXN001283,C0128,2025-02-20,59.99
TXN012267,C0050,2025-02-20,29.99
TXN004676,C0204,2025-02-20,39.99
TXN004121,C0103,2025-02-20,49.99
TXN011350,C0041,2025-02-20,49.99
TXN009596,C0043,2025-02-20,29.99
TXN006540,C0143,2025-02-20,59.99
TXN018233,C0053,2025-02-20,23.39
TXN014944,C0190,2025-02-20,59.99
TXN009571,C0267,2025-02-20,29.99
TXN007933,C0102,2025-02-20,39.99
TXN001818,C0015,2025-02-20,199.99
TXN006548,C0031,2025-02-20,19.99
TXN013673,C0338,2025-02-20,49.99
TXN005823,C0160,2025-02-20,79.99
TXN000182,C0170,2025-02-21,39.99
TXN016137,C0139,2025-02-21,59.99
TXN014893,C0016,2025-02-21,149.99
TXN009514,C0051,2025-02-21,29.99
TXN008500,C0322,2025-02-21,49.99
TXN006070,C0102,2025-02-21,39.99
TXN013664,C0233,2025-02-21,59.99
TXN001013,C0311,2025-02-21,49.99
TXN015498,C0168,2025-02-21,39.99
TXN004814,C0019,2025-02-21,59.99
TXN008669,C0160,2025-02-21,79.99
TXN010919,C0308,2025-02-21,29.99
TXN014305,C0252,2025-02-21,41.1
TXN007848,C0330,2025-02-21,79.99
TXN005658,C0121,2025-02-21,59.99
TXN017286,C0032,2025-02-21,99.99
TXN010473,C0318,2025-02-21,39.99
TXN007056,C0294,2025-02-21,49.99
TXN000357,C0286,2025-02-21,19.99
TXN016225,C0001,2025-02-21,19.99
TXN001751,C0098,2025-02-21,19.99
TXN005105,C0221,2025-02-21,49.99
TXN005068,C0176,2025-02-21,59.99
TXN014400,C0255,2025-02-21,99.99
TXN014179,C0305,2025-02-21,126.56
TXN017615,C0339,2025-02-21,39.99
TXN002423,C0205,2025-02-21,16.29
TXN005065,C0295,2025-02-21,39.99
TXN011612,C0224,2025-02-21,49.99
TXN008198,C0151,2025-02-21,79.99
TXN000167,C0092,2025-02-21,29.99
TXN006136,C0290,2025-02-21,29.99
TXN016181,C0079,2025-02-21,29.99
TXN009836,C0103,2025-02-21,49.99
TXN016323,C0139,2025-02-21,59.99
TXN014113,C0097,2025-02-21,129.99
TXN000152,C0306,2025-02-21,29.99
TXN016358,C0236,2025-02-21,25.76
TXN004659,C0273,2025-02-21,199.99
TXN006952,C0294,2025-02-21,49.99
TXN016057,C0299,2025-02-21,59.99
TXN006827,C0159,2025-02-21,79.99
TXN008008,C0165,2025-02-21,19.99
TXN011910,C0279,2025-02-21,19.99
TXN010436,C0048,2025-02-22,59.99
TXN010502,C0312,2025-02-22,79.99
TXN015503,C0108,2025-02-22,19.99
TXN008367,C0196,2025-02-22,29.99
TXN016588,C0014,2025-02-22,29.99
TXN007083,C0035,2025-02-22,79.99
TXN008952,C0103,2025-02-22,49.99
TXN018013,C0113,2025-02-22,49.99
TXN004047,C0032,2025-02-22,99.99
TXN003195,C0118,2025-02-22,39.99
TXN000704,C0146,2025-02-22,199.99
TXN016308,C0028,2025-02-22,39.99
TXN008606,C0338,2025-02-22,49.99
TXN004537,C0245,2025-02-22,39.99
TXN001524,C0100,2025-02-22,49.99
TXN009626,C0116,2025-02-22,29.99
TXN005151,C0326,2025-02-22,19.99
TXN012545,C0348,2025-02-22,29.99
TXN002014,C0235,2025-02-22,99.99
TXN012729,C0315,2025-02-22,79.99
TXN015447,C0014,2025-02-22,25.7
TXN003896,C0194,2025-02-22,149.99
TXN001233,C0213,2025-02-22,42.63
TXN017597,C0040,2025-02-22,39.99
TXN002757,C0041,2025-02-22,49.99
TXN000809,C0309,2025-02-22,49.99
TXN011646,C0037,2025-02-22,99.99
TXN007360,C0205,2025-02-22,19.99
TXN007515,C0237,2025-02-22,29.99
TXN010437,C0319,2025-02-22,29.99
TXN002313,C0192,2025-02-22,62.12
TXN003255,C0184,2025-02-22,17.46
TXN002858,C0289,2025-02-22,79.99
TXN000365,C0001,2025-02-22,19.99
TXN007578,C0168,2025-02-23,39.99
TXN000121,C0189,2025-02-23,49.99
TXN017026,C0322,2025-02-23,49.99
TXN008727,C0221,2025-02-23,49.99
TXN001953,C0347,2025-02-23,99.99
TXN018017,C0137,2025-02-23,129.99
TXN011074,C0097,2025-02-23,129.99
TXN012754,C0229,2025-02-23,49.99
TXN003607,C0160,2025-02-23,79.99
TXN010032,C0184,2025-02-23,19.99
TXN006539,C0191,2025-02-23,67.79
TXN005573,C0019,2025-02-23,59.99
TXN005140,C0275,2025-02-23,19.99
TXN012701,C0307,2025-02-23,59.99
TXN003164,C0268,2025-02-23,59.99
TXN015999,C0323,2025-02-23,99.99
TXN009300,C0251,2025-02-23,49.99
TXN003890,C0335,2025-02-23,39.99
TXN006485,C0058,2025-02-23,49.99
TXN001860,C0122,2025-02-23,149.99
TXN010534,C0219,2025-02-23,59.99
TXN003390,C0245,2025-02-23,39.99
TXN014321,C0196,2025-02-23,29.99
TXN004396,C0288,2025-02-23,19.99
TXN011495,C0279,2025-02-23,19.99
TXN008443,C0061,2025-02-23,49.99
TXN000754,C0105,2025-02-23,29.99
TXN003225,C0205,2025-02-23,19.99
TXN012371,C0261,2025-02-23,49.99
TXN001184,C0134,2025-02-23,76.73
TXN009126,C0171,2025-02-23,49.99
TXN015679,C0193,2025-02-23,59.99
TXN006111,C0236,2025-02-23,29.99
TXN006613,C0251,2025-02-23,49.99
TXN008757,C0247,2025-02-23,49.99
TXN018235,C0282,2025-02-23,29.99
TXN009577,C0009,2025-02-23,79.99
TXN008787,C0001,2025-02-23,19.99
TXN011662,C0176,2025-02-23,45.42
TXN000297,C0016,2025-02-23,149.99
TXN015748,C0057,2025-02-23,99.99
TXN006823,C0283,2025-02-23,28.45
TXN010855,C0239,2025-02-23,39.99
TXN007755,C0086,2025-02-23,59.99
TXN006038,C0245,2025-02-24,28.89
TXN005600,C0085,2025-02-24,79.99
TXN007516,C0157,2025-02-24,59.99
TXN017829,C0322,2025-02-24,49.99
TXN000433,C0140,2025-02-24,29.99
TXN015006,C0313,2025-02-24,39.99
TXN001449,C0084,2025-02-24,19.99
TXN009793,C0348,2025-02-24,29.99
TXN010902,C0223,2025-02-24,19.99
TXN009676,C0277,2025-02-24,49.99
TXN008393,C0147,2025-02-24,19.99
TXN013623,C0334,2025-02-24,29.99
TXN007290,C0028,2025-02-24,39.99
TXN014000,C0208,2025-02-24,39.99
TXN007078,C0016,2025-02-24,149.99
TXN010306,C0289,2025-02-24,79.99
TXN004917,C0208,2025-02-24,39.99
TXN013841,C0242,2025-02-24,39.99
TXN009468,C0137,2025-02-24,129.99
TXN009322,C0081,2025-02-24,43.64
TXN017777,C0144,2025-02-24,19.99
TXN010553,C0202,2025-02-24,19.99
TXN001615,C0116,2025-02-24,29.99
TXN008023,C0047,2025-02-24,22.69
TXN017072,C0152,2025-02-24,49.99
TXN001462,C0153,2025-02-24,79.99
TXN013301,C0264,2025-02-24,36.28
TXN004541,C0036,2025-02-24,49.99
TXN007646,C0009,2025-02-24,79.99
TXN013663,C0054,2025-02-24,99.99
TXN017349,C0043,2025-02-24,29.99
TXN007318,C0034,2025-02-24,49.99
TXN017320,C0231,2025-02-24,59.99
TXN010694,C0107,2025-02-24,149.99
TXN004139,C0094,2025-02-24,29.99
TXN012563,C0323,2025-02-24,76.64
TXN015907,C0170,2025-02-24,39.99
TXN010284,C0287,2025-02-25,49.99
TXN005853,C0037,2025-02-25,99.99
TXN017955,C0347,2025-02-25,99.99
TXN016882,C0076,2025-02-25,39.99
TXN008564,C0066,2025-02-25,59.99
TXN014858,C0306,2025-02-25,29.99
TXN004779,C0020,2025-02-25,19.99
TXN002933,C0255,2025-02-25,99.99
TXN001833,C0218,2025-02-25,29.99
TXN001698,C0347,2025-02-25,99.99
TXN005596,C0141,2025-02-25,59.99
TXN006513,C0095,2025-02-25,19.99
TXN006654,C0142,2025-02-25,39.99
TXN012167,C0113,2025-02-25,49.99
TXN004951,C0067,2025-02-25,33.05
TXN005173,C0316,2025-02-25,129.99
TXN014194,C0273,2025-02-25,199.99
TXN006332,C0053,2025-02-25,29.99
TXN008845,C0106,2025-02-25,199.99
TXN017488,C0284,2025-02-25,29.99
TXN000323,C0144,2025-02-25,19.99
TXN016594,C0034,2025-02-25,39.82
TXN013130,C0105,2025-02-25,29.99
TXN017518,C0238,2025-02-25,59.99
TXN000348,C0273,2025-02-25,199.99
TXN015872,C0038,2025-02-25,129.99
TXN002354,C0181,2025-02-25,99.99
TXN001422,C0102,2025-02-25,39.99
TXN005138,C0297,2025-02-25,47.45
TXN000081,C0244,2025-02-25,79.99
TXN008887,C0234,2025-02-25,79.99
TXN012598,C0284,2025-02-25,29.99
TXN015414,C0272,2025-02-25,59.99
TXN012501,C0238,2025-02-25,59.99
TXN008492,C0293,2025-02-25,59.99
TXN011671,C0094,2025-02-25,29.99
TXN008595,C0098,2025-02-26,19.99
TXN003449,C0011,2025-02-26,49.99
TXN007439,C0338,2025-02-26,38.0
TXN007035,C0334,2025-02-26,29.99
TXN016838,C0129,2025-02-26,99.99
TXN008625,C0261,2025-02-26,38.52
TXN005225,C0047,2025-02-26,29.99
TXN008306,C0001,2025-02-26,15.74
TXN015101,C0285,2025-02-26,39.99
TXN000264,C0022,2025-02-26,29.99
TXN003271,C0036,2025-02-26,37.51
TXN011312,C0072,2025-02-26,29.99
TXN002387,C0274,2025-02-26,29.99
TXN006974,C0138,2025-02-26,59.99
TXN010771,C0138,2025-02-26,59.99
TXN000382,C0205,2025-02-26,15.69
TXN005542,C0239,2025-02-26,39.99
TXN015206,C0231,2025-02-26,59.99
TXN000584,C0186,2025-02-26,29.19
TXN015911,C0260,2025-02-26,47.04
TXN014534,C0192,2025-02-26,79.99
TXN004883,C0200,2025-02-26,29.99
TXN000666,C0101,2025-02-26,129.99
TXN003590,C0285,2025-02-26,39.99
TXN005072,C0293,2025-02-27,50.84
TXN002668,C0191,2025-02-27,79.99
TXN004221,C0242,2025-02-27,39.99
TXN005168,C0311,2025-02-27,49.99
TXN004595,C0101,2025-02-27,129.99
TXN008680,C0055,2025-02-27,35.4
TXN015631,C0108,2025-02-27,19.99
TXN003987,C0179,2025-02-27,49.99
TXN006024,C0284,2025-02-27,29.99
TXN005224,C0262,2025-02-27,29.99
TXN015382,C0310,2025-02-27,19.99
TXN003495,C0047,2025-02-27,29.99
TXN010416,C0283,2025-02-27,39.99
TXN009312,C0138,2025-02-27,59.99
TXN011089,C0047,2025-02-27,29.99
TXN000116,C0307,2025-02-27,59.99
TXN000508,C0007,2025-02-27,39.99
TXN013310,C0083,2025-02-27,26.22
TXN006838,C0061,2025-02-27,49.99
TXN016167,C0116,2025-02-27,29.99
TXN011302,C0252,2025-02-27,49.99
TXN006834,C0282,2025-02-27,29.99
TXN016189,C0220,2025-02-27,29.99
TXN003061,C0306,2025-02-27,29.99
TXN011370,C0036,2025-02-27,49.99
TXN004385,C0138,2025-02-27,59.99
TXN009536,C0256,2025-02-27,29.99
TXN012259,C0248,2025-02-27,59.99
TXN007642,C0226,2025-02-27,149.99
TXN017619,C0069,2025-02-27,29.99
TXN000546,C0066,2025-02-27,59.99
TXN011339,C0314,2025-02-27,59.99
TXN018399,C0170,2025-02-27,39.99
TXN017593,C0067,2025-02-27,39.99
TXN002603,C0018,2025-02-27,29.99
TXN006624,C0013,2025-02-27,59.99
TXN015562,C0240,2025-02-27,99.99
TXN013239,C0037,2025-02-27,99.99
TXN015285,C0303,2025-02-27,19.99
TXN009391,C0282,2025-02-27,29.99
TXN018345,C0001,2025-02-27,19.99
TXN008286,C0258,2025-02-27,19.99
TXN009584,C0230,2025-02-27,19.99
TXN001436,C0179,2025-02-27,49.99
TXN001476,C0245,2025-02-28,39.99
TXN011687,C0274,2025-02-28,29.99
TXN018234,C0125,2025-02-28,49.99
TXN000548,C0329,2025-02-28,99.99
TXN004226,C0101,2025-02-28,106.15
TXN010560,C0093,2025-02-28,19.99
TXN017289,C0176,2025-02-28,59.99
TXN014605,C0016,2025-02-28,149.99
TXN016615,C0348,2025-02-28,29.99
TXN006942,C0213,2025-02-28,59.99
TXN003092,C0304,2025-02-28,49.99
TXN016859,C0101,2025-02-28,91.37
TXN006075,C0043,2025-02-28,29.99
TXN013973,C0111,2025-02-28,99.99
TXN016402,C0061,2025-02-28,36.6
TXN007470,C0220,2025-02-28,29.99
TXN012083,C0202,2025-02-28,19.99
TXN017016,C0350,2025-02-28,19.99
TXN002804,C0060,2025-02-28,39.99
TXN013036,C0211,2025-02-28,49.99
TXN011645,C0151,2025-02-28,79.99
TXN002428,C0069,2025-02-28,29.99
TXN006476,C0113,2025-02-28,49.99
TXN001636,C0257,2025-02-28,19.99
TXN003759,C0061,2025-03-01,49.99
TXN005228,C0043,2025-03-01,29.99
TXN004858,C0287,2025-03-01,49.99
TXN001687,C0199,2025-03-01,99.99
TXN003034,C0159,2025-03-01,79.99
TXN017293,C0152,2025-03-01,44.02
TXN009195,C0315,2025-03-01,79.99
TXN005535,C0124,2025-03-01,59.99
TXN006387,C0323,2025-03-01,99.99
TXN000515,C0200,2025-03-01,29.99
TXN009352,C0204,2025-03-01,39.99
TXN005811,C0047,2025-03-01,29.99
TXN008189,C0062,2025-03-01,29.99
TXN000235,C0304,2025-03-01,49.99
TXN014072,C0141,2025-03-01,59.99
TXN012319,C0332,2025-03-01,19.99
TXN016841,C0329,2025-03-01,99.99
TXN002147,C0287,2025-03-01,49.99
TXN013405,C0164,2025-03-01,49.99
TXN005274,C0239,2025-03-01,39.99
TXN012502,C0298,2025-03-01,199.99
TXN016231,C0199,2025-03-01,99.99
TXN015646,C0314,2025-03-01,47.96
TXN008612,C0077,2025-03-01,99.99
TXN009226,C0306,2025-03-01,29.99
TXN003959,C0259,2025-03-01,59.99
TXN003738,C0274,2025-03-01,29.99
TXN003948,C0111,2025-03-01,99.99
TXN018464,C0322,2025-03-02,49.99
TXN015627,C0347,2025-03-02,99.99
TXN017556,C0306,2025-03-02,29.99
TXN011284,C0206,2025-03-02,49.99
TXN010004,C0075,2025-03-02,49.99
TXN006928,C0102,2025-03-02,28.03
TXN009252,C0274,2025-03-02,29.99
TXN015353,C0097,2025-03-02,129.99
TXN004928,C0263,2025-03-02,39.99
TXN017404,C0161,2025-03-02,49.99
TXN016090,C0096,2025-03-02,49.99
TXN011993,C0350,2025-03-02,19.99
TXN008111,C0303,2025-03-02,19.99
TXN006595,C0287,2025-03-02,49.99
TXN015934,C0234,2025-03-02,79.99
TXN007401,C0013,2025-03-02,59.99
TXN005194,C0258,2025-03-02,19.99
TXN008442,C0052,2025-03-02,149.99
TXN015445,C0105,2025-03-02,29.99
TXN014335,C0024,2025-03-02,99.99
TXN008920,C0213,2025-03-02,48.9
TXN013788,C0246,2025-03-02,80.42
TXN002736,C0017,2025-03-02,59.99
TXN006860,C0299,2025-03-02,59.99
TXN017006,C0012,2025-03-02,41.68
TXN008840,C0332,2025-03-02,19.99
TXN004825,C0196,2025-03-02,29.99
TXN004648,C0281,2025-03-02,99.99
TXN016462,C0288,2025-03-02,17.88
TXN003129,C0236,2025-03-02,29.99
TXN009288,C0329,2025-03-02,99.99
TXN016754,C0014,2025-03-02,29.99
TXN009988,C0201,2025-03-02,129.99
TXN004041,C0100,2025-03-03,49.99
TXN010701,C0021,2025-03-03,19.99
TXN015760,C0131,2025-03-03,59.99
TXN014892,C0254,2025-03-03,56.2
TXN005422,C0172,2025-03-03,29.99
TXN003628,C0323,2025-03-03,99.99
TXN006243,C0229,2025-03-03,49.99
TXN010223,C0254,2025-03-03,79.99
TXN016440,C0076,2025-03-03,39.99
TXN008134,C0074,2025-03-03,29.99
TXN016014,C0250,2025-03-03,59.99
TXN011610,C0115,2025-03-03,59.99
TXN018468,C0295,2025-03-03,39.99
TXN003478,C0249,2025-03-03,19.99
TXN006283,C0252,2025-03-03,49.99
TXN009944,C0202,2025-03-03,19.99
TXN002660,C0023,2025-03-03,49.99
TXN000284,C0056,2025-03-03,29.99
TXN013930,C0101,2025-03-03,95.28
TXN005031,C0307,2025-03-03,59.99
TXN007201,C0207,2025-03-03,29.99
TXN017452,C0060,2025-03-03,39.99
TXN010483,C0215,2025-03-03,39.99
TXN002755,C0132,2025-03-03,44.02
TXN010314,C0041,2025-03-03,49.99
TXN002836,C0217,2025-03-03,29.99
TXN017414,C0036,2025-03-03,49.99
TXN009373,C0035,2025-03-03,79.99
TXN008255,C0034,2025-03-03,49.99
TXN015390,C0054,2025-03-03,99.99
TXN017912,C0169,2025-03-03,53.74
TXN003687,C0181,2025-03-03,99.99
TXN005781,C0015,2025-03-04,199.99
TXN018452,C0337,2025-03-04,129.99
TXN009962,C0304,2025-03-04,49.99
TXN000368,C0348,2025-03-04,29.99
TXN003579,C0302,2025-03-04,39.75
TXN015299,C0176,2025-03-04,59.99
TXN010532,C0172,2025-03-04,29.99
TXN004650,C0117,2025-03-04,19.99
TXN000851,C0225,2025-03-04,29.99
TXN018398,C0036,2025-03-04,49.99
TXN006331,C0173,2025-03-04,39.99
TXN006677,C0058,2025-03-04,49.99
TXN016697,C0108,2025-03-04,19.99
TXN001261,C0086,2025-03-04,59.99
TXN003392,C0225,2025-03-04,29.99
TXN005790,C0062,2025-03-04,29.99
TXN007198,C0041,2025-03-04,49.99
TXN013925,C0299,2025-03-04,59.99
TXN012555,C0062,2025-03-04,29.99
TXN012406,C0039,2025-03-04,40.41
TXN002455,C0208,2025-03-04,39.99
TXN011655,C0162,2025-03-04,79.99
TXN006478,C0096,2025-03-04,49.99
TXN008256,C0350,2025-03-04,19.99
TXN017525,C0066,2025-03-04,59.99
TXN003188,C0247,2025-03-04,49.99
TXN016712,C0120,2025-03-04,29.99
TXN005304,C0169,2025-03-04,59.99
TXN013047,C0013,2025-03-04,59.99
TXN015143,C0225,2025-03-04,23.95
TXN000649,C0019,2025-03-04,59.99
TXN016634,C0275,2025-03-04,19.99
TXN000082,C0009,2025-03-05,79.99
TXN012244,C0228,2025-03-05,58.49
TXN007857,C0280,2025-03-05,17.86
TXN001507,C0202,2025-03-05,19.99
TXN015056,C0120,2025-03-05,26.73
TXN007168,C0099,2025-03-05,29.99
TXN000325,C0188,2025-03-05,49.99
TXN018169,C0095,2025-03-05,19.99
TXN001586,C0044,2025-03-05,59.99
TXN012322,C0192,2025-03-05,79.99
TXN016452,C0030,2025-03-05,199.99
TXN012294,C0241,2025-03-05,96.9
TXN015784,C0336,2025-03-05,19.99
TXN010622,C0213,2025-03-05,59.99
TXN011141,C0089,2025-03-05,79.99
TXN016571,C0130,2025-03-05,129.99
TXN007067,C0080,2025-03-05,59.99
TXN005539,C0022,2025-03-05,29.99
TXN016612,C0256,2025-03-05,29.99
TXN006652,C0197,2025-03-05,19.99
TXN009341,C0254,2025-03-05,79.99
TXN014831,C0288,2025-03-05,19.99
TXN002563,C0282,2025-03-05,29.99
TXN004233,C0108,2025-03-05,15.55
TXN001406,C0011,2025-03-05,49.99
TXN006182,C0145,2025-03-05,59.99
TXN005314,C0225,2025-03-05,29.99
TXN003305,C0125,2025-03-05,49.99
TXN018246,C0194,2025-03-05,149.99
TXN013160,C0121,2025-03-05,59.99
TXN000003,C0319,2025-03-05,29.99
TXN000921,C0224,2025-03-05,49.99
TXN017792,C0137,2025-03-05,129.99
TXN001773,C0339,2025-03-05,34.47
TXN010332,C0134,2025-03-05,99.99
TXN007013,C0244,2025-03-05,79.99
TXN001482,C0027,2025-03-05,49.99
TXN002370,C0078,2025-03-05,49.99
TXN018008,C0237,2025-03-05,29.99
TXN009773,C0014,2025-03-05,29.99
TXN000447,C0111,2025-03-05,77.87
TXN010586,C0118,2025-03-05,39.99
TXN008188,C0214,2025-03-05,59.99
TXN009694,C0143,2025-03-06,59.99
TXN014496,C0161,2025-03-06,49.99
TXN017500,C0097,2025-03-06,129.99
TXN014527,C0031,2025-03-06,19.99
TXN009097,C0017,2025-03-06,59.99
TXN010309,C0068,2025-03-06,79.99
TXN007162,C0349,2025-03-06,129.99
TXN006107,C0100,2025-03-06,49.99
TXN013978,C0044,2025-03-06,59.99
TXN001398,C0159,2025-03-06,79.99
TXN006669,C0283,2025-03-06,39.99
TXN017137,C0182,2025-03-06,49.99
TXN008182,C0345,2025-03-06,42.82
TXN010217,C0092,2025-03-06,29.99
TXN016902,C0287,2025-03-06,49.99
TXN014790,C0077,2025-03-06,99.99
TXN009768,C0012,2025-03-06,49.99
TXN013811,C0312,2025-03-06,79.99
TXN017880,C0061,2025-03-06,49.99
TXN010970,C0176,2025-03-06,42.46
TXN012039,C0319,2025-03-06,29.99
TXN013278,C0218,2025-03-06,29.99
TXN005409,C0006,2025-03-06,149.99
TXN003721,C0031,2025-03-06,17.32
TXN012365,C0238,2025-03-06,47.61
TXN010853,C0243,2025-03-06,29.99
TXN013121,C0027,2025-03-06,37.67
TXN002304,C0117,2025-03-06,15.9
TXN002643,C0307,2025-03-06,59.99
TXN010521,C0041,2025-03-06,49.99
TXN001211,C0218,2025-03-06,29.99
TXN012041,C0010,2025-03-06,59.99
TXN000536,C0112,2025-03-07,49.99
TXN015692,C0248,2025-03-07,53.91
TXN004093,C0311,2025-03-07,49.99
TXN001952,C0008,2025-03-07,29.99
TXN009267,C0318,2025-03-07,39.99
TXN012212,C0040,2025-03-07,39.99
TXN006701,C0124,2025-03-07,59.99
TXN011326,C0349,2025-03-07,129.99
TXN007577,C0222,2025-03-07,59.99
TXN014741,C0310,2025-03-07,19.99
TXN017149,C0172,2025-03-07,29.99
TXN018436,C0045,2025-03-07,49.77
TXN010848,C0035,2025-03-07,79.99
TXN016779,C0236,2025-03-07,29.99
TXN010369,C0076,2025-03-07,39.99
TXN005784,C0285,2025-03-07,39.99
TXN017196,C0279,2025-03-07,19.99
TXN006510,C0231,2025-03-07,59.99
TXN006880,C0311,2025-03-07,49.99
TXN001525,C0119,2025-03-07,59.99
TXN004866,C0020,2025-03-07,19.99
TXN000587,C0197,2025-03-07,19.99
TXN005403,C0214,2025-03-07,51.82
TXN015949,C0005,2025-03-07,29.99
TXN017328,C0225,2025-03-07,29.99
TXN003559,C0027,2025-03-07,49.99
TXN001781,C0114,2025-03-07,42.4
TXN003104,C0008,2025-03-07,29.99
TXN009114,C0180,2025-03-07,39.99
TXN011147,C0350,2025-03-07,19.99
TXN001453,C0158,2025-03-07,79.99
TXN015666,C0085,2025-03-07,79.99
TXN017243,C0217,2025-03-07,29.99
TXN000804,C0311,2025-03-07,49.99
TXN009290,C0119,2025-03-07,59.99
TXN000817,C0173,2025-03-07,32.84
TXN013621,C0252,2025-03-07,43.4
TXN009641,C0157,2025-03-07,59.99
TXN015528,C0247,2025-03-07,49.99
TXN013347,C0317,2025-03-07,29.99
TXN000588,C0245,2025-03-07,34.11
TXN001005,C0009,2025-03-07,79.99
TXN003117,C0212,2025-03-07,39.99
TXN003681,C0144,2025-03-07,19.99
TXN007174,C0067,2025-03-07,39.99
TXN003533,C0289,2025-03-07,79.99
TXN014063,C0312,2025-03-07,79.99
TXN002117,C0051,2025-03-07,29.99
TXN011869,C0280,2025-03-08,14.15
TXN001060,C0346,2025-03-08,199.99
TXN015389,C0193,2025-03-08,59.99
TXN009138,C0315,2025-03-08,79.99
TXN003534,C0192,2025-03-08,79.99
TXN011630,C0249,2025-03-08,19.99
TXN009462,C0212,2025-03-08,39.99
TXN005426,C0026,2025-03-08,79.99
TXN003562,C0006,2025-03-08,149.99
TXN012727,C0290,2025-03-08,29.99
TXN007701,C0160,2025-03-08,79.99
TXN006431,C0332,2025-03-08,19.99
TXN001470,C0277,2025-03-08,49.99
TXN000632,C0263,2025-03-08,39.99
TXN001645,C0130,2025-03-08,129.99
TXN014852,C0248,2025-03-08,43.0
TXN003860,C0113,2025-03-08,49.99
TXN007745,C0242,2025-03-08,39.99
TXN005825,C0279,2025-03-08,19.99
TXN006968,C0095,2025-03-08,19.99
TXN003797,C0166,2025-03-08,39.99
TXN016909,C0138,2025-03-08,59.99
TXN018461,C0108,2025-03-08,19.99
TXN006603,C0304,2025-03-08,49.99
TXN017865,C0260,2025-03-08,59.99
TXN004649,C0111,2025-03-08,99.99
TXN008494,C0141,2025-03-08,59.99
TXN001204,C0121,2025-03-08,59.99
TXN008978,C0198,2025-03-08,59.99
TXN010440,C0282,2025-03-08,29.99
TXN014533,C0201,2025-03-08,93.06
TXN001494,C0004,2025-03-08,99.99
TXN005212,C0097,2025-03-08,113.66
TXN008907,C0046,2025-03-08,57.24
TXN005914,C0116,2025-03-08,29.99
TXN007397,C0342,2025-03-08,59.99
TXN000077,C0036,2025-03-08,49.99
TXN012414,C0123,2025-03-08,15.25
TXN016658,C0256,2025-03-08,26.45
TXN008749,C0021,2025-03-08,14.21
TXN017362,C0191,2025-03-09,61.8
TXN003511,C0135,2025-03-09,49.99
TXN013793,C0113,2025-03-09,49.99
TXN001846,C0115,2025-03-09,59.99
TXN016410,C0218,2025-03-09,29.99
TXN015699,C0338,2025-03-09,49.99
TXN000583,C0216,2025-03-09,33.03
TXN012148,C0125,2025-03-09,49.99
TXN013321,C0122,2025-03-09,149.99
TXN008555,C0237,2025-03-09,23.58
TXN008007,C0073,2025-03-09,19.99
TXN003521,C0018,2025-03-09,29.99
TXN012850,C0011,2025-03-09,49.99
TXN005344,C0149,2025-03-09,39.99
TXN000816,C0144,2025-03-09,19.99
TXN001813,C0240,2025-03-09,99.99
TXN013786,C0259,2025-03-09,47.77
TXN000342,C0276,2025-03-09,79.99
TXN003703,C0108,2025-03-09,19.99
TXN003552,C0288,2025-03-09,19.99
TXN002790,C0038,2025-03-09,129.99
TXN006522,C0184,2025-03-09,19.99
TXN006592,C0105,2025-03-09,29.99
TXN004478,C0103,2025-03-09,49.99
TXN002991,C0306,2025-03-09,29.99
TXN006314,C0287,2025-03-09,49.99
TXN001823,C0105,2025-03-09,29.99
TXN014978,C0114,2025-03-09,49.99
TXN014999,C0136,2025-03-09,19.99
TXN001843,C0109,2025-03-09,133.11
TXN005544,C0239,2025-03-09,32.45
TXN002839,C0346,2025-03-09,147.7
TXN009831,C0153,2025-03-09,79.99
TXN004822,C0199,2025-03-09,99.99
TXN008943,C0106,2025-03-09,199.99
TXN001370,C0007,2025-03-09,39.99
TXN003275,C0047,2025-03-09,29.99
TXN002099,C0046,2025-03-09,79.99
TXN001979,C0218,2025-03-09,29.99
TXN009446,C0312,2025-03-09,79.99
TXN007166,C0105,2025-03-09,29.99
TXN001180,C0271,2025-03-09,52.12
TXN018023,C0326,2025-03-09,19.99
TXN013050,C0103,2025-03-09,49.99
TXN006222,C0216,2025-03-09,39.99
TXN004443,C0318,2025-03-09,39.99
TXN004454,C0306,2025-03-09,23.56
TXN017870,C0287,2025-03-09,49.99
TXN015555,C0089,2025-03-09,79.99
TXN014289,C0088,2025-03-09,81.76
TXN010645,C0123,2025-03-09,19.99
TXN015520,C0002,2025-03-09,24.6
TXN008788,C0318,2025-03-09,39.99
TXN006022,C0328,2025-03-09,21.69
TXN003085,C0138,2025-03-09,59.99
TXN003024,C0141,2025-03-10,50.27
TXN006348,C0104,2025-03-10,19.99
TXN013742,C0142,2025-03-10,39.99
TXN001263,C0099,2025-03-10,29.99
TXN007445,C0043,2025-03-10,29.99
TXN008591,C0092,2025-03-10,29.99
TXN001344,C0188,2025-03-10,49.99
TXN017647,C0342,2025-03-10,59.99
TXN007185,C0335,2025-03-10,39.99
TXN000437,C0022,2025-03-10,29.99
TXN001733,C0283,2025-03-10,39.99
TXN015177,C0129,2025-03-10,72.21
TXN014249,C0163,2025-03-10,29.99
TXN000769,C0120,2025-03-10,29.99
TXN011055,C0350,2025-03-10,19.99
TXN012872,C0127,2025-03-10,26.38
TXN004091,C0001,2025-03-10,19.99
TXN013408,C0116,2025-03-10,29.99
TXN017267,C0205,2025-03-10,19.99
TXN003167,C0065,2025-03-10,29.99
TXN014395,C0311,2025-03-10,49.99
TXN018355,C0039,2025-03-10,49.99
TXN001537,C0196,2025-03-10,29.99
TXN001051,C0282,2025-03-10,29.99
TXN002775,C0185,2025-03-10,39.99
TXN011970,C0155,2025-03-10,31.1
TXN018187,C0280,2025-03-11,19.99
TXN011424,C0092,2025-03-11,29.99
TXN011867,C0314,2025-03-11,59.99
TXN016114,C0300,2025-03-11,49.99
TXN016238,C0121,2025-03-11,59.99
TXN000109,C0078,2025-03-11,49.99
TXN014047,C0164,2025-03-11,49.99
TXN003072,C0237,2025-03-11,29.99
TXN000525,C0254,2025-03-11,79.99
TXN003753,C0279,2025-03-11,19.99
TXN015741,C0067,2025-03-11,39.99
TXN012810,C0052,2025-03-11,149.99
TXN015294,C0263,2025-03-11,31.13
TXN001258,C0162,2025-03-11,79.99
TXN005219,C0098,2025-03-11,19.99
TXN001936,C0056,2025-03-11,29.99
TXN007087,C0328,2025-03-11,29.99
TXN004163,C0157,2025-03-11,59.99
TXN003409,C0263,2025-03-11,39.99
TXN016752,C0162,2025-03-11,79.99
TXN016312,C0031,2025-03-11,19.99
TXN001294,C0060,2025-03-11,39.99
TXN009560,C0010,2025-03-11,59.99
TXN005786,C0071,2025-03-11,49.99
TXN007378,C0282,2025-03-11,29.99
TXN006334,C0176,2025-03-11,59.99
TXN008520,C0045,2025-03-11,59.99
TXN018336,C0251,2025-03-11,49.99
TXN009675,C0162,2025-03-11,79.99
TXN016454,C0318,2025-03-11,39.99
TXN000507,C0319,2025-03-11,29.99
TXN017807,C0157,2025-03-11,48.74
TXN012297,C0142,2025-03-11,39.99
TXN010224,C0081,2025-03-11,42.99
TXN003102,C0145,2025-03-12,46.93
TXN008475,C0116,2025-03-12,29.99
TXN007634,C0216,2025-03-12,39.99
TXN015185,C0257,2025-03-12,19.99
TXN014345,C0293,2025-03-12,59.99
TXN015067,C0230,2025-03-12,19.99
TXN011606,C0217,2025-03-12,29.99
TXN003900,C0225,2025-03-12,29.99
TXN003081,C0078,2025-03-12,49.99
TXN006336,C0049,2025-03-12,129.99
TXN014505,C0037,2025-03-12,99.99
TXN007276,C0186,2025-03-12,39.99
TXN008659,C0230,2025-03-12,19.99
TXN017504,C0109,2025-03-12,149.99
TXN001575,C0346,2025-03-12,199.99
TXN010980,C0289,2025-03-12,79.99
TXN006557,C0036,2025-03-12,49.99
TXN006577,C0150,2025-03-12,99.99
TXN004112,C0326,2025-03-12,19.99
TXN010662,C0325,2025-03-12,59.99
TXN007512,C0219,2025-03-12,59.99
TXN001814,C0014,2025-03-12,29.99
TXN013087,C0152,2025-03-12,39.34
TXN012595,C0130,2025-03-12,129.99
TXN009033,C0248,2025-03-12,45.34
TXN010421,C0267,2025-03-12,29.99
TXN007243,C0047,2025-03-12,29.99
TXN005960,C0248,2025-03-12,59.99
TXN005234,C0035,2025-03-12,79.99
TXN000269,C0191,2025-03-12,79.99
TXN011748,C0188,2025-03-12,49.99
TXN001786,C0027,2025-03-13,40.03
TXN009770,C0220,2025-03-13,29.99
TXN011413,C0147,2025-03-13,19.99
TXN010515,C0023,2025-03-13,49.99
TXN008923,C0127,2025-03-13,29.99
TXN011915,C0197,2025-03-13,19.99
TXN014732,C0313,2025-03-13,39.99
TXN001792,C0331,2025-03-13,59.99
TXN008274,C0218,2025-03-13,21.91
TXN009021,C0205,2025-03-13,19.99
TXN000179,C0178,2025-03-13,59.99
TXN009490,C0031,2025-03-13,19.99
TXN004423,C0236,2025-03-13,29.99
TXN015343,C0286,2025-03-13,19.99
TXN007876,C0163,2025-03-13,29.99
TXN014795,C0179,2025-03-13,49.99
TXN003936,C0208,2025-03-13,39.99
TXN012979,C0116,2025-03-13,29.99
TXN017042,C0113,2025-03-13,49.99
TXN006364,C0022,2025-03-13,29.99
TXN001639,C0285,2025-03-13,39.99
TXN003452,C0224,2025-03-13,49.99
TXN014088,C0258,2025-03-13,19.99
TXN010285,C0292,2025-03-13,99.99
TXN005649,C0263,2025-03-13,39.99
TXN011714,C0215,2025-03-13,39.99
TXN017904,C0239,2025-03-13,39.99
TXN004364,C0302,2025-03-14,37.9
TXN014754,C0086,2025-03-14,52.29
TXN006079,C0288,2025-03-14,19.99
TXN004356,C0274,2025-03-14,29.99
TXN007609,C0188,2025-03-14,49.99
TXN002501,C0141,2025-03-14,59.99
TXN002889,C0034,2025-03-14,40.11
TXN002392,C0264,2025-03-14,49.99
TXN005851,C0060,2025-03-14,39.99
TXN000801,C0313,2025-03-14,39.99
TXN002818,C0093,2025-03-14,19.99
TXN010115,C0137,2025-03-14,129.99
TXN010323,C0187,2025-03-14,39.99
TXN005916,C0024,2025-03-14,99.99
TXN009973,C0096,2025-03-14,49.99
TXN013178,C0193,2025-03-14,59.99
TXN007586,C0167,2025-03-14,35.3
TXN014865,C0124,2025-03-14,59.99
TXN013604,C0077,2025-03-14,85.7
TXN010942,C0127,2025-03-14,29.99
TXN011428,C0271,2025-03-14,51.16
TXN017917,C0015,2025-03-14,161.85
TXN003802,C0317,2025-03-14,29.99
TXN002132,C0003,2025-03-14,29.99
TXN011922,C0261,2025-03-14,49.99
TXN013277,C0241,2025-03-14,129.99
TXN013244,C0083,2025-03-14,29.99
TXN004766,C0101,2025-03-14,129.99
TXN009350,C0122,2025-03-15,149.99
TXN015437,C0031,2025-03-15,19.99
TXN012084,C0321,2025-03-15,95.9
TXN007046,C0108,2025-03-15,19.99
TXN000255,C0216,2025-03-15,31.38
TXN014370,C0033,2025-03-15,49.99
TXN005670,C0219,2025-03-15,59.99
TXN016651,C0179,2025-03-15,49.99
TXN007713,C0160,2025-03-15,79.99
TXN010286,C0284,2025-03-15,29.99
TXN016482,C0055,2025-03-15,49.99
TXN010988,C0024,2025-03-15,99.99
TXN015694,C0267,2025-03-15,29.99
TXN015839,C0191,2025-03-15,70.92
TXN017780,C0191,2025-03-15,79.99
TXN001238,C0214,2025-03-15,53.16
TXN012241,C0142,2025-03-15,39.99
TXN015337,C0176,2025-03-15,59.99
TXN015664,C0281,2025-03-15,99.99
TXN009199,C0109,2025-03-15,117.62
TXN011666,C0090,2025-03-15,49.99
TXN000834,C0083,2025-03-15,29.99
TXN014662,C0202,2025-03-15,19.99
TXN017341,C0190,2025-03-15,59.99
TXN008619,C0169,2025-03-15,59.99
TXN004293,C0022,2025-03-15,29.99
TXN017073,C0038,2025-03-15,129.99
TXN004389,C0183,2025-03-15,49.99
TXN007344,C0236,2025-03-15,29.99
TXN017315,C0204,2025-03-15,39.99
TXN013146,C0204,2025-03-15,39.99
TXN008538,C0196,2025-03-15,29.99
TXN013334,C0220,2025-03-15,29.99
TXN016930,C0030,2025-03-15,199.99
TXN004354,C0284,2025-03-15,29.99
TXN004696,C0179,2025-03-15,49.99
TXN012542,C0337,2025-03-15,103.54
TXN016197,C0011,2025-03-15,49.99
TXN009650,C0268,2025-03-16,59.99
TXN004740,C0157,2025-03-16,59.99
TXN017592,C0277,2025-03-16,49.99
TXN009621,C0158,2025-03-16,79.99
TXN008343,C0277,2025-03-16,49.99
TXN017154,C0164,2025-03-16,49.99
TXN008792,C0142,2025-03-16,39.99
TXN008204,C0093,2025-03-16,14.87
TXN004013,C0258,2025-03-16,19.99
TXN011206,C0326,2025-03-16,19.99
TXN003199,C0026,2025-03-16,79.99
TXN001752,C0142,2025-03-16,39.99
TXN017953,C0155,2025-03-16,39.99
TXN005714,C0105,2025-03-16,29.99
TXN002432,C0083,2025-03-16,29.99
TXN008452,C0230,2025-03-16,19.99
TXN013542,C0116,2025-03-16,29.99
TXN012581,C0236,2025-03-16,29.99
TXN003723,C0033,2025-03-16,41.73
TXN005692,C0241,2025-03-16,129.99
TXN011963,C0176,2025-03-16,59.99
TXN003635,C0152,2025-03-16,49.99
TXN006975,C0254,2025-03-16,79.99
TXN005045,C0176,2025-03-16,59.99
TXN007454,C0195,2025-03-16,19.99
TXN011956,C0176,2025-03-16,59.99
TXN006365,C0235,2025-03-16,99.99
TXN001186,C0170,2025-03-16,39.99
TXN016339,C0223,2025-03-16,19.99
TXN012159,C0021,2025-03-16,19.99
TXN003727,C0001,2025-03-16,19.99
TXN016570,C0263,2025-03-16,39.99
TXN014387,C0293,2025-03-16,59.99
TXN010537,C0067,2025-03-16,39.99
TXN013090,C0105,2025-03-16,29.99
TXN013403,C0319,2025-03-16,24.34
TXN009750,C0002,2025-03-16,29.99
TXN005768,C0159,2025-03-16,56.83
TXN014693,C0025,2025-03-16,79.99
TXN005430,C0345,2025-03-17,41.67
TXN010096,C0239,2025-03-17,39.99
TXN000387,C0341,2025-03-17,49.99
TXN009749,C0044,2025-03-17,59.99
TXN004896,C0139,2025-03-17,59.99
TXN011689,C0297,2025-03-17,59.99
TXN009161,C0166,2025-03-17,39.99
TXN017703,C0217,2025-03-17,29.99
TXN003000,C0032,2025-03-17,99.99
TXN000887,C0264,2025-03-17,49.99
TXN016643,C0349,2025-03-17,129.99
TXN003382,C0221,2025-03-17,49.99
TXN017787,C0302,2025-03-17,49.99
TXN017566,C0202,2025-03-17,19.99
TXN010493,C0162,2025-03-17,79.99
TXN002705,C0286,2025-03-17,19.99
TXN001587,C0035,2025-03-17,79.99
TXN014567,C0279,2025-03-17,19.99
TXN001099,C0124,2025-03-17,59.99
TXN001506,C0192,2025-03-17,79.99
TXN005338,C0137,2025-03-17,129.99
TXN001600,C0103,2025-03-17,49.99
TXN002982,C0310,2025-03-17,19.99
TXN000177,C0350,2025-03-17,19.99
TXN002706,C0114,2025-03-17,49.99
TXN017475,C0348,2025-03-17,29.99
TXN012275,C0235,2025-03-17,99.99
TXN002139,C0273,2025-03-17,199.99
TXN011421,C0014,2025-03-17,29.99
TXN005355,C0194,2025-03-17,149.99
TXN014467,C0171,2025-03-17,49.99
TXN003068,C0036,2025-03-17,49.99
TXN003908,C0189,2025-03-17,49.99
TXN000393,C0050,2025-03-17,29.99
TXN001102,C0237,2025-03-17,29.99
TXN010517,C0301,2025-03-17,69.94
TXN003089,C0182,2025-03-17,49.99
TXN003082,C0159,2025-03-18,79.99
TXN002126,C0131,2025-03-18,59.99
TXN007211,C0210,2025-03-18,61.76
TXN003047,C0108,2025-03-18,19.99
TXN006401,C0162,2025-03-18,79.99
TXN016227,C0302,2025-03-18,49.99
TXN007964,C0314,2025-03-18,59.99
TXN002862,C0128,2025-03-18,59.99
TXN015731,C0047,2025-03-18,29.99
TXN011524,C0012,2025-03-18,49.99
TXN011982,C0057,2025-03-18,99.99
TXN017384,C0208,2025-03-18,39.99
TXN016928,C0204,2025-03-18,39.99
TXN012909,C0142,2025-03-18,39.99
TXN013631,C0051,2025-03-18,29.99
TXN010376,C0340,2025-03-18,32.03
TXN017918,C0096,2025-03-18,49.99
TXN013279,C0048,2025-03-18,59.99
TXN004067,C0078,2025-03-18,40.57
TXN014269,C0062,2025-03-18,29.99
TXN003177,C0101,2025-03-18,129.99
TXN013415,C0137,2025-03-18,129.99
TXN014849,C0195,2025-03-18,19.99
TXN006433,C0116,2025-03-18,29.99
TXN009686,C0026,2025-03-18,79.99
TXN005736,C0038,2025-03-18,129.99
TXN013795,C0244,2025-03-18,79.99
TXN010989,C0251,2025-03-18,49.99
TXN000779,C0070,2025-03-19,149.99
TXN004715,C0046,2025-03-19,79.99
TXN015705,C0155,2025-03-19,39.99
TXN004683,C0109,2025-03-19,149.99
TXN017412,C0333,2025-03-19,39.99
TXN008973,C0035,2025-03-19,79.99
TXN006747,C0224,2025-03-19,49.99
TXN005729,C0270,2025-03-19,49.99
TXN000436,C0211,2025-03-19,49.99
TXN006587,C0350,2025-03-19,19.99
TXN005335,C0162,2025-03-19,79.99
TXN015219,C0333,2025-03-19,39.99
TXN016271,C0230,2025-03-19,19.99
TXN006618,C0260,2025-03-19,59.99
TXN013506,C0013,2025-03-19,59.99
TXN001352,C0027,2025-03-19,49.99
TXN013019,C0062,2025-03-19,29.99
TXN010468,C0102,2025-03-19,39.99
TXN007670,C0292,2025-03-19,99.99
TXN001633,C0173,2025-03-19,39.99
TXN002811,C0135,2025-03-19,49.99
TXN014233,C0103,2025-03-19,49.99
TXN015579,C0029,2025-03-19,39.99
TXN004878,C0044,2025-03-19,59.99
TXN016527,C0286,2025-03-19,19.99
TXN012745,C0104,2025-03-20,19.99
TXN014258,C0062,2025-03-20,29.99
TXN012615,C0307,2025-03-20,59.99
TXN012627,C0175,2025-03-20,19.99
TXN000205,C0242,2025-03-20,39.99
TXN016362,C0024,2025-03-20,99.99
TXN003975,C0092,2025-03-20,29.99
TXN009680,C0337,2025-03-20,129.99
TXN006680,C0183,2025-03-20,49.99
TXN016353,C0047,2025-03-20,29.99
TXN005098,C0140,2025-03-20,29.99
TXN017382,C0128,2025-03-20,48.08
TXN014678,C0048,2025-03-20,59.99
TXN017046,C0093,2025-03-20,19.99
TXN001331,C0308,2025-03-20,29.99
TXN002262,C0290,2025-03-20,29.99
TXN012831,C0338,2025-03-20,49.99
TXN014862,C0126,2025-03-20,99.99
TXN015928,C0015,2025-03-20,199.99
TXN007082,C0291,2025-03-20,49.99
TXN017035,C0133,2025-03-20,59.99
TXN009734,C0180,2025-03-20,39.99
TXN010830,C0137,2025-03-20,129.99
TXN013469,C0341,2025-03-20,41.67
TXN015990,C0250,2025-03-20,59.99
TXN008395,C0040,2025-03-20,39.99
TXN012430,C0141,2025-03-20,59.99
TXN013288,C0052,2025-03-20,149.99
TXN008245,C0266,2025-03-21,199.99
TXN010591,C0089,2025-03-21,79.99
TXN000828,C0300,2025-03-21,49.99
TXN007222,C0004,2025-03-21,99.99
TXN008672,C0131,2025-03-21,59.99
TXN006025,C0317,2025-03-21,29.99
TXN005218,C0179,2025-03-21,49.99
TXN012663,C0263,2025-03-21,32.09
TXN016041,C0053,2025-03-21,29.99
TXN000005,C0212,2025-03-21,39.99
TXN001672,C0296,2025-03-21,39.99
TXN017859,C0187,2025-03-21,39.99
TXN013341,C0060,2025-03-21,39.99
TXN016982,C0176,2025-03-21,59.99
TXN012217,C0200,2025-03-21,29.99
TXN018143,C0283,2025-03-21,39.99
TXN001501,C0248,2025-03-21,59.99
TXN008405,C0350,2025-03-21,19.99
TXN017282,C0028,2025-03-21,39.99
TXN003527,C0289,2025-03-21,79.99
TXN000361,C0092,2025-03-21,29.99
TXN000222,C0261,2025-03-21,49.99
TXN009581,C0241,2025-03-21,129.99
TXN012658,C0079,2025-03-21,29.99
TXN002436,C0287,2025-03-21,49.99
TXN018259,C0160,2025-03-21,62.96
TXN014804,C0210,2025-03-21,79.99
TXN000341,C0303,2025-03-21,19.99
TXN003049,C0108,2025-03-21,19.99
TXN015706,C0245,2025-03-21,39.99
TXN006425,C0060,2025-03-21,35.46
TXN014033,C0131,2025-03-22,51.51
TXN015834,C0287,2025-03-22,49.99
TXN008717,C0138,2025-03-22,59.99
TXN011924,C0286,2025-03-22,19.99
TXN001121,C0185,2025-03-22,39.99
TXN016806,C0083,2025-03-22,29.99
TXN000797,C0218,2025-03-22,29.99
TXN011822,C0251,2025-03-22,49.99
TXN005244,C0117,2025-03-22,15.26
TXN012792,C0202,2025-03-22,19.99
TXN011305,C0315,2025-03-22,58.15
TXN014213,C0292,2025-03-22,99.99
TXN007910,C0019,2025-03-22,59.99
TXN018044,C0187,2025-03-22,39.99
TXN016466,C0141,2025-03-22,59.99
TXN011848,C0008,2025-03-22,29.99
TXN012183,C0107,2025-03-22,149.99
TXN014516,C0076,2025-03-22,39.99
TXN001146,C0092,2025-03-22,29.99
TXN002129,C0112,2025-03-22,49.99
TXN014821,C0177,2025-03-22,59.99
TXN009092,C0114,2025-03-22,49.99
TXN007906,C0062,2025-03-22,29.99
TXN004569,C0323,2025-03-22,99.99
TXN001830,C0200,2025-03-22,29.99
TXN001002,C0333,2025-03-22,39.99
TXN001550,C0121,2025-03-23,59.99
TXN017438,C0338,2025-03-23,49.99
TXN015553,C0108,2025-03-23,19.99
TXN015578,C0323,2025-03-23,99.99
TXN000037,C0171,2025-03-23,49.99
TXN007307,C0242,2025-03-23,39.99
TXN007699,C0239,2025-03-23,39.99
TXN011523,C0205,2025-03-23,19.99
TXN000041,C0230,2025-03-23,19.99
TXN015809,C0196,2025-03-23,29.99
TXN015483,C0339,2025-03-23,39.99
TXN000569,C0331,2025-03-23,59.99
TXN017118,C0119,2025-03-23,59.99
TXN000682,C0281,2025-03-23,99.99
TXN003180,C0158,2025-03-23,79.99
TXN000029,C0130,2025-03-23,129.99
TXN011265,C0200,2025-03-23,29.99
TXN017044,C0111,2025-03-23,99.99
TXN001220,C0326,2025-03-23,19.99
TXN007580,C0132,2025-03-23,43.39
TXN012145,C0174,2025-03-23,29.99
TXN016208,C0272,2025-03-23,59.99
TXN006137,C0310,2025-03-23,19.99
TXN014329,C0101,2025-03-23,129.99
TXN003386,C0255,2025-03-23,99.99
TXN017002,C0124,2025-03-23,59.99
TXN002794,C0078,2025-03-23,49.99
TXN001369,C0071,2025-03-23,49.99
TXN005828,C0295,2025-03-23,39.99
TXN002766,C0101,2025-03-23,129.99
TXN004195,C0286,2025-03-23,19.99
TXN003834,C0250,2025-03-23,59.99
TXN004932,C0245,2025-03-23,39.99
TXN013224,C0279,2025-03-23,19.99
TXN015603,C0342,2025-03-23,59.99
TXN004552,C0316,2025-03-23,129.99
TXN012447,C0116,2025-03-23,29.99
TXN013425,C0212,2025-03-23,39.99
TXN004925,C0062,2025-03-23,29.99
TXN013464,C0103,2025-03-23,49.99
TXN015765,C0345,2025-03-23,49.99
TXN001667,C0044,2025-03-23,59.99
TXN009728,C0302,2025-03-23,49.99
TXN012549,C0252,2025-03-24,49.99
TXN009184,C0137,2025-03-24,129.99
TXN012535,C0068,2025-03-24,79.99
TXN005104,C0334,2025-03-24,29.99
TXN015130,C0130,2025-03-24,129.99
TXN013096,C0064,2025-03-24,149.99
TXN012575,C0246,2025-03-24,99.99
TXN001342,C0039,2025-03-24,49.99
TXN009286,C0268,2025-03-24,51.98
TXN001855,C0004,2025-03-24,99.99
TXN009873,C0341,2025-03-24,49.99
TXN009470,C0186,2025-03-24,39.99
TXN005980,C0346,2025-03-24,199.99
TXN015346,C0341,2025-03-24,49.99
TXN008847,C0048,2025-03-24,59.99
TXN007245,C0231,2025-03-24,47.21
TXN002948,C0290,2025-03-24,29.99
TXN001669,C0015,2025-03-24,199.99
TXN018016,C0040,2025-03-24,35.07
TXN002176,C0285,2025-03-24,39.99
TXN002945,C0041,2025-03-24,49.99
TXN002921,C0028,2025-03-24,39.99
TXN016739,C0008,2025-03-24,25.73
TXN010527,C0324,2025-03-24,49.99
TXN000880,C0138,2025-03-24,59.99
TXN010567,C0116,2025-03-24,29.99
TXN000408,C0290,2025-03-24,29.99
TXN010945,C0281,2025-03-24,99.99
TXN012093,C0164,2025-03-24,39.27
TXN007510,C0139,2025-03-24,59.99
TXN001142,C0205,2025-03-24,19.99
TXN004631,C0234,2025-03-24,79.99
TXN006924,C0208,2025-03-24,39.99
TXN008454,C0340,2025-03-24,39.99
TXN000423,C0018,2025-03-24,29.99
TXN015988,C0028,2025-03-24,39.99
TXN007900,C0124,2025-03-25,59.99
TXN000960,C0330,2025-03-25,79.99
TXN000120,C0229,2025-03-25,49.99
TXN015688,C0326,2025-03-25,19.99
TXN001923,C0290,2025-03-25,29.99
TXN016222,C0263,2025-03-25,39.99
TXN017205,C0234,2025-03-25,79.99
TXN002024,C0119,2025-03-25,59.99
TXN001602,C0338,2025-03-25,49.99
TXN006814,C0184,2025-03-25,14.41
TXN007564,C0181,2025-03-25,99.99
TXN000415,C0012,2025-03-25,49.99
TXN007367,C0323,2025-03-25,99.99
TXN011803,C0011,2025-03-25,49.99
TXN005038,C0080,2025-03-25,46.34
TXN017690,C0132,2025-03-25,49.99
TXN012104,C0273,2025-03-25,199.99
TXN005699,C0007,2025-03-25,39.99
TXN018462,C0237,2025-03-25,29.99
TXN005895,C0130,2025-03-25,129.99
TXN013484,C0060,2025-03-25,33.18
TXN011232,C0139,2025-03-25,59.99
TXN008949,C0243,2025-03-25,29.99
TXN015310,C0093,2025-03-25,16.37
TXN013477,C0101,2025-03-25,129.99
TXN016331,C0066,2025-03-25,45.26
TXN014894,C0264,2025-03-25,49.99
TXN014393,C0036,2025-03-25,49.99
TXN007422,C0197,2025-03-25,19.99
TXN013320,C0282,2025-03-25,29.99
TXN004168,C0025,2025-03-25,79.99
TXN004263,C0170,2025-03-25,39.99
TXN010650,C0068,2025-03-25,79.99
TXN017449,C0032,2025-03-25,99.99
TXN016568,C0169,2025-03-25,59.99
TXN004345,C0020,2025-03-25,16.93
TXN006374,C0107,2025-03-25,149.99
TXN013144,C0255,2025-03-25,99.99
TXN014518,C0286,2025-03-25,19.99
TXN003700,C0071,2025-03-25,49.99
TXN009857,C0230,2025-03-25,19.99
TXN010064,C0335,2025-03-26,39.99
TXN018196,C0047,2025-03-26,29.99
TXN008309,C0238,2025-03-26,50.48
TXN018432,C0313,2025-03-26,39.99
TXN014950,C0160,2025-03-26,79.99
TXN007306,C0063,2025-03-26,39.99
TXN005361,C0157,2025-03-26,59.99
TXN002463,C0175,2025-03-26,19.99
TXN009463,C0186,2025-03-26,39.99
TXN000543,C0064,2025-03-26,149.99
TXN015914,C0186,2025-03-26,39.99
TXN016934,C0083,2025-03-26,29.99
TXN013297,C0248,2025-03-26,59.99
TXN000055,C0225,2025-03-26,29.99
TXN004622,C0014,2025-03-26,29.99
TXN006359,C0150,2025-03-26,85.73
TXN015210,C0307,2025-03-26,46.17
TXN010052,C0226,2025-03-26,149.99
TXN017881,C0048,2025-03-26,59.99
TXN001055,C0020,2025-03-26,19.99
TXN010297,C0155,2025-03-26,39.99
TXN010726,C0141,2025-03-26,59.99
TXN002604,C0222,2025-03-26,59.99
TXN010028,C0323,2025-03-26,99.99
TXN009458,C0261,2025-03-26,49.99
TXN013208,C0134,2025-03-26,99.99
TXN008634,C0026,2025-03-26,71.65
TXN018230,C0202,2025-03-26,19.99
TXN017011,C0339,2025-03-26,39.99
TXN009043,C0220,2025-03-26,29.99
TXN013612,C0318,2025-03-26,39.99
TXN018053,C0218,2025-03-26,29.99
TXN008236,C0095,2025-03-26,19.99
TXN008984,C0097,2025-03-26,129.99
TXN001848,C0116,2025-03-26,29.99
TXN006292,C0150,2025-03-27,99.99
TXN006223,C0188,2025-03-27,49.99
TXN010425,C0147,2025-03-27,16.4
TXN011756,C0344,2025-03-27,129.99
TXN005063,C0098,2025-03-27,17.57
TXN016315,C0120,2025-03-27,29.99
TXN003647,C0043,2025-03-27,29.99
TXN018276,C0234,2025-03-27,79.99
TXN015079,C0220,2025-03-27,29.99
TXN006561,C0132,2025-03-27,49.99
TXN014402,C0200,2025-03-27,29.99
TXN018429,C0016,2025-03-27,149.99
TXN006523,C0164,2025-03-27,49.99
TXN006066,C0144,2025-03-27,19.99
TXN003626,C0257,2025-03-27,19.99
TXN006191,C0141,2025-03-27,59.99
TXN004719,C0169,2025-03-27,59.99
TXN001193,C0168,2025-03-27,39.99
TXN008156,C0204,2025-03-27,39.99
TXN018042,C0093,2025-03-27,19.99
TXN011496,C0341,2025-03-27,49.99
TXN013943,C0051,2025-03-27,29.99
TXN008382,C0342,2025-03-27,59.99
TXN011886,C0032,2025-03-27,72.56
TXN006393,C0163,2025-03-27,29.99
TXN018166,C0181,2025-03-27,99.99
TXN017986,C0092,2025-03-27,25.48
TXN012368,C0252,2025-03-27,49.99
TXN005478,C0318,2025-03-27,39.99
TXN000479,C0279,2025-03-27,19.99
TXN009726,C0019,2025-03-27,59.99
TXN003148,C0046,2025-03-27,79.99
TXN010944,C0229,2025-03-27,41.05
TXN017203,C0112,2025-03-27,49.99
TXN002435,C0089,2025-03-27,79.99
TXN009951,C0254,2025-03-27,79.99
TXN004292,C0167,2025-03-27,39.99
TXN005856,C0195,2025-03-27,15.01
TXN009605,C0150,2025-03-27,99.99
TXN001164,C0083,2025-03-27,29.99
TXN005734,C0001,2025-03-27,19.99
TXN015372,C0072,2025-03-27,29.99
TXN013141,C0229,2025-03-28,41.96
TXN016006,C0228,2025-03-28,56.12
TXN004129,C0320,2025-03-28,199.99
TXN002388,C0223,2025-03-28,19.99
TXN009168,C0008,2025-03-28,29.99
TXN008336,C0332,2025-03-28,19.99
TXN014478,C0274,2025-03-28,29.99
TXN010933,C0147,2025-03-28,19.99
TXN007632,C0097,2025-03-28,101.25
TXN016628,C0102,2025-03-28,39.99
TXN015800,C0043,2025-03-28,29.99
TXN013879,C0167,2025-03-28,39.99
TXN002739,C0086,2025-03-28,59.99
TXN003256,C0037,2025-03-28,99.99
TXN016917,C0265,2025-03-28,49.99
TXN010388,C0121,2025-03-28,59.99
TXN000989,C0225,2025-03-28,29.99
TXN000886,C0257,2025-03-28,19.99
TXN004639,C0174,2025-03-28,29.99
TXN004417,C0303,2025-03-28,19.99
TXN000533,C0288,2025-03-28,16.87
TXN006148,C0141,2025-03-28,59.99
TXN001221,C0131,2025-03-28,52.14
TXN000997,C0148,2025-03-28,149.99
TXN000966,C0260,2025-03-28,59.99
TXN015050,C0158,2025-03-28,79.99
TXN005984,C0317,2025-03-28,29.99
TXN016787,C0254,2025-03-28,79.99
TXN018054,C0059,2025-03-28,37.42
TXN001192,C0238,2025-03-28,59.99
TXN015913,C0004,2025-03-28,99.99
TXN008242,C0034,2025-03-28,49.99
TXN016518,C0146,2025-03-29,199.99
TXN002528,C0178,2025-03-29,59.99
TXN010759,C0100,2025-03-29,49.99
TXN012879,C0008,2025-03-29,29.99
TXN016768,C0342,2025-03-29,59.99
TXN015453,C0039,2025-03-29,49.99
TXN000555,C0120,2025-03-29,29.99
TXN013770,C0251,2025-03-29,41.45
TXN012202,C0304,2025-03-29,49.99
TXN015607,C0318,2025-03-29,39.99
TXN003404,C0125,2025-03-29,40.96
TXN005091,C0083,2025-03-29,29.99
TXN017308,C0301,2025-03-29,79.99
TXN004476,C0002,2025-03-29,29.99
TXN005963,C0012,2025-03-29,49.99
TXN015787,C0100,2025-03-29,49.99
TXN001802,C0149,2025-03-29,39.99
TXN000065,C0031,2025-03-29,19.99
TXN008966,C0045,2025-03-29,51.18
TXN001130,C0340,2025-03-29,39.99
TXN002146,C0097,2025-03-29,129.99
TXN010931,C0133,2025-03-29,59.99
TXN004791,C0345,2025-03-29,40.05
TXN008590,C0151,2025-03-29,79.99
TXN016755,C0131,2025-03-29,51.44
TXN016282,C0167,2025-03-29,39.99
TXN013292,C0314,2025-03-29,59.99
TXN004582,C0046,2025-03-29,79.99
TXN013190,C0340,2025-03-29,39.99
TXN000860,C0241,2025-03-29,129.99
TXN016667,C0331,2025-03-30,59.99
TXN003504,C0077,2025-03-30,99.99
TXN014875,C0247,2025-03-30,36.98
TXN014680,C0108,2025-03-30,19.99
TXN014963,C0270,2025-03-30,49.99
TXN007104,C0308,2025-03-30,29.99
TXN014949,C0139,2025-03-30,53.72
TXN014755,C0067,2025-03-30,39.99
TXN002187,C0031,2025-03-30,19.99
TXN001598,C0184,2025-03-30,19.99
TXN013828,C0318,2025-03-30,39.99
TXN017245,C0139,2025-03-30,59.99
TXN011828,C0026,2025-03-30,79.99
TXN017027,C0203,2025-03-30,129.99
TXN014835,C0155,2025-03-30,39.99
TXN000430,C0016,2025-03-30,149.99
TXN015193,C0068,2025-03-30,79.99
TXN003770,C0127,2025-03-30,29.99
TXN001496,C0259,2025-03-30,59.99
TXN002475,C0283,2025-03-30,32.23
TXN005064,C0138,2025-03-30,59.99
TXN003222,C0268,2025-03-30,59.99
TXN010973,C0141,2025-03-30,59.99
TXN012990,C0065,2025-03-30,29.99
TXN017642,C0291,2025-03-30,49.99
TXN003758,C0017,2025-03-30,59.99
TXN004873,C0048,2025-03-30,59.99
TXN010000,C0124,2025-03-30,59.99
TXN002642,C0349,2025-03-30,129.99
TXN017723,C0261,2025-03-30,49.99
TXN009789,C0115,2025-03-30,59.99
TXN002375,C0340,2025-03-30,39.99
TXN014168,C0149,2025-03-30,35.52
TXN005664,C0202,2025-03-30,19.99
TXN002197,C0344,2025-03-31,129.99
TXN002086,C0200,2025-03-31,26.89
TXN009669,C0082,2025-03-31,29.99
TXN016584,C0263,2025-03-31,34.71
TXN015622,C0139,2025-03-31,48.4
TXN017781,C0041,2025-03-31,49.99
TXN006566,C0201,2025-03-31,129.99
TXN011985,C0229,2025-03-31,49.99
TXN014841,C0126,2025-03-31,83.82
TXN018204,C0288,2025-03-31,19.99
TXN010900,C0261,2025-03-31,49.99
TXN008793,C0013,2025-03-31,59.99
TXN003144,C0307,2025-03-31,43.08
TXN013352,C0100,2025-03-31,49.99
TXN015675,C0039,2025-03-31,49.99
TXN000349,C0303,2025-03-31,19.99
TXN015700,C0339,2025-03-31,39.99
TXN004089,C0102,2025-03-31,39.99
TXN011939,C0155,2025-03-31,39.99
TXN014917,C0048,2025-03-31,59.99
TXN007102,C0175,2025-03-31,19.99
TXN015232,C0167,2025-03-31,39.99
TXN001078,C0346,2025-03-31,199.99
TXN007115,C0121,2025-03-31,59.99
TXN009276,C0111,2025-03-31,99.99
TXN005703,C0220,2025-03-31,29.99
TXN006323,C0122,2025-03-31,149.99
TXN014172,C0304,2025-03-31,49.99
TXN017120,C0254,2025-03-31,79.99
TXN009578,C0217,2025-03-31,29.99
TXN013234,C0248,2025-03-31,59.99
TXN005794,C0178,2025-04-01,59.99
TXN002763,C0121,2025-04-01,59.99
TXN014953,C0231,2025-04-01,59.99
TXN013393,C0329,2025-04-01,99.99
TXN008999,C0243,2025-04-01,29.99
TXN001044,C0124,2025-04-01,59.99
TXN008989,C0130,2025-04-01,100.08
TXN008469,C0020,2025-04-01,19.99
TXN018127,C0284,2025-04-01,29.99
TXN004505,C0205,2025-04-01,14.7
TXN005459,C0226,2025-04-01,149.99
TXN014450,C0313,2025-04-01,39.99
TXN001947,C0119,2025-04-01,42.89
TXN016488,C0187,2025-04-01,35.18
TXN012932,C0175,2025-04-01,14.99
TXN013787,C0129,2025-04-01,99.99
TXN010959,C0275,2025-04-01,19.99
TXN012572,C0310,2025-04-01,19.99
TXN002906,C0086,2025-04-01,59.99
TXN016508,C0088,2025-04-01,99.99
TXN010344,C0218,2025-04-01,29.99
TXN007239,C0339,2025-04-02,39.99
TXN003937,C0338,2025-04-02,49.99
TXN001657,C0216,2025-04-02,39.99
TXN013875,C0220,2025-04-02,29.99
TXN009798,C0160,2025-04-02,79.99
TXN002542,C0099,2025-04-02,29.99
TXN017823,C0295,2025-04-02,34.67
TXN017750,C0062,2025-04-02,29.99
TXN014826,C0168,2025-04-02,39.99
TXN006594,C0332,2025-04-02,19.99
TXN011692,C0237,2025-04-02,29.99
TXN005270,C0186,2025-04-02,39.99
TXN011927,C0272,2025-04-02,59.99
TXN010171,C0101,2025-04-02,129.99
TXN002444,C0101,2025-04-02,129.99
TXN016035,C0288,2025-04-02,19.99
TXN002584,C0287,2025-04-02,49.99
TXN005501,C0216,2025-04-02,39.99
TXN000392,C0336,2025-04-02,19.99
TXN004090,C0198,2025-04-02,59.99
TXN005082,C0215,2025-04-02,39.99
TXN007433,C0263,2025-04-02,35.83
TXN007253,C0282,2025-04-02,29.99
TXN003904,C0219,2025-04-02,59.99
TXN006830,C0007,2025-04-02,39.99
TXN017392,C0210,2025-04-02,79.99
TXN016138,C0178,2025-04-02,59.99
TXN014577,C0072,2025-04-02,29.99
TXN016247,C0336,2025-04-02,19.99
TXN004948,C0244,2025-04-02,79.99
TXN008801,C0229,2025-04-02,49.99
TXN010934,C0100,2025-04-02,49.99
TXN009957,C0096,2025-04-02,49.99
TXN003920,C0348,2025-04-02,29.99
TXN014688,C0131,2025-04-02,48.64
TXN005290,C0338,2025-04-02,49.99
TXN013177,C0149,2025-04-02,39.99
TXN010918,C0129,2025-04-02,99.99
TXN009979,C0205,2025-04-02,19.99
TXN012005,C0018,2025-04-02,29.99
TXN003329,C0224,2025-04-02,49.99
TXN014420,C0234,2025-04-02,79.99
TXN013328,C0078,2025-04-02,49.99
TXN010611,C0245,2025-04-03,39.99
TXN003400,C0097,2025-04-03,129.99
TXN008144,C0315,2025-04-03,79.99
TXN003737,C0095,2025-04-03,19.99
TXN015698,C0230,2025-04-03,19.99
TXN001964,C0210,2025-04-03,79.99
TXN013067,C0071,2025-04-03,49.99
TXN010626,C0306,2025-04-03,29.99
TXN008112,C0103,2025-04-03,49.99
TXN004758,C0093,2025-04-03,19.99
TXN015396,C0350,2025-04-03,19.99
TXN006526,C0200,2025-04-03,29.99
TXN015173,C0071,2025-04-03,36.57
TXN002236,C0307,2025-04-03,53.54
TXN008030,C0265,2025-04-03,37.68
TXN017198,C0312,2025-04-03,61.47
TXN007976,C0123,2025-04-03,19.99
TXN007339,C0108,2025-04-03,19.99
TXN006552,C0104,2025-04-03,14.95
TXN004801,C0160,2025-04-03,79.99
TXN015919,C0071,2025-04-03,49.99
TXN010148,C0346,2025-04-03,199.99
TXN008502,C0256,2025-04-03,29.99
TXN008065,C0302,2025-04-03,49.99
TXN012035,C0005,2025-04-03,29.99
TXN009846,C0304,2025-04-03,49.99
TXN013180,C0215,2025-04-03,39.99
TXN009603,C0341,2025-04-03,49.99
TXN008778,C0081,2025-04-03,43.45
TXN015367,C0323,2025-04-03,99.99
TXN006572,C0227,2025-04-03,49.99
TXN014332,C0111,2025-04-03,99.99
TXN009841,C0151,2025-04-04,79.99
TXN003160,C0225,2025-04-04,25.55
TXN017408,C0075,2025-04-04,49.99
TXN006837,C0023,2025-04-04,49.99
TXN000335,C0127,2025-04-04,29.99
TXN001410,C0186,2025-04-04,39.99
TXN009833,C0072,2025-04-04,29.99
TXN003137,C0036,2025-04-04,49.99
TXN016730,C0046,2025-04-04,79.99
TXN014366,C0276,2025-04-04,79.99
TXN011499,C0079,2025-04-04,29.99
TXN016686,C0189,2025-04-04,49.99
TXN004060,C0261,2025-04-04,49.99
TXN013101,C0335,2025-04-04,39.99
TXN007633,C0191,2025-04-04,79.99
TXN017643,C0346,2025-04-04,199.99
TXN002299,C0142,2025-04-04,39.99
TXN009422,C0231,2025-04-04,59.99
TXN009408,C0087,2025-04-04,49.99
TXN009929,C0209,2025-04-04,39.99
TXN016523,C0172,2025-04-04,29.99
TXN001714,C0175,2025-04-04,15.78
TXN016369,C0094,2025-04-04,29.99
TXN018161,C0322,2025-04-04,49.99
TXN000482,C0341,2025-04-04,35.25
TXN008873,C0323,2025-04-04,99.99
TXN015136,C0048,2025-04-04,59.99
TXN012588,C0060,2025-04-04,39.99
TXN009027,C0046,2025-04-04,79.99
TXN011614,C0223,2025-04-04,19.99
TXN002634,C0305,2025-04-04,149.99
TXN001904,C0088,2025-04-04,99.99
TXN002832,C0164,2025-04-04,49.99
TXN005787,C0089,2025-04-05,79.99
TXN004997,C0318,2025-04-05,39.99
TXN006591,C0253,2025-04-05,29.99
TXN008232,C0045,2025-04-05,59.99
TXN002574,C0256,2025-04-05,29.99
TXN014788,C0260,2025-04-05,59.99
TXN002020,C0093,2025-04-05,15.0
TXN009185,C0179,2025-04-05,49.99
TXN016949,C0317,2025-04-05,29.99
TXN016938,C0171,2025-04-05,49.99
TXN004901,C0185,2025-04-05,39.99
TXN017487,C0213,2025-04-05,59.99
TXN012869,C0273,2025-04-05,199.99
TXN015051,C0022,2025-04-05,24.41
TXN011757,C0231,2025-04-05,59.99
TXN005357,C0200,2025-04-05,29.99
TXN017041,C0252,2025-04-05,42.06
TXN010208,C0236,2025-04-05,29.99
TXN017275,C0029,2025-04-05,39.99
TXN014090,C0143,2025-04-05,59.99
TXN008460,C0324,2025-04-05,49.99
TXN012038,C0245,2025-04-05,39.99
TXN001722,C0204,2025-04-05,39.99
TXN005846,C0304,2025-04-05,49.99
TXN003226,C0125,2025-04-05,49.99
TXN007144,C0168,2025-04-05,39.99
TXN004937,C0181,2025-04-05,99.99
TXN004472,C0270,2025-04-05,49.99
TXN012599,C0268,2025-04-05,53.86
TXN002361,C0067,2025-04-05,39.99
TXN013241,C0038,2025-04-05,129.99
TXN007269,C0258,2025-04-05,19.99
TXN004762,C0122,2025-04-06,149.99
TXN007720,C0034,2025-04-06,49.99
TXN017572,C0181,2025-04-06,99.99
TXN013306,C0255,2025-04-06,99.99
TXN004335,C0223,2025-04-06,19.99
TXN002897,C0105,2025-04-06,29.99
TXN011025,C0236,2025-04-06,29.99
TXN004549,C0014,2025-04-06,25.7
TXN010526,C0038,2025-04-06,129.99
TXN018097,C0105,2025-04-06,29.99
TXN009818,C0076,2025-04-06,39.99
TXN011764,C0205,2025-04-06,19.99
TXN009947,C0143,2025-04-06,59.99
TXN012486,C0239,2025-04-06,39.99
TXN013372,C0267,2025-04-06,29.99
TXN008834,C0040,2025-04-06,39.99
TXN007741,C0258,2025-04-06,19.99
TXN010220,C0219,2025-04-06,59.99
TXN007156,C0323,2025-04-06,99.99
TXN007446,C0268,2025-04-06,59.99
TXN006236,C0279,2025-04-06,14.23
TXN008819,C0020,2025-04-06,19.99
TXN009280,C0315,2025-04-06,79.99
TXN000245,C0079,2025-04-06,29.99
TXN006240,C0306,2025-04-06,24.9
TXN011103,C0141,2025-04-06,59.99
TXN000283,C0319,2025-04-06,29.99
TXN008353,C0237,2025-04-06,29.99
TXN010014,C0139,2025-04-06,59.99
TXN000498,C0041,2025-04-06,49.99
TXN005485,C0027,2025-04-06,49.99
TXN015375,C0204,2025-04-06,39.99
TXN005730,C0208,2025-04-06,39.99
TXN006931,C0044,2025-04-06,59.99
TXN005032,C0335,2025-04-06,39.99
TXN005568,C0301,2025-04-06,79.99
TXN007524,C0208,2025-04-06,39.99
TXN017770,C0310,2025-04-06,19.99
TXN013502,C0214,2025-04-06,59.99
TXN006414,C0328,2025-04-06,29.99
TXN016470,C0272,2025-04-06,59.99
TXN011603,C0189,2025-04-07,49.99
TXN009972,C0108,2025-04-07,19.99
TXN009942,C0041,2025-04-07,49.99
TXN004276,C0230,2025-04-07,19.99
TXN004208,C0204,2025-04-07,39.99
TXN002678,C0055,2025-04-07,35.01
TXN005349,C0209,2025-04-07,39.99
TXN011846,C0189,2025-04-07,49.99
TXN011598,C0317,2025-04-07,29.99
TXN005169,C0324,2025-04-07,39.78
TXN001400,C0191,2025-04-07,79.99
TXN011874,C0066,2025-04-07,50.68
TXN017280,C0028,2025-04-07,29.25
TXN010769,C0231,2025-04-07,59.99
TXN017812,C0216,2025-04-07,39.99
TXN004424,C0184,2025-04-07,19.99
TXN007485,C0191,2025-04-07,64.77
TXN002239,C0147,2025-04-07,19.99
TXN017956,C0067,2025-04-07,39.99
TXN005283,C0044,2025-04-07,42.65
TXN011720,C0083,2025-04-07,29.99
TXN007708,C0304,2025-04-07,36.84
TXN007951,C0053,2025-04-07,29.99
TXN009954,C0248,2025-04-07,59.99
TXN013914,C0041,2025-04-07,49.99
TXN002471,C0107,2025-04-07,149.99
TXN011489,C0323,2025-04-07,99.99
TXN003755,C0144,2025-04-07,19.99
TXN017478,C0038,2025-04-07,129.99
TXN016704,C0282,2025-04-07,29.99
TXN003152,C0238,2025-04-08,59.99
TXN006398,C0257,2025-04-08,19.99
TXN001956,C0197,2025-04-08,19.99
TXN016223,C0324,2025-04-08,49.99
TXN013855,C0066,2025-04-08,59.99
TXN017222,C0223,2025-04-08,17.87
TXN008284,C0257,2025-04-08,19.99
TXN008104,C0123,2025-04-08,17.43
TXN005332,C0064,2025-04-08,149.99
TXN012254,C0345,2025-04-08,49.99
TXN017226,C0340,2025-04-08,39.99
TXN001654,C0258,2025-04-08,16.26
TXN013679,C0301,2025-04-08,79.99
TXN008330,C0092,2025-04-08,29.99
TXN016077,C0251,2025-04-08,49.99
TXN017994,C0105,2025-04-08,29.99
TXN003244,C0079,2025-04-08,29.99
TXN001694,C0198,2025-04-08,59.99
TXN009832,C0335,2025-04-08,39.99
TXN015422,C0116,2025-04-08,29.99
TXN010481,C0205,2025-04-08,19.99
TXN010684,C0288,2025-04-08,19.99
TXN013644,C0201,2025-04-08,129.99
TXN013504,C0208,2025-04-08,39.99
TXN015596,C0078,2025-04-08,49.99
TXN013643,C0248,2025-04-08,59.99
TXN002205,C0108,2025-04-08,19.99
TXN012079,C0189,2025-04-08,49.99
TXN003251,C0289,2025-04-08,79.99
TXN008449,C0192,2025-04-08,79.99
TXN015300,C0334,2025-04-08,29.99
TXN015545,C0181,2025-04-08,99.99
TXN003795,C0187,2025-04-08,39.99
TXN012690,C0144,2025-04-08,19.99
TXN008783,C0213,2025-04-08,59.99
TXN009961,C0186,2025-04-08,31.31
TXN000532,C0114,2025-04-08,44.47
TXN003218,C0324,2025-04-08,49.99
TXN011380,C0043,2025-04-08,29.99
TXN002118,C0051,2025-04-08,26.09
TXN017097,C0171,2025-04-08,42.57
TXN000114,C0064,2025-04-08,149.99
TXN016433,C0238,2025-04-08,59.99
TXN016288,C0304,2025-04-08,49.99
TXN005456,C0014,2025-04-09,29.99
TXN000369,C0335,2025-04-09,39.99
TXN013952,C0144,2025-04-09,19.99
TXN010552,C0089,2025-04-09,79.99
TXN003257,C0151,2025-04-09,79.99
TXN000002,C0252,2025-04-09,37.74
TXN018378,C0318,2025-04-09,39.99
TXN012479,C0323,2025-04-09,99.99
TXN015274,C0281,2025-04-09,73.73
TXN014433,C0058,2025-04-09,49.99
TXN005398,C0134,2025-04-09,99.99
TXN006494,C0066,2025-04-09,59.99
TXN011346,C0151,2025-04-09,79.99
TXN005908,C0168,2025-04-09,39.99
TXN016294,C0262,2025-04-09,29.99
TXN005972,C0238,2025-04-09,59.99
TXN003781,C0004,2025-04-09,99.99
TXN003307,C0282,2025-04-09,29.99
TXN004751,C0036,2025-04-09,49.99
TXN015179,C0017,2025-04-09,59.99
TXN005931,C0099,2025-04-09,29.99
TXN016693,C0239,2025-04-09,33.92
TXN005190,C0038,2025-04-09,129.99
TXN010612,C0092,2025-04-09,29.99
TXN010228,C0041,2025-04-09,49.99
TXN013197,C0160,2025-04-09,66.98
TXN018099,C0158,2025-04-09,67.05
TXN016670,C0214,2025-04-09,59.99
TXN003883,C0350,2025-04-09,19.99
TXN002591,C0285,2025-04-09,39.99
TXN016717,C0217,2025-04-09,29.99
TXN007049,C0088,2025-04-09,99.99
TXN009434,C0237,2025-04-09,21.44
TXN018375,C0322,2025-04-09,40.16
TXN015523,C0141,2025-04-09,59.99
TXN002815,C0118,2025-04-09,39.99
TXN013149,C0192,2025-04-09,79.99
TXN012142,C0207,2025-04-09,29.99
TXN000090,C0307,2025-04-10,59.99
TXN018049,C0304,2025-04-10,49.99
TXN003609,C0245,2025-04-10,39.99
TXN008362,C0037,2025-04-10,99.99
TXN018079,C0288,2025-04-10,19.99
TXN002427,C0031,2025-04-10,17.44
TXN008177,C0190,2025-04-10,59.99
TXN017171,C0344,2025-04-10,104.23
TXN014406,C0285,2025-04-10,29.26
TXN013280,C0295,2025-04-10,39.99
TXN011377,C0010,2025-04-10,59.99
TXN016698,C0044,2025-04-10,50.6
TXN006944,C0249,2025-04-10,19.99
TXN012610,C0062,2025-04-10,24.87
TXN015683,C0007,2025-04-10,28.2
TXN009048,C0060,2025-04-10,39.99
TXN004594,C0006,2025-04-10,149.99
TXN005081,C0331,2025-04-10,59.99
TXN010422,C0047,2025-04-10,29.99
TXN010456,C0323,2025-04-10,99.99
TXN001530,C0174,2025-04-10,29.99
TXN018120,C0273,2025-04-10,161.8
TXN011772,C0311,2025-04-10,49.99
TXN012536,C0324,2025-04-10,49.99
TXN017360,C0329,2025-04-10,99.99
TXN002675,C0014,2025-04-10,29.99
TXN017082,C0153,2025-04-10,79.99
TXN014234,C0072,2025-04-11,29.99
TXN000329,C0060,2025-04-11,39.99
TXN016964,C0349,2025-04-11,129.99
TXN002946,C0082,2025-04-11,29.99
TXN012721,C0274,2025-04-11,29.99
TXN004670,C0068,2025-04-11,79.99
TXN014461,C0085,2025-04-11,79.99
TXN004553,C0081,2025-04-11,47.78
TXN015997,C0095,2025-04-11,19.99
TXN015608,C0044,2025-04-11,59.99
TXN015992,C0118,2025-04-11,39.99
TXN003768,C0341,2025-04-11,49.99
TXN008060,C0160,2025-04-11,79.99
TXN010563,C0241,2025-04-11,129.99
TXN002512,C0020,2025-04-11,14.62
TXN009190,C0058,2025-04-11,49.99
TXN009096,C0029,2025-04-11,35.5
TXN005407,C0218,2025-04-11,29.99
TXN002062,C0117,2025-04-11,19.99
TXN002426,C0129,2025-04-11,99.99
TXN004227,C0101,2025-04-11,129.99
TXN008951,C0212,2025-04-11,28.28
TXN008263,C0198,2025-04-11,46.49
TXN016287,C0036,2025-04-11,49.99
TXN009665,C0114,2025-04-11,49.99
TXN006319,C0007,2025-04-11,39.99
TXN007789,C0085,2025-04-11,79.99
TXN016286,C0218,2025-04-11,29.99
TXN006779,C0160,2025-04-11,79.99
TXN007333,C0085,2025-04-11,79.99
TXN010106,C0111,2025-04-11,99.99
TXN011029,C0144,2025-04-11,19.99
TXN010053,C0314,2025-04-11,59.99
TXN015782,C0069,2025-04-12,29.99
TXN007088,C0090,2025-04-12,49.99
TXN004669,C0323,2025-04-12,99.99
TXN000073,C0290,2025-04-12,29.99
TXN014277,C0027,2025-04-12,49.99
TXN004045,C0309,2025-04-12,49.99
TXN010847,C0081,2025-04-12,59.99
TXN003672,C0301,2025-04-12,79.99
TXN002358,C0160,2025-04-12,79.99
TXN009699,C0135,2025-04-12,49.99
TXN017344,C0026,2025-04-12,57.54
TXN001935,C0242,2025-04-12,28.07
TXN001452,C0289,2025-04-12,79.99
TXN001841,C0322,2025-04-12,49.99
TXN016183,C0300,2025-04-12,49.99
TXN009587,C0258,2025-04-12,19.99
TXN008925,C0111,2025-04-12,83.94
TXN006484,C0142,2025-04-12,39.99
TXN013311,C0201,2025-04-12,95.0
TXN012422,C0070,2025-04-12,149.99
TXN013544,C0217,2025-04-12,29.99
TXN002403,C0197,2025-04-12,19.99
TXN003955,C0046,2025-04-12,79.99
TXN005453,C0037,2025-04-12,99.99
TXN012901,C0076,2025-04-12,39.99
TXN004064,C0083,2025-04-12,29.99
TXN009693,C0208,2025-04-12,39.99
TXN003827,C0349,2025-04-12,129.99
TXN018061,C0191,2025-04-12,79.99
TXN000291,C0022,2025-04-12,29.99
TXN006885,C0081,2025-04-12,59.99
TXN011032,C0326,2025-04-12,19.99
TXN008161,C0020,2025-04-12,19.99
TXN016170,C0265,2025-04-12,49.99
TXN016074,C0318,2025-04-12,39.99
TXN018331,C0321,2025-04-12,129.99
TXN007681,C0303,2025-04-12,19.99
TXN003230,C0326,2025-04-12,19.99
TXN000248,C0203,2025-04-12,129.99
TXN001510,C0184,2025-04-12,19.99
TXN015058,C0282,2025-04-12,29.99
TXN014725,C0019,2025-04-12,59.99
TXN004061,C0028,2025-04-13,39.99
TXN016911,C0267,2025-04-13,29.99
TXN017101,C0257,2025-04-13,19.99
TXN009781,C0219,2025-04-13,59.99
TXN015345,C0287,2025-04-13,49.99
TXN008522,C0092,2025-04-13,29.99
TXN011695,C0138,2025-04-13,59.99
TXN015069,C0176,2025-04-13,59.99
TXN006960,C0222,2025-04-13,51.77
TXN007070,C0238,2025-04-13,59.99
TXN010113,C0055,2025-04-13,49.99
TXN003645,C0115,2025-04-13,59.99
TXN015860,C0082,2025-04-13,29.99
TXN006115,C0112,2025-04-13,39.15
TXN007263,C0164,2025-04-13,49.99
TXN012874,C0121,2025-04-13,59.99
TXN013204,C0140,2025-04-13,29.99
TXN009866,C0032,2025-04-13,99.99
TXN002119,C0118,2025-04-13,39.99
TXN003832,C0133,2025-04-13,59.99
TXN003794,C0169,2025-04-13,59.99
TXN012450,C0238,2025-04-13,52.71
TXN011233,C0269,2025-04-13,39.99
TXN010693,C0250,2025-04-13,59.99
TXN012518,C0298,2025-04-13,199.99
TXN010519,C0127,2025-04-13,23.25
TXN001987,C0024,2025-04-13,99.99
TXN014593,C0014,2025-04-13,29.99
TXN007221,C0093,2025-04-13,19.99
TXN003187,C0101,2025-04-13,129.99
TXN015066,C0226,2025-04-13,149.99
TXN009677,C0074,2025-04-13,29.99
TXN005574,C0164,2025-04-13,49.99
TXN007943,C0306,2025-04-13,29.99
TXN013284,C0150,2025-04-13,99.99
TXN004413,C0011,2025-04-13,49.99
TXN010749,C0074,2025-04-13,29.99
TXN005477,C0048,2025-04-13,59.99
TXN009251,C0186,2025-04-13,39.99
TXN000425,C0276,2025-04-13,79.99
TXN010658,C0130,2025-04-14,129.99
TXN014231,C0308,2025-04-14,29.99
TXN004922,C0124,2025-04-14,59.99
TXN014885,C0194,2025-04-14,149.99
TXN011531,C0075,2025-04-14,39.9
TXN004967,C0289,2025-04-14,79.99
TXN010078,C0149,2025-04-14,39.99
TXN004525,C0124,2025-04-14,59.99
TXN009513,C0237,2025-04-14,29.99
TXN009403,C0254,2025-04-14,79.99
TXN013255,C0083,2025-04-14,29.99
TXN004819,C0304,2025-04-14,49.99
TXN001440,C0099,2025-04-14,29.99
TXN004155,C0233,2025-04-14,59.99
TXN013327,C0245,2025-04-14,39.99
TXN013455,C0103,2025-04-14,49.99
TXN014774,C0092,2025-04-14,29.99
TXN004138,C0170,2025-04-14,31.19
TXN008785,C0345,2025-04-14,49.99
TXN016986,C0015,2025-04-14,176.56
TXN007294,C0001,2025-04-14,19.99
TXN005691,C0043,2025-04-14,29.99
TXN010925,C0144,2025-04-14,19.99
TXN013839,C0079,2025-04-14,29.99
TXN010393,C0301,2025-04-14,79.99
TXN016839,C0293,2025-04-14,59.99
TXN008876,C0256,2025-04-14,29.99
TXN015947,C0159,2025-04-14,79.99
TXN013647,C0168,2025-04-14,39.99
TXN004120,C0256,2025-04-14,29.99
TXN001753,C0214,2025-04-14,59.99
TXN015774,C0158,2025-04-14,79.99
TXN016398,C0107,2025-04-14,149.99
TXN010836,C0311,2025-04-14,49.99
TXN013201,C0221,2025-04-15,49.99
TXN011754,C0147,2025-04-15,19.99
TXN006645,C0285,2025-04-15,39.99
TXN005365,C0287,2025-04-15,49.99
TXN008815,C0247,2025-04-15,49.99
TXN008379,C0045,2025-04-15,59.99
TXN010637,C0134,2025-04-15,99.99
TXN009180,C0189,2025-04-15,49.99
TXN004481,C0252,2025-04-15,49.99
TXN007691,C0156,2025-04-15,39.99
TXN000772,C0346,2025-04-15,199.99
TXN008345,C0127,2025-04-15,29.99
TXN004146,C0021,2025-04-15,19.99
TXN008016,C0149,2025-04-15,39.99
TXN007888,C0114,2025-04-15,49.99
TXN016306,C0335,2025-04-15,39.99
TXN001176,C0002,2025-04-15,29.99
TXN005497,C0317,2025-04-15,29.99
TXN014511,C0124,2025-04-15,59.99
TXN010192,C0089,2025-04-15,79.99
TXN015099,C0310,2025-04-15,19.99
TXN001779,C0197,2025-04-15,19.99
TXN002093,C0261,2025-04-15,49.99
TXN012920,C0255,2025-04-15,99.99
TXN001711,C0115,2025-04-15,59.99
TXN016530,C0285,2025-04-15,39.99
TXN009838,C0347,2025-04-15,99.99
TXN015338,C0235,2025-04-15,99.99
TXN010384,C0284,2025-04-15,29.99
TXN000689,C0048,2025-04-15,59.99
TXN007686,C0177,2025-04-15,59.99
TXN013336,C0061,2025-04-15,49.99
TXN010774,C0190,2025-04-15,59.99
TXN005239,C0121,2025-04-15,59.99
TXN009996,C0230,2025-04-15,19.99
TXN000047,C0340,2025-04-15,39.99
TXN000552,C0089,2025-04-15,79.99
TXN003488,C0041,2025-04-15,49.99
TXN008439,C0055,2025-04-15,49.99
TXN000932,C0287,2025-04-15,49.99
TXN001165,C0096,2025-04-15,49.99
TXN002507,C0219,2025-04-16,59.99
TXN007754,C0101,2025-04-16,106.57
TXN013076,C0175,2025-04-16,19.99
TXN011294,C0277,2025-04-16,49.99
TXN010355,C0076,2025-04-16,39.99
TXN007839,C0002,2025-04-16,29.99
TXN008253,C0333,2025-04-16,39.99
TXN000765,C0111,2025-04-16,71.36
TXN011145,C0265,2025-04-16,49.99
TXN003689,C0070,2025-04-16,149.99
TXN012693,C0242,2025-04-16,39.99
TXN005839,C0273,2025-04-16,145.32
TXN009029,C0339,2025-04-16,31.98
TXN002225,C0189,2025-04-16,49.99
TXN015218,C0335,2025-04-16,39.99
TXN017369,C0018,2025-04-16,29.99
TXN003764,C0176,2025-04-16,59.99
TXN016201,C0056,2025-04-16,29.99
TXN004662,C0060,2025-04-16,39.99
TXN000822,C0100,2025-04-16,49.99
TXN008774,C0180,2025-04-16,29.63
TXN010911,C0287,2025-04-16,44.76
TXN012388,C0180,2025-04-16,39.99
TXN006870,C0060,2025-04-16,39.99
TXN013709,C0252,2025-04-16,49.99
TXN015807,C0078,2025-04-16,37.36
TXN001617,C0233,2025-04-16,59.99
TXN006312,C0275,2025-04-16,19.99
TXN009060,C0092,2025-04-16,29.99
TXN010065,C0120,2025-04-16,29.99
TXN002168,C0160,2025-04-16,79.99
TXN001534,C0073,2025-04-17,19.99
TXN014107,C0078,2025-04-17,49.99
TXN001635,C0239,2025-04-17,39.99
TXN010118,C0026,2025-04-17,79.99
TXN000439,C0257,2025-04-17,19.99
TXN012160,C0294,2025-04-17,49.99
TXN010490,C0258,2025-04-17,19.99
TXN011084,C0038,2025-04-17,129.99
TXN000573,C0342,2025-04-17,59.99
TXN012927,C0198,2025-04-17,59.99
TXN011668,C0041,2025-04-17,43.04
TXN006077,C0212,2025-04-17,39.99
TXN000215,C0244,2025-04-17,79.99
TXN015960,C0156,2025-04-17,39.99
TXN010271,C0334,2025-04-17,29.99
TXN012115,C0038,2025-04-17,129.99
TXN011282,C0045,2025-04-17,59.99
TXN008737,C0347,2025-04-17,99.99
TXN012648,C0324,2025-04-17,49.99
TXN011583,C0241,2025-04-17,129.99
TXN001015,C0294,2025-04-17,43.69
TXN008371,C0142,2025-04-17,39.99
TXN004849,C0341,2025-04-17,49.99
TXN015290,C0133,2025-04-17,59.99
TXN007027,C0294,2025-04-17,49.99
TXN018256,C0224,2025-04-17,44.36
TXN001083,C0219,2025-04-17,59.99
TXN017808,C0047,2025-04-17,29.99
TXN014743,C0041,2025-04-17,49.99
TXN006955,C0219,2025-04-17,59.99
TXN011979,C0346,2025-04-17,199.99
TXN008363,C0340,2025-04-17,39.99
TXN007770,C0124,2025-04-17,59.99
TXN015710,C0283,2025-04-17,39.99
TXN004099,C0289,2025-04-17,79.99
TXN005179,C0230,2025-04-17,19.99
TXN018257,C0002,2025-04-17,29.99
TXN003359,C0268,2025-04-17,59.99
TXN009535,C0241,2025-04-18,129.99
TXN005700,C0285,2025-04-18,39.99
TXN016420,C0092,2025-04-18,29.99
TXN000195,C0231,2025-04-18,59.99
TXN011482,C0065,2025-04-18,29.99
TXN011913,C0064,2025-04-18,110.47
TXN016217,C0340,2025-04-18,39.99
TXN001713,C0114,2025-04-18,49.99
TXN009302,C0336,2025-04-18,15.41
TXN009685,C0324,2025-04-18,49.99
TXN005675,C0143,2025-04-18,59.99
TXN009623,C0264,2025-04-18,49.99
TXN005347,C0164,2025-04-18,49.99
TXN001652,C0302,2025-04-18,49.99
TXN004062,C0128,2025-04-18,53.15
TXN007671,C0241,2025-04-18,129.99
TXN013597,C0156,2025-04-18,39.99
TXN015229,C0350,2025-04-18,19.99
TXN017732,C0346,2025-04-18,199.99
TXN010882,C0130,2025-04-18,129.99
TXN010948,C0026,2025-04-18,79.99
TXN002899,C0238,2025-04-18,59.99
TXN004160,C0026,2025-04-18,79.99
TXN017450,C0183,2025-04-18,49.99
TXN001450,C0075,2025-04-18,49.99
TXN000161,C0015,2025-04-18,156.1
TXN017347,C0090,2025-04-18,35.95
TXN000792,C0273,2025-04-18,172.18
TXN017291,C0132,2025-04-18,49.99
TXN002875,C0241,2025-04-18,129.99
TXN004358,C0084,2025-04-18,19.99
TXN016929,C0011,2025-04-18,35.58
TXN016919,C0333,2025-04-18,39.99
TXN003319,C0321,2025-04-18,129.99
TXN003159,C0216,2025-04-18,39.99
TXN004886,C0056,2025-04-19,29.99
TXN007932,C0222,2025-04-19,59.99
TXN003055,C0273,2025-04-19,199.99
TXN003954,C0313,2025-04-19,39.99
TXN008240,C0117,2025-04-19,19.99
TXN002294,C0115,2025-04-19,59.99
TXN010894,C0171,2025-04-19,49.99
TXN004111,C0135,2025-04-19,49.99
TXN004151,C0151,2025-04-19,79.99
TXN000745,C0147,2025-04-19,19.99
TXN015981,C0114,2025-04-19,49.99
TXN017276,C0189,2025-04-19,49.99
TXN016936,C0088,2025-04-19,99.99
TXN009147,C0130,2025-04-19,129.99
TXN011555,C0061,2025-04-19,49.99
TXN016343,C0014,2025-04-19,29.99
TXN013830,C0092,2025-04-19,29.99
TXN016157,C0174,2025-04-19,29.99
TXN016094,C0258,2025-04-19,19.99
TXN017060,C0186,2025-04-19,30.43
TXN012525,C0196,2025-04-19,29.99
TXN006515,C0276,2025-04-19,79.99
TXN002664,C0036,2025-04-19,49.99
TXN003453,C0254,2025-04-19,79.99
TXN013097,C0327,2025-04-19,79.99
TXN001395,C0157,2025-04-19,59.99
TXN013001,C0218,2025-04-19,29.99
TXN012943,C0127,2025-04-19,29.99
TXN014715,C0241,2025-04-19,129.99
TXN014169,C0282,2025-04-19,29.99
TXN006366,C0003,2025-04-20,29.99
TXN004614,C0093,2025-04-20,19.99
TXN012211,C0279,2025-04-20,19.99
TXN004367,C0329,2025-04-20,99.99
TXN012102,C0152,2025-04-20,49.99
TXN002561,C0290,2025-04-20,29.99
TXN003932,C0323,2025-04-20,99.99
TXN010079,C0284,2025-04-20,29.99
TXN014884,C0062,2025-04-20,29.99
TXN001999,C0349,2025-04-20,129.99
TXN010977,C0003,2025-04-20,29.99
TXN015543,C0177,2025-04-20,59.99
TXN005585,C0251,2025-04-20,49.99
TXN012054,C0258,2025-04-20,19.99
TXN012799,C0053,2025-04-20,29.99
TXN016961,C0099,2025-04-20,29.99
TXN016018,C0011,2025-04-20,49.99
TXN009691,C0279,2025-04-20,19.99
TXN017199,C0211,2025-04-20,49.99
TXN010444,C0205,2025-04-20,19.99
TXN004252,C0168,2025-04-20,39.99
TXN002073,C0257,2025-04-20,19.99
TXN011799,C0057,2025-04-20,99.99
TXN000789,C0343,2025-04-20,49.99
TXN012001,C0324,2025-04-20,49.99
TXN016833,C0246,2025-04-20,99.99
TXN001769,C0325,2025-04-20,59.99
TXN016826,C0058,2025-04-20,49.99
TXN004853,C0307,2025-04-20,59.99
TXN011990,C0214,2025-04-20,50.05
TXN017811,C0234,2025-04-20,79.99
TXN016086,C0031,2025-04-20,19.99
TXN008103,C0092,2025-04-20,29.99
TXN008115,C0316,2025-04-20,129.99
TXN012550,C0292,2025-04-20,99.99
TXN015059,C0065,2025-04-20,29.99
TXN003982,C0103,2025-04-20,49.99
TXN017818,C0263,2025-04-20,39.99
TXN013996,C0137,2025-04-20,129.99
TXN009987,C0282,2025-04-20,29.99
TXN010689,C0169,2025-04-20,59.99
TXN013979,C0024,2025-04-20,99.99
TXN013538,C0076,2025-04-20,39.99
TXN017852,C0132,2025-04-21,49.99
TXN002938,C0245,2025-04-21,39.99
TXN012785,C0208,2025-04-21,39.99
TXN017907,C0121,2025-04-21,44.15
TXN017595,C0026,2025-04-21,57.7
TXN013827,C0083,2025-04-21,29.99
TXN018024,C0303,2025-04-21,19.99
TXN012925,C0114,2025-04-21,49.99
TXN008620,C0274,2025-04-21,29.99
TXN016302,C0068,2025-04-21,79.99
TXN000611,C0161,2025-04-21,49.99
TXN009935,C0229,2025-04-21,44.49
TXN006582,C0348,2025-04-21,29.99
TXN007246,C0151,2025-04-21,79.99
TXN003714,C0183,2025-04-21,41.33
TXN011527,C0026,2025-04-21,79.99
TXN014189,C0058,2025-04-21,49.99
TXN001856,C0316,2025-04-21,129.99
TXN001179,C0219,2025-04-21,59.99
TXN011320,C0279,2025-04-21,19.99
TXN005706,C0086,2025-04-21,59.99
TXN004043,C0324,2025-04-21,49.99
TXN008983,C0291,2025-04-21,49.99
TXN003175,C0350,2025-04-21,19.99
TXN009893,C0279,2025-04-21,15.12
TXN005962,C0308,2025-04-22,29.99
TXN005712,C0020,2025-04-22,19.99
TXN007206,C0233,2025-04-22,59.99
TXN014561,C0218,2025-04-22,29.99
TXN017207,C0103,2025-04-22,49.99
TXN005679,C0039,2025-04-22,49.99
TXN005127,C0350,2025-04-22,19.99
TXN009263,C0044,2025-04-22,59.99
TXN001282,C0303,2025-04-22,19.99
TXN008816,C0315,2025-04-22,79.99
TXN008487,C0012,2025-04-22,49.99
TXN006787,C0077,2025-04-22,99.99
TXN003556,C0338,2025-04-22,49.99
TXN014845,C0330,2025-04-22,79.99
TXN016551,C0171,2025-04-22,49.99
TXN009794,C0225,2025-04-22,29.99
TXN003227,C0294,2025-04-22,49.99
TXN003074,C0321,2025-04-22,129.99
TXN016678,C0344,2025-04-22,129.99
TXN015585,C0172,2025-04-22,29.99
TXN015172,C0304,2025-04-22,49.99
TXN007840,C0017,2025-04-22,59.99
TXN015652,C0291,2025-04-22,49.99
TXN003634,C0289,2025-04-22,79.99
TXN015672,C0346,2025-04-22,199.99
TXN004942,C0026,2025-04-22,79.99
TXN014358,C0152,2025-04-22,44.3
TXN008758,C0098,2025-04-22,19.99
TXN001310,C0308,2025-04-22,29.99
TXN007468,C0138,2025-04-22,59.99
TXN010981,C0164,2025-04-22,49.99
TXN007571,C0274,2025-04-22,29.99
TXN013591,C0347,2025-04-22,99.99
TXN005193,C0301,2025-04-22,70.26
TXN014313,C0143,2025-04-22,59.99
TXN007942,C0061,2025-04-23,49.99
TXN009667,C0310,2025-04-23,19.99
TXN003205,C0107,2025-04-23,149.99
TXN006632,C0187,2025-04-23,39.99
TXN007905,C0199,2025-04-23,99.99
TXN007936,C0142,2025-04-23,39.99
TXN002095,C0045,2025-04-23,59.99
TXN007504,C0203,2025-04-23,129.99
TXN002560,C0191,2025-04-23,79.99
TXN007854,C0284,2025-04-23,22.48
TXN006683,C0279,2025-04-23,16.46
TXN008743,C0350,2025-04-23,19.99
TXN004532,C0289,2025-04-23,71.73
TXN000299,C0108,2025-04-23,19.99
TXN003536,C0076,2025-04-23,29.84
TXN013307,C0321,2025-04-23,129.99
TXN001642,C0211,2025-04-23,49.99
TXN007950,C0138,2025-04-23,46.18
TXN015665,C0259,2025-04-23,51.15
TXN010531,C0348,2025-04-23,29.99
TXN004069,C0307,2025-04-23,59.99
TXN009384,C0131,2025-04-23,59.99
TXN013062,C0346,2025-04-23,199.99
TXN012970,C0194,2025-04-23,149.99
TXN015288,C0173,2025-04-23,39.99
TXN013210,C0108,2025-04-23,19.99
TXN017909,C0202,2025-04-23,19.99
TXN000621,C0138,2025-04-23,59.99
TXN017985,C0014,2025-04-23,29.99
TXN001896,C0101,2025-04-23,129.99
TXN005099,C0122,2025-04-23,149.99
TXN013075,C0213,2025-04-23,59.99
TXN005058,C0282,2025-04-23,25.43
TXN000738,C0312,2025-04-23,79.99
TXN008976,C0337,2025-04-23,129.99
TXN012830,C0023,2025-04-23,49.99
TXN016483,C0086,2025-04-23,59.99
TXN011908,C0120,2025-04-23,29.99
TXN003282,C0080,2025-04-23,59.99
TXN006172,C0313,2025-04-23,39.99
TXN007478,C0032,2025-04-23,99.99
TXN014465,C0101,2025-04-23,129.99
TXN015740,C0130,2025-04-23,129.99
TXN014488,C0099,2025-04-23,29.99
TXN014484,C0279,2025-04-23,15.19
TXN002564,C0287,2025-04-24,37.79
TXN003986,C0012,2025-04-24,41.32
TXN005854,C0062,2025-04-24,29.99
TXN011323,C0019,2025-04-24,59.99
TXN010599,C0276,2025-04-24,79.99
TXN011283,C0116,2025-04-24,29.99
TXN005415,C0033,2025-04-24,49.99
TXN013395,C0158,2025-04-24,79.99
TXN000949,C0005,2025-04-24,29.99
TXN017722,C0291,2025-04-24,49.99
TXN008073,C0289,2025-04-24,79.99
TXN004103,C0265,2025-04-24,49.99
TXN014425,C0302,2025-04-24,49.99
TXN004438,C0273,2025-04-24,199.99
TXN004475,C0192,2025-04-24,79.99
TXN013435,C0132,2025-04-24,49.99
TXN004049,C0224,2025-04-24,43.34
TXN001505,C0022,2025-04-24,29.99
TXN015407,C0003,2025-04-24,29.99
TXN013285,C0219,2025-04-24,53.2
TXN012080,C0241,2025-04-24,129.99
TXN006131,C0131,2025-04-24,59.99
TXN004891,C0255,2025-04-24,85.53
TXN009235,C0346,2025-04-24,199.99
TXN011966,C0124,2025-04-24,59.99
TXN003414,C0020,2025-04-24,19.99
TXN003184,C0244,2025-04-24,79.99
TXN011900,C0269,2025-04-24,39.99
TXN001265,C0161,2025-04-24,49.99
TXN011854,C0286,2025-04-24,19.99
TXN016230,C0001,2025-04-24,19.99
TXN012490,C0045,2025-04-24,59.99
TXN018441,C0138,2025-04-24,59.99
TXN009467,C0158,2025-04-24,79.99
TXN014777,C0143,2025-04-24,59.99
TXN009419,C0337,2025-04-25,129.99
TXN006475,C0039,2025-04-25,49.99
TXN003880,C0148,2025-04-25,149.99
TXN011155,C0303,2025-04-25,19.99
TXN000474,C0130,2025-04-25,129.99
TXN004555,C0111,2025-04-25,99.99
TXN013454,C0014,2025-04-25,29.99
TXN015758,C0074,2025-04-25,29.99
TXN016916,C0002,2025-04-25,25.46
TXN013917,C0188,2025-04-25,49.99
TXN006390,C0150,2025-04-25,99.99
TXN013021,C0192,2025-04-25,79.99
TXN017754,C0001,2025-04-25,19.99
TXN000095,C0171,2025-04-25,49.99
TXN009486,C0040,2025-04-25,39.99
TXN009397,C0209,2025-04-25,39.99
TXN014948,C0047,2025-04-25,29.99
TXN012459,C0007,2025-04-25,39.99
TXN013543,C0304,2025-04-25,49.99
TXN008400,C0071,2025-04-25,49.99
TXN016141,C0141,2025-04-25,59.99
TXN015841,C0185,2025-04-25,39.99
TXN010222,C0076,2025-04-25,39.99
TXN000063,C0069,2025-04-25,29.99
TXN009283,C0254,2025-04-25,79.99
TXN011663,C0269,2025-04-25,32.82
TXN010302,C0055,2025-04-25,49.99
TXN014616,C0220,2025-04-25,29.99
TXN007402,C0103,2025-04-25,49.99
TXN011412,C0100,2025-04-25,49.99
TXN016546,C0231,2025-04-25,59.99
TXN014711,C0248,2025-04-25,59.99
TXN005135,C0280,2025-04-25,19.99
TXN004668,C0002,2025-04-25,29.99
TXN006610,C0188,2025-04-26,40.86
TXN016307,C0323,2025-04-26,99.99
TXN015895,C0177,2025-04-26,59.99
TXN014657,C0057,2025-04-26,99.99
TXN013873,C0057,2025-04-26,99.99
TXN013815,C0254,2025-04-26,79.99
TXN013528,C0037,2025-04-26,99.99
TXN015421,C0277,2025-04-26,49.99
TXN010657,C0180,2025-04-26,39.99
TXN010019,C0204,2025-04-26,39.99
TXN015387,C0324,2025-04-26,49.99
TXN006698,C0177,2025-04-26,59.99
TXN010273,C0002,2025-04-26,29.99
TXN017874,C0322,2025-04-26,49.99
TXN016449,C0202,2025-04-26,19.99
TXN003126,C0121,2025-04-26,59.99
TXN001511,C0067,2025-04-26,39.99
TXN001548,C0342,2025-04-26,59.99
TXN009690,C0187,2025-04-26,39.99
TXN004271,C0314,2025-04-26,46.58
TXN012870,C0007,2025-04-26,39.99
TXN015964,C0283,2025-04-26,39.99
TXN017186,C0348,2025-04-26,29.99
TXN009257,C0007,2025-04-27,39.99
TXN002264,C0260,2025-04-27,59.99
TXN017633,C0008,2025-04-27,29.99
TXN006373,C0126,2025-04-27,71.98
TXN006907,C0277,2025-04-27,49.99
TXN015577,C0349,2025-04-27,129.99
TXN000819,C0147,2025-04-27,19.99
TXN015558,C0239,2025-04-27,39.99
TXN013938,C0307,2025-04-27,59.99
TXN000803,C0254,2025-04-27,79.99
TXN000094,C0087,2025-04-27,49.99
TXN004125,C0247,2025-04-27,43.21
TXN017609,C0013,2025-04-27,59.99
TXN004420,C0037,2025-04-27,99.99
TXN009767,C0024,2025-04-27,99.99
TXN017815,C0144,2025-04-27,19.99
TXN010571,C0258,2025-04-27,17.17
TXN006271,C0041,2025-04-27,49.99
TXN002934,C0042,2025-04-27,129.99
TXN015296,C0298,2025-04-27,199.99
TXN013969,C0330,2025-04-27,79.99
TXN003165,C0258,2025-04-27,19.99
TXN010596,C0251,2025-04-27,49.99
TXN017891,C0214,2025-04-27,59.99
TXN004298,C0195,2025-04-27,19.99
TXN001908,C0335,2025-04-27,32.41
TXN012439,C0104,2025-04-27,19.99
TXN011107,C0234,2025-04-27,79.99
TXN003192,C0027,2025-04-27,49.99
TXN009830,C0177,2025-04-27,59.99
TXN015725,C0056,2025-04-27,29.99
TXN011960,C0123,2025-04-27,16.66
TXN004890,C0060,2025-04-27,39.99
TXN003380,C0124,2025-04-27,53.13
TXN003911,C0332,2025-04-27,19.99
TXN009346,C0155,2025-04-27,39.99
TXN018247,C0335,2025-04-27,39.99
TXN014128,C0217,2025-04-27,29.99
TXN014539,C0237,2025-04-27,29.99
TXN002908,C0120,2025-04-28,29.99
TXN011105,C0218,2025-04-28,29.99
TXN011547,C0121,2025-04-28,59.99
TXN007608,C0044,2025-04-28,59.99
TXN000117,C0162,2025-04-28,63.77
TXN011435,C0187,2025-04-28,39.99
TXN014796,C0233,2025-04-28,59.99
TXN014024,C0219,2025-04-28,59.99
TXN006742,C0134,2025-04-28,71.42
TXN010751,C0330,2025-04-28,79.99
TXN011958,C0062,2025-04-28,21.35
TXN011765,C0212,2025-04-28,39.99
TXN009305,C0339,2025-04-28,39.99
TXN000619,C0019,2025-04-28,59.99
TXN017106,C0103,2025-04-28,49.99
TXN011490,C0263,2025-04-28,39.99
TXN009200,C0247,2025-04-28,49.99
TXN003078,C0230,2025-04-28,19.99
TXN006725,C0199,2025-04-28,99.99
TXN005416,C0184,2025-04-28,19.99
TXN011070,C0140,2025-04-28,29.99
TXN015686,C0108,2025-04-28,19.99
TXN000175,C0170,2025-04-28,39.99
TXN009469,C0275,2025-04-28,19.99
TXN006946,C0022,2025-04-28,22.96
TXN003818,C0159,2025-04-28,79.99
TXN013944,C0089,2025-04-28,79.99
TXN006432,C0189,2025-04-28,49.99
TXN013332,C0089,2025-04-28,79.99
TXN018180,C0015,2025-04-28,199.99
TXN009471,C0251,2025-04-29,49.99
TXN001357,C0200,2025-04-29,29.99
TXN013837,C0056,2025-04-29,29.99
TXN008858,C0251,2025-04-29,49.99
TXN005115,C0256,2025-04-29,29.99
TXN001274,C0104,2025-04-29,19.99
TXN016865,C0240,2025-04-29,99.99
TXN001583,C0009,2025-04-29,79.99
TXN015249,C0105,2025-04-29,29.99
TXN003569,C0115,2025-04-29,59.99
TXN005307,C0325,2025-04-29,50.73
TXN014418,C0099,2025-04-29,29.99
TXN015984,C0011,2025-04-29,49.99
TXN009450,C0018,2025-04-29,29.99
TXN016708,C0254,2025-04-29,79.99
TXN017530,C0342,2025-04-29,59.99
TXN002618,C0093,2025-04-29,19.99
TXN013912,C0085,2025-04-29,79.99
TXN017646,C0259,2025-04-29,59.99
TXN007607,C0121,2025-04-29,52.67
TXN009005,C0052,2025-04-29,149.99
TXN015478,C0314,2025-04-29,59.99
TXN002926,C0161,2025-04-29,49.99
TXN016258,C0294,2025-04-29,49.99
TXN013844,C0305,2025-04-29,149.99
TXN002968,C0346,2025-04-29,199.99
TXN015247,C0169,2025-04-29,59.99
TXN005316,C0229,2025-04-29,49.99
TXN000551,C0216,2025-04-29,39.99
TXN007152,C0324,2025-04-29,49.99
TXN002052,C0099,2025-04-29,29.99
TXN012881,C0341,2025-04-29,49.99
TXN010715,C0204,2025-04-29,39.99
TXN001808,C0189,2025-04-29,49.99
TXN011631,C0340,2025-04-29,39.99
TXN006054,C0175,2025-04-29,19.99
TXN001960,C0058,2025-04-29,49.99
TXN010671,C0286,2025-04-29,19.99
TXN012255,C0124,2025-04-29,46.52
TXN001851,C0284,2025-04-29,29.99
TXN007114,C0144,2025-04-29,19.99
TXN013031,C0220,2025-04-29,29.99
TXN010794,C0148,2025-04-29,149.99
TXN010290,C0238,2025-04-29,59.99
TXN013152,C0152,2025-04-29,49.99
TXN015529,C0329,2025-04-30,99.99
TXN018475,C0349,2025-04-30,129.99
TXN005742,C0310,2025-04-30,17.28
TXN005739,C0156,2025-04-30,39.99
TXN005475,C0231,2025-04-30,59.99
TXN012861,C0122,2025-04-30,149.99
TXN001980,C0007,2025-04-30,39.99
TXN017193,C0289,2025-04-30,79.99
TXN000122,C0166,2025-04-30,39.99
TXN004924,C0028,2025-04-30,39.99
TXN009568,C0018,2025-04-30,21.91
TXN010633,C0126,2025-04-30,99.99
TXN005433,C0145,2025-04-30,59.99
TXN015474,C0246,2025-04-30,99.99
TXN012967,C0307,2025-04-30,59.99
TXN009429,C0165,2025-04-30,19.99
TXN006802,C0114,2025-04-30,49.99
TXN003704,C0165,2025-04-30,19.99
TXN011296,C0047,2025-04-30,29.99
TXN004106,C0058,2025-04-30,49.99
TXN000794,C0275,2025-04-30,19.99
TXN014959,C0181,2025-04-30,99.99
TXN016451,C0156,2025-04-30,39.99
TXN007591,C0289,2025-04-30,79.99
TXN018467,C0291,2025-04-30,49.99
TXN002868,C0253,2025-04-30,29.99
TXN006088,C0349,2025-04-30,98.48
TXN000998,C0071,2025-04-30,43.45
TXN015307,C0083,2025-04-30,29.99
TXN012589,C0012,2025-04-30,49.99
TXN013072,C0348,2025-04-30,29.99
TXN005358,C0303,2025-04-30,19.99
TXN007319,C0236,2025-04-30,29.99
TXN002077,C0005,2025-04-30,29.99
TXN011984,C0181,2025-04-30,99.99
TXN016963,C0164,2025-04-30,49.99
TXN001161,C0214,2025-04-30,59.99
TXN017415,C0055,2025-04-30,49.99
TXN008955,C0093,2025-04-30,19.99
TXN016531,C0231,2025-05-01,59.99
TXN016637,C0181,2025-05-01,72.25
TXN010165,C0202,2025-05-01,19.99
TXN012756,C0340,2025-05-01,39.99
TXN002046,C0012,2025-05-01,49.99
TXN000126,C0202,2025-05-01,19.99
TXN009898,C0178,2025-05-01,59.99
TXN017309,C0087,2025-05-01,42.97
TXN002246,C0017,2025-05-01,59.99
TXN015433,C0210,2025-05-01,56.36
TXN011918,C0213,2025-05-01,59.99
TXN008692,C0337,2025-05-01,129.99
TXN001001,C0162,2025-05-01,79.99
TXN010950,C0184,2025-05-01,15.53
TXN006518,C0134,2025-05-01,99.99
TXN004534,C0236,2025-05-01,29.99
TXN010291,C0237,2025-05-01,29.99
TXN018057,C0297,2025-05-01,59.99
TXN007921,C0111,2025-05-01,89.89
TXN014123,C0230,2025-05-01,19.99
TXN006023,C0030,2025-05-01,199.99
TXN007505,C0293,2025-05-01,59.99
TXN018485,C0026,2025-05-01,79.99
TXN013034,C0084,2025-05-01,15.04
TXN001986,C0188,2025-05-01,49.99
TXN017498,C0340,2025-05-01,39.99
TXN005479,C0340,2025-05-01,39.99
TXN017745,C0111,2025-05-01,99.99
TXN003767,C0138,2025-05-01,59.99
TXN004489,C0230,2025-05-02,19.99
TXN008894,C0129,2025-05-02,99.99
TXN015424,C0219,2025-05-02,59.99
TXN017867,C0169,2025-05-02,59.99
TXN010299,C0341,2025-05-02,49.99
TXN000244,C0263,2025-05-02,28.85
TXN001080,C0035,2025-05-02,79.99
TXN017776,C0238,2025-05-02,59.99
TXN012075,C0100,2025-05-02,49.99
TXN004203,C0100,2025-05-02,49.99
TXN013451,C0037,2025-05-02,99.99
TXN004024,C0024,2025-05-02,99.99
TXN012389,C0231,2025-05-02,59.99
TXN011061,C0022,2025-05-02,29.99
TXN009146,C0284,2025-05-02,29.99
TXN016598,C0340,2025-05-02,39.99
TXN000790,C0184,2025-05-02,19.99
TXN016214,C0135,2025-05-02,41.96
TXN017497,C0100,2025-05-02,49.99
TXN002116,C0313,2025-05-02,39.99
TXN004624,C0172,2025-05-02,29.99
TXN010482,C0065,2025-05-02,29.99
TXN008687,C0086,2025-05-02,59.99
TXN005009,C0303,2025-05-02,19.99
TXN001521,C0019,2025-05-02,59.99
TXN006910,C0234,2025-05-02,79.99
TXN015170,C0032,2025-05-02,99.99
TXN001647,C0296,2025-05-02,39.99
TXN003108,C0185,2025-05-02,39.99
TXN013753,C0248,2025-05-02,59.99
TXN002597,C0258,2025-05-02,19.99
TXN014992,C0107,2025-05-02,149.99
TXN000160,C0040,2025-05-02,39.99
TXN010491,C0203,2025-05-02,129.99
TXN005989,C0263,2025-05-02,39.99
TXN012982,C0004,2025-05-02,99.99
TXN004684,C0235,2025-05-03,72.93
TXN009902,C0273,2025-05-03,199.99
TXN016115,C0105,2025-05-03,29.99
TXN010608,C0098,2025-05-03,19.99
TXN009117,C0263,2025-05-03,39.99
TXN005725,C0247,2025-05-03,49.99
TXN015188,C0204,2025-05-03,30.25
TXN011680,C0022,2025-05-03,29.99
TXN013792,C0265,2025-05-03,43.38
TXN018223,C0113,2025-05-03,49.99
TXN010677,C0247,2025-05-03,49.99
TXN008780,C0338,2025-05-03,49.99
TXN000253,C0196,2025-05-03,29.99
TXN009297,C0230,2025-05-03,19.99
TXN011069,C0306,2025-05-03,29.99
TXN010233,C0260,2025-05-03,59.99
TXN017231,C0236,2025-05-03,29.99
TXN001990,C0314,2025-05-03,59.99
TXN014207,C0184,2025-05-03,19.99
TXN010540,C0289,2025-05-03,79.99
TXN003235,C0020,2025-05-03,19.99
TXN010056,C0317,2025-05-03,29.99
TXN011468,C0308,2025-05-03,29.99
TXN011397,C0092,2025-05-03,29.99
TXN013967,C0211,2025-05-03,49.99
TXN001497,C0332,2025-05-03,19.99
TXN001461,C0165,2025-05-03,19.99
TXN011558,C0176,2025-05-03,59.99
TXN012984,C0349,2025-05-03,101.78
TXN013999,C0310,2025-05-03,19.99
TXN017078,C0134,2025-05-03,89.02
TXN014699,C0060,2025-05-04,39.99
TXN002885,C0307,2025-05-04,59.99
TXN005434,C0116,2025-05-04,29.99
TXN007080,C0150,2025-05-04,99.99
TXN008350,C0053,2025-05-04,29.99
TXN002659,C0056,2025-05-04,24.61
TXN003231,C0056,2025-05-04,29.99
TXN009353,C0032,2025-05-04,99.99
TXN005227,C0208,2025-05-04,39.99
TXN015052,C0047,2025-05-04,29.99
TXN013104,C0026,2025-05-04,79.99
TXN004173,C0241,2025-05-04,129.99
TXN000067,C0016,2025-05-04,149.99
TXN007656,C0231,2025-05-04,59.99
TXN010426,C0254,2025-05-04,79.99
TXN008950,C0208,2025-05-04,39.99
TXN012078,C0120,2025-05-04,29.99
TXN003113,C0210,2025-05-04,79.99
TXN003538,C0029,2025-05-04,39.99
TXN016828,C0258,2025-05-04,19.99
TXN000519,C0194,2025-05-04,131.44
TXN000987,C0038,2025-05-04,129.99
TXN017835,C0347,2025-05-04,99.99
TXN004511,C0127,2025-05-04,29.99
TXN012344,C0035,2025-05-04,79.99
TXN009094,C0121,2025-05-04,59.99
TXN002198,C0328,2025-05-04,21.68
TXN002727,C0350,2025-05-04,19.99
TXN005014,C0020,2025-05-04,19.99
TXN008744,C0062,2025-05-04,29.99
TXN003420,C0103,2025-05-04,49.99
TXN000698,C0168,2025-05-04,39.99
TXN001701,C0172,2025-05-04,29.99
TXN001825,C0241,2025-05-04,129.99
TXN000922,C0304,2025-05-04,43.58
TXN000074,C0286,2025-05-04,19.99
TXN015198,C0305,2025-05-04,149.99
TXN007126,C0258,2025-05-04,19.99
TXN002059,C0218,2025-05-04,29.99
TXN006888,C0251,2025-05-04,49.99
TXN018288,C0126,2025-05-04,99.99
TXN018426,C0060,2025-05-05,39.99
TXN008797,C0091,2025-05-05,99.99
TXN000674,C0152,2025-05-05,49.99
TXN002145,C0318,2025-05-05,39.99
TXN003601,C0200,2025-05-05,21.8
TXN001949,C0148,2025-05-05,149.99
TXN008706,C0121,2025-05-05,59.99
TXN005040,C0092,2025-05-05,29.99
TXN009620,C0025,2025-05-05,79.99
TXN002846,C0021,2025-05-05,19.99
TXN000915,C0077,2025-05-05,85.29
TXN006463,C0037,2025-05-05,99.99
TXN008922,C0344,2025-05-05,129.99
TXN005397,C0143,2025-05-05,59.99
TXN014443,C0204,2025-05-05,39.99
TXN005671,C0245,2025-05-05,39.99
TXN003156,C0009,2025-05-05,79.99
TXN007902,C0286,2025-05-05,19.99
TXN006887,C0105,2025-05-05,29.99
TXN008716,C0203,2025-05-05,105.73
TXN016597,C0011,2025-05-05,49.99
TXN014290,C0341,2025-05-05,49.99
TXN001056,C0332,2025-05-05,19.99
TXN012465,C0320,2025-05-05,164.24
TXN008120,C0115,2025-05-05,59.99
TXN011221,C0168,2025-05-05,39.99
TXN014383,C0333,2025-05-05,39.99
TXN007579,C0040,2025-05-06,39.99
TXN014317,C0130,2025-05-06,129.99
TXN008703,C0150,2025-05-06,99.99
TXN010347,C0183,2025-05-06,49.99
TXN018496,C0141,2025-05-06,59.99
TXN014432,C0300,2025-05-06,49.99
TXN009865,C0044,2025-05-06,59.99
TXN010995,C0023,2025-05-06,49.99
TXN005942,C0001,2025-05-06,16.57
TXN018346,C0134,2025-05-06,99.99
TXN005632,C0039,2025-05-06,49.99
TXN006157,C0229,2025-05-06,49.99
TXN016641,C0083,2025-05-06,29.99
TXN014765,C0303,2025-05-06,19.99
TXN004128,C0140,2025-05-06,29.99
TXN002655,C0150,2025-05-06,99.99
TXN006886,C0290,2025-05-06,29.99
TXN001003,C0022,2025-05-06,29.99
TXN006198,C0338,2025-05-06,49.99
TXN010219,C0300,2025-05-06,49.99
TXN017112,C0019,2025-05-06,59.99
TXN005092,C0205,2025-05-06,19.99
TXN012582,C0274,2025-05-06,29.99
TXN005020,C0287,2025-05-06,49.99
TXN011123,C0319,2025-05-06,26.59
TXN015696,C0015,2025-05-06,199.99
TXN001177,C0275,2025-05-06,19.99
TXN000052,C0012,2025-05-06,49.99
TXN015368,C0153,2025-05-06,79.99
TXN018177,C0149,2025-05-06,39.99
TXN005795,C0170,2025-05-06,39.99
TXN006226,C0005,2025-05-06,24.3
TXN015628,C0345,2025-05-07,49.99
TXN018111,C0159,2025-05-07,79.99
TXN004142,C0279,2025-05-07,19.99
TXN008844,C0261,2025-05-07,49.99
TXN016915,C0294,2025-05-07,49.99
TXN015276,C0067,2025-05-07,39.99
TXN010330,C0099,2025-05-07,29.99
TXN005981,C0111,2025-05-07,99.99
TXN011369,C0039,2025-05-07,35.13
TXN007774,C0099,2025-05-07,29.99
TXN003502,C0077,2025-05-07,99.99
TXN009345,C0269,2025-05-07,39.99
TXN006899,C0285,2025-05-07,39.99
TXN001613,C0166,2025-05-07,39.99
TXN009958,C0204,2025-05-07,39.99
TXN004492,C0134,2025-05-07,99.99
TXN012820,C0143,2025-05-07,59.99
TXN004126,C0219,2025-05-07,59.99
TXN010390,C0104,2025-05-07,19.99
TXN018394,C0271,2025-05-07,59.99
TXN001959,C0176,2025-05-07,59.99
TXN012012,C0150,2025-05-07,99.99
TXN004403,C0095,2025-05-07,19.99
TXN016778,C0334,2025-05-07,29.99
TXN010262,C0117,2025-05-07,19.99
TXN001464,C0068,2025-05-07,79.99
TXN007059,C0167,2025-05-07,39.99
TXN009657,C0120,2025-05-07,29.99
TXN000805,C0259,2025-05-07,59.99
TXN000169,C0062,2025-05-07,29.99
TXN006397,C0290,2025-05-08,29.99
TXN003978,C0048,2025-05-08,53.24
TXN004448,C0137,2025-05-08,129.99
TXN014208,C0287,2025-05-08,39.42
TXN011148,C0191,2025-05-08,79.99
TXN004809,C0236,2025-05-08,21.86
TXN013951,C0273,2025-05-08,199.99
TXN017938,C0068,2025-05-08,68.92
TXN000174,C0097,2025-05-08,116.97
TXN009401,C0258,2025-05-08,19.99
TXN013848,C0233,2025-05-08,59.99
TXN001079,C0098,2025-05-08,19.99
TXN010144,C0060,2025-05-08,39.99
TXN002441,C0254,2025-05-08,79.99
TXN007228,C0072,2025-05-08,29.99
TXN017902,C0043,2025-05-08,23.54
TXN012264,C0037,2025-05-08,99.99
TXN005210,C0188,2025-05-08,49.99
TXN005206,C0341,2025-05-08,49.99
TXN008603,C0197,2025-05-08,16.71
TXN006028,C0103,2025-05-08,49.99
TXN011807,C0248,2025-05-08,59.99
TXN004846,C0095,2025-05-08,19.99
TXN007657,C0006,2025-05-08,149.99
TXN010636,C0274,2025-05-08,29.99
TXN016256,C0265,2025-05-08,49.99
TXN006036,C0326,2025-05-08,19.99
TXN002831,C0329,2025-05-08,99.99
TXN014404,C0097,2025-05-08,106.48
TXN016542,C0026,2025-05-08,79.99
TXN008169,C0246,2025-05-08,88.02
TXN009068,C0079,2025-05-08,29.99
TXN007130,C0023,2025-05-08,49.99
TXN018005,C0326,2025-05-08,19.99
TXN002964,C0137,2025-05-08,129.99
TXN001101,C0348,2025-05-08,29.99
TXN000339,C0340,2025-05-08,39.99
TXN017109,C0098,2025-05-08,15.92
TXN017502,C0323,2025-05-08,99.99
TXN000742,C0005,2025-05-08,29.99
TXN007270,C0183,2025-05-09,49.99
TXN016042,C0238,2025-05-09,59.99
TXN013884,C0237,2025-05-09,22.22
TXN018060,C0321,2025-05-09,129.99
TXN008159,C0108,2025-05-09,19.99
TXN016244,C0032,2025-05-09,87.13
TXN012233,C0060,2025-05-09,39.99
TXN006418,C0127,2025-05-09,29.99
TXN006749,C0114,2025-05-09,49.99
TXN003649,C0176,2025-05-09,59.99
TXN015590,C0074,2025-05-09,29.99
TXN014237,C0073,2025-05-09,16.87
TXN002728,C0012,2025-05-09,49.99
TXN002036,C0114,2025-05-09,49.99
TXN010967,C0150,2025-05-09,99.99
TXN007953,C0192,2025-05-09,79.99
TXN002546,C0041,2025-05-09,49.99
TXN004467,C0020,2025-05-09,19.99
TXN008006,C0242,2025-05-09,39.99
TXN005238,C0283,2025-05-09,39.99
TXN001112,C0235,2025-05-09,86.63
TXN016532,C0300,2025-05-09,49.99
TXN009432,C0289,2025-05-09,79.99
TXN018146,C0298,2025-05-09,199.99
TXN012543,C0274,2025-05-09,29.99
TXN017945,C0089,2025-05-09,79.99
TXN014669,C0248,2025-05-09,59.99
TXN017756,C0028,2025-05-09,32.36
TXN006658,C0315,2025-05-09,79.99
TXN016243,C0295,2025-05-09,39.99
TXN004729,C0095,2025-05-09,19.99
TXN000761,C0228,2025-05-09,79.99
TXN018334,C0134,2025-05-09,99.99
TXN016119,C0097,2025-05-09,129.99
TXN004730,C0080,2025-05-09,59.99
TXN011563,C0175,2025-05-09,19.99
TXN007002,C0295,2025-05-09,39.99
TXN005812,C0217,2025-05-09,25.3
TXN017596,C0114,2025-05-09,49.99
TXN005329,C0049,2025-05-09,129.99
TXN013860,C0160,2025-05-09,79.99
TXN012307,C0241,2025-05-10,129.99
TXN014782,C0312,2025-05-10,79.99
TXN012521,C0314,2025-05-10,59.99
TXN013810,C0188,2025-05-10,49.99
TXN009897,C0027,2025-05-10,49.99
TXN007655,C0243,2025-05-10,29.99
TXN014133,C0021,2025-05-10,19.99
TXN000068,C0122,2025-05-10,149.99
TXN017001,C0101,2025-05-10,129.99
TXN005102,C0260,2025-05-10,59.99
TXN012066,C0230,2025-05-10,19.99
TXN015287,C0107,2025-05-10,127.92
TXN017612,C0238,2025-05-10,49.77
TXN001114,C0244,2025-05-10,79.99
TXN017337,C0086,2025-05-10,59.99
TXN013497,C0078,2025-05-10,49.99
TXN005034,C0182,2025-05-10,49.99
TXN009390,C0202,2025-05-10,19.99
TXN011090,C0213,2025-05-10,59.99
TXN000786,C0177,2025-05-10,59.99
TXN006309,C0121,2025-05-10,59.99
TXN013008,C0062,2025-05-11,29.99
TXN018232,C0103,2025-05-11,49.99
TXN013607,C0311,2025-05-11,49.99
TXN002649,C0243,2025-05-11,29.99
TXN000671,C0347,2025-05-11,99.99
TXN005798,C0115,2025-05-11,59.99
TXN009487,C0299,2025-05-11,59.99
TXN009415,C0002,2025-05-11,29.99
TXN017093,C0141,2025-05-11,59.99
TXN007231,C0039,2025-05-11,49.99
TXN017122,C0120,2025-05-11,29.99
TXN004295,C0214,2025-05-11,59.99
TXN014185,C0203,2025-05-11,129.99
TXN011601,C0160,2025-05-11,79.99
TXN017441,C0067,2025-05-11,39.99
TXN003918,C0260,2025-05-11,59.99
TXN011390,C0101,2025-05-11,129.99
TXN016104,C0307,2025-05-11,59.99
TXN008059,C0306,2025-05-11,29.99
TXN006875,C0312,2025-05-11,79.99
TXN014706,C0140,2025-05-11,29.99
TXN015154,C0091,2025-05-11,99.99
TXN018037,C0341,2025-05-11,40.37
TXN003664,C0069,2025-05-11,29.99
TXN005764,C0112,2025-05-11,49.99
TXN015306,C0219,2025-05-11,59.99
TXN014675,C0038,2025-05-11,129.99
TXN016407,C0175,2025-05-11,16.74
TXN016376,C0064,2025-05-11,149.99
TXN002053,C0177,2025-05-11,59.99
TXN006826,C0205,2025-05-11,19.99
TXN000314,C0239,2025-05-11,35.75
TXN000893,C0337,2025-05-11,129.99
TXN006730,C0192,2025-05-11,79.99
TXN012703,C0125,2025-05-11,37.99
TXN006722,C0346,2025-05-11,157.77
TXN016968,C0094,2025-05-11,29.99
TXN007327,C0175,2025-05-11,19.99
TXN018001,C0216,2025-05-11,39.99
TXN006693,C0200,2025-05-11,29.99
TXN016200,C0204,2025-05-11,39.99
TXN001458,C0279,2025-05-11,19.99
TXN004867,C0028,2025-05-12,39.99
TXN000692,C0179,2025-05-12,49.99
TXN007898,C0119,2025-05-12,59.99
TXN000879,C0253,2025-05-12,29.99
TXN010202,C0173,2025-05-12,39.99
TXN001761,C0319,2025-05-12,29.99
TXN000198,C0014,2025-05-12,29.99
TXN003966,C0176,2025-05-12,59.99
TXN002249,C0265,2025-05-12,49.99
TXN012000,C0222,2025-05-12,59.99
TXN013407,C0292,2025-05-12,99.99
TXN015772,C0127,2025-05-12,29.99
TXN014736,C0196,2025-05-12,29.99
TXN015129,C0011,2025-05-12,49.99
TXN000260,C0252,2025-05-12,49.99
TXN017791,C0183,2025-05-12,49.99
TXN015817,C0072,2025-05-12,29.99
TXN007878,C0341,2025-05-12,39.26
TXN015494,C0098,2025-05-12,15.17
TXN014440,C0310,2025-05-12,19.99
TXN000691,C0150,2025-05-12,99.99
TXN011543,C0344,2025-05-12,129.99
TXN002169,C0029,2025-05-12,39.99
TXN016012,C0168,2025-05-12,30.61
TXN005831,C0248,2025-05-12,59.99
TXN002737,C0121,2025-05-12,59.99
TXN004949,C0306,2025-05-12,29.99
TXN001215,C0233,2025-05-12,59.99
TXN015617,C0050,2025-05-12,29.99
TXN008582,C0058,2025-05-12,49.99
TXN011592,C0049,2025-05-12,129.99
TXN007765,C0211,2025-05-12,49.99
TXN017062,C0275,2025-05-12,19.99
TXN014564,C0294,2025-05-12,49.99
TXN011143,C0313,2025-05-12,39.99
TXN002644,C0202,2025-05-12,19.99
TXN017608,C0245,2025-05-12,39.99
TXN011231,C0122,2025-05-12,149.99
TXN007171,C0215,2025-05-12,28.48
TXN000967,C0240,2025-05-13,99.99
TXN007925,C0286,2025-05-13,19.99
TXN017258,C0118,2025-05-13,28.25
TXN014073,C0141,2025-05-13,59.99
TXN014726,C0104,2025-05-13,19.99
TXN017048,C0002,2025-05-13,29.99
TXN001296,C0040,2025-05-13,39.99
TXN001131,C0328,2025-05-13,29.99
TXN002232,C0022,2025-05-13,29.99
TXN017706,C0342,2025-05-13,59.99
TXN007987,C0117,2025-05-13,19.99
TXN011751,C0223,2025-05-13,19.99
TXN012643,C0160,2025-05-13,79.99
TXN000033,C0159,2025-05-13,79.99
TXN003935,C0283,2025-05-13,39.99
TXN006327,C0127,2025-05-13,29.99
TXN011405,C0186,2025-05-13,39.99
TXN011909,C0034,2025-05-13,42.75
TXN009858,C0024,2025-05-13,83.71
TXN006743,C0087,2025-05-13,37.0
TXN007809,C0208,2025-05-13,39.99
TXN015933,C0134,2025-05-13,99.99
TXN016970,C0308,2025-05-13,29.99
TXN008361,C0062,2025-05-13,29.99
TXN008713,C0116,2025-05-13,29.99
TXN005019,C0310,2025-05-13,19.99
TXN012889,C0191,2025-05-13,60.89
TXN003761,C0025,2025-05-13,79.99
TXN004893,C0084,2025-05-13,19.99
TXN013118,C0345,2025-05-13,49.99
TXN005905,C0245,2025-05-13,39.99
TXN009646,C0251,2025-05-13,49.99
TXN010755,C0041,2025-05-13,44.45
TXN000620,C0223,2025-05-13,19.99
TXN014002,C0288,2025-05-14,19.99
TXN014644,C0002,2025-05-14,29.99
TXN002347,C0039,2025-05-14,49.99
TXN001914,C0010,2025-05-14,59.99
TXN001433,C0085,2025-05-14,79.99
TXN013741,C0083,2025-05-14,29.99
TXN014985,C0190,2025-05-14,59.99
TXN008054,C0214,2025-05-14,59.99
TXN010492,C0191,2025-05-14,79.99
TXN014900,C0056,2025-05-14,29.99
TXN008739,C0157,2025-05-14,59.99
TXN004164,C0289,2025-05-14,79.99
TXN009228,C0016,2025-05-14,127.15
TXN001760,C0026,2025-05-14,79.99
TXN014780,C0248,2025-05-14,50.23
TXN005269,C0202,2025-05-14,19.99
TXN009885,C0080,2025-05-14,59.99
TXN005279,C0159,2025-05-14,79.99
TXN016548,C0346,2025-05-14,199.99
TXN011132,C0021,2025-05-14,19.99
TXN005315,C0103,2025-05-14,49.99
TXN000694,C0214,2025-05-14,59.99
TXN015746,C0284,2025-05-14,29.99
TXN011190,C0257,2025-05-14,19.99
TXN016469,C0317,2025-05-14,24.24
TXN007214,C0256,2025-05-14,29.99
TXN008462,C0082,2025-05-14,29.99
TXN000180,C0138,2025-05-14,59.99
TXN002782,C0330,2025-05-14,79.99
TXN008259,C0056,2025-05-14,29.99
TXN015826,C0122,2025-05-14,149.99
TXN008515,C0201,2025-05-14,129.99
TXN016809,C0151,2025-05-14,79.99
TXN005934,C0114,2025-05-14,49.99
TXN010877,C0346,2025-05-14,199.99
TXN006034,C0198,2025-05-14,59.99
TXN013620,C0172,2025-05-14,24.24
TXN013581,C0093,2025-05-14,19.99
TXN007530,C0252,2025-05-15,49.99
TXN006619,C0222,2025-05-15,59.99
TXN012804,C0141,2025-05-15,59.99
TXN014271,C0069,2025-05-15,29.99
TXN014212,C0058,2025-05-15,49.99
TXN004087,C0094,2025-05-15,24.82
TXN001413,C0114,2025-05-15,49.99
TXN012873,C0121,2025-05-15,59.99
TXN012880,C0057,2025-05-15,99.99
TXN002850,C0314,2025-05-15,59.99
TXN010721,C0141,2025-05-15,59.99
TXN005677,C0197,2025-05-15,16.4
TXN017632,C0306,2025-05-15,29.99
TXN017844,C0119,2025-05-15,59.99
TXN014879,C0131,2025-05-15,59.99
TXN010130,C0170,2025-05-15,39.99
TXN008910,C0311,2025-05-15,37.3
TXN015879,C0011,2025-05-15,49.99
TXN017128,C0095,2025-05-15,19.99
TXN006377,C0029,2025-05-15,30.45
TXN004797,C0117,2025-05-15,14.44
TXN015567,C0211,2025-05-15,49.99
TXN017263,C0283,2025-05-15,31.22
TXN004253,C0211,2025-05-15,49.99
TXN005007,C0208,2025-05-15,39.99
TXN016301,C0016,2025-05-15,149.99
TXN010656,C0321,2025-05-15,129.99
TXN004232,C0137,2025-05-15,108.02
TXN004220,C0106,2025-05-15,199.99
TXN012426,C0172,2025-05-15,29.99
TXN000252,C0240,2025-05-15,99.99
TXN007442,C0208,2025-05-15,39.99
TXN016172,C0235,2025-05-15,99.99
TXN010603,C0097,2025-05-15,105.3
TXN003863,C0085,2025-05-15,79.99
TXN009196,C0322,2025-05-15,49.99
TXN005868,C0142,2025-05-15,39.99
TXN011887,C0020,2025-05-15,19.99
TXN000216,C0087,2025-05-15,49.99
TXN006195,C0003,2025-05-15,29.99
TXN017861,C0103,2025-05-15,36.91
TXN005582,C0253,2025-05-15,22.95
TXN016967,C0046,2025-05-16,79.99
TXN011406,C0234,2025-05-16,58.99
TXN008804,C0271,2025-05-16,46.99
TXN005508,C0322,2025-05-16,49.99
TXN017435,C0048,2025-05-16,59.99
TXN009293,C0186,2025-05-16,39.99
TXN016016,C0236,2025-05-16,29.99
TXN005687,C0037,2025-05-16,99.99
TXN015642,C0067,2025-05-16,39.99
TXN018186,C0274,2025-05-16,29.99
TXN014867,C0077,2025-05-16,99.99
TXN005230,C0299,2025-05-16,59.99
TXN011174,C0036,2025-05-16,49.99
TXN014286,C0264,2025-05-16,49.99
TXN010831,C0296,2025-05-16,39.99
TXN005252,C0230,2025-05-16,19.99
TXN004934,C0222,2025-05-16,59.99
TXN004953,C0219,2025-05-16,59.99
TXN010635,C0290,2025-05-16,29.99
TXN005375,C0259,2025-05-16,59.99
TXN012002,C0014,2025-05-16,29.99
TXN015955,C0219,2025-05-16,59.99
TXN009420,C0337,2025-05-16,101.34
TXN012981,C0333,2025-05-16,39.99
TXN009399,C0214,2025-05-16,59.99
TXN003540,C0272,2025-05-16,59.99
TXN016683,C0253,2025-05-16,29.99
TXN018199,C0342,2025-05-16,59.99
TXN011330,C0095,2025-05-16,19.99
TXN009738,C0308,2025-05-16,29.99
TXN005556,C0211,2025-05-16,49.99
TXN000636,C0285,2025-05-16,39.99
TXN013139,C0251,2025-05-16,37.67
TXN011248,C0081,2025-05-16,59.99
TXN018405,C0101,2025-05-16,129.99
TXN004884,C0231,2025-05-16,59.99
TXN014319,C0214,2025-05-16,59.99
TXN007674,C0103,2025-05-16,49.99
TXN005126,C0301,2025-05-16,79.99
TXN005890,C0315,2025-05-17,79.99
TXN005121,C0291,2025-05-17,40.3
TXN006265,C0285,2025-05-17,33.68
TXN003418,C0158,2025-05-17,79.99
TXN000249,C0237,2025-05-17,29.99
TXN003717,C0139,2025-05-17,59.99
TXN002589,C0303,2025-05-17,19.99
TXN001594,C0233,2025-05-17,59.99
TXN000504,C0172,2025-05-17,29.99
TXN011293,C0289,2025-05-17,67.0
TXN001700,C0139,2025-05-17,59.99
TXN015284,C0349,2025-05-17,129.99
TXN014786,C0120,2025-05-17,29.99
TXN016453,C0110,2025-05-17,59.99
TXN014324,C0243,2025-05-17,29.99
TXN002259,C0198,2025-05-17,59.99
TXN017177,C0133,2025-05-17,59.99
TXN013256,C0311,2025-05-17,49.99
TXN009808,C0027,2025-05-17,49.99
TXN006600,C0099,2025-05-17,29.99
TXN006978,C0005,2025-05-17,29.99
TXN008896,C0067,2025-05-17,39.99
TXN004930,C0044,2025-05-17,59.99
TXN014714,C0068,2025-05-17,79.99
TXN008741,C0041,2025-05-17,49.99
TXN012370,C0327,2025-05-18,79.99
TXN013886,C0314,2025-05-18,59.99
TXN015319,C0258,2025-05-18,19.99
TXN003312,C0317,2025-05-18,29.99
TXN000016,C0340,2025-05-18,34.44
TXN003464,C0183,2025-05-18,35.75
TXN012231,C0042,2025-05-18,129.99
TXN008510,C0312,2025-05-18,79.99
TXN002663,C0185,2025-05-18,39.99
TXN011607,C0001,2025-05-18,19.99
TXN000457,C0043,2025-05-18,29.99
TXN009169,C0303,2025-05-18,19.99
TXN016975,C0181,2025-05-18,99.99
TXN016445,C0054,2025-05-18,99.99
TXN010542,C0349,2025-05-18,129.99
TXN007218,C0338,2025-05-18,39.27
TXN018477,C0186,2025-05-18,39.99
TXN006380,C0184,2025-05-18,19.99
TXN004147,C0239,2025-05-18,39.99
TXN015449,C0246,2025-05-18,99.99
TXN014664,C0138,2025-05-18,59.99
TXN014967,C0346,2025-05-18,166.91
TXN017032,C0218,2025-05-18,22.03
TXN006853,C0091,2025-05-18,99.99
TXN006330,C0179,2025-05-18,49.99
TXN003433,C0328,2025-05-18,24.71
TXN008026,C0214,2025-05-18,59.99
TXN010176,C0054,2025-05-18,99.99
TXN012334,C0065,2025-05-18,29.99
TXN003726,C0350,2025-05-18,19.99
TXN006897,C0019,2025-05-19,43.37
TXN012506,C0258,2025-05-19,19.99
TXN006164,C0086,2025-05-19,59.99
TXN010230,C0047,2025-05-19,29.99
TXN014227,C0122,2025-05-19,116.95
TXN008034,C0076,2025-05-19,39.99
TXN016199,C0118,2025-05-19,39.99
TXN000771,C0204,2025-05-19,33.06
TXN003465,C0009,2025-05-19,64.11
TXN012827,C0300,2025-05-19,49.99
TXN006124,C0048,2025-05-19,59.99
TXN016424,C0023,2025-05-19,49.99
TXN011075,C0020,2025-05-19,19.99
TXN006033,C0307,2025-05-19,59.99
TXN012682,C0134,2025-05-19,99.99
TXN014641,C0013,2025-05-19,59.99
TXN005435,C0279,2025-05-19,19.99
TXN016830,C0228,2025-05-19,79.99
TXN014154,C0279,2025-05-19,19.99
TXN013501,C0111,2025-05-19,99.99
TXN004059,C0259,2025-05-19,59.99
TXN013218,C0167,2025-05-19,39.99
TXN016734,C0267,2025-05-19,29.99
TXN018389,C0153,2025-05-19,79.99
TXN011951,C0292,2025-05-19,99.99
TXN018154,C0033,2025-05-19,49.99
TXN004731,C0167,2025-05-19,39.99
TXN016064,C0343,2025-05-19,49.99
TXN005522,C0236,2025-05-19,29.99
TXN010409,C0198,2025-05-19,59.99
TXN001911,C0067,2025-05-19,39.99
TXN003872,C0318,2025-05-19,39.99
TXN010418,C0026,2025-05-19,79.99
TXN009153,C0104,2025-05-19,19.99
TXN006464,C0150,2025-05-19,99.99
TXN018018,C0083,2025-05-19,29.99
TXN014165,C0129,2025-05-20,99.99
TXN016914,C0201,2025-05-20,129.99
TXN017779,C0104,2025-05-20,19.99
TXN015499,C0027,2025-05-20,49.99
TXN005233,C0253,2025-05-20,29.99
TXN013316,C0260,2025-05-20,59.99
TXN012669,C0236,2025-05-20,29.99
TXN018113,C0343,2025-05-20,49.99
TXN017614,C0214,2025-05-20,59.99
TXN002186,C0077,2025-05-20,99.99
TXN011375,C0343,2025-05-20,49.99
TXN005913,C0122,2025-05-20,149.99
TXN013131,C0203,2025-05-20,129.99
TXN015898,C0014,2025-05-20,29.99
TXN004414,C0004,2025-05-20,99.99
TXN003812,C0301,2025-05-20,79.99
TXN007752,C0251,2025-05-20,49.99
TXN007112,C0053,2025-05-20,25.62
TXN003484,C0343,2025-05-20,49.99
TXN003490,C0317,2025-05-20,29.99
TXN017108,C0237,2025-05-20,29.99
TXN001532,C0197,2025-05-20,19.99
TXN008139,C0150,2025-05-20,99.99
TXN006180,C0326,2025-05-20,19.99
TXN013202,C0166,2025-05-20,39.99
TXN009556,C0285,2025-05-20,39.99
TXN018022,C0311,2025-05-20,49.99
TXN008269,C0172,2025-05-20,29.99
TXN015048,C0217,2025-05-20,29.99
TXN004079,C0247,2025-05-20,49.99
TXN011556,C0211,2025-05-20,49.99
TXN016988,C0242,2025-05-20,39.99
TXN016513,C0100,2025-05-20,49.99
TXN008070,C0002,2025-05-20,29.99
TXN004366,C0116,2025-05-20,29.99
TXN009145,C0293,2025-05-20,59.99
TXN009074,C0162,2025-05-20,59.99
TXN000589,C0048,2025-05-21,59.99
TXN005572,C0191,2025-05-21,61.51
TXN005326,C0215,2025-05-21,39.99
TXN005724,C0046,2025-05-21,79.99
TXN008199,C0233,2025-05-21,47.4
TXN001299,C0046,2025-05-21,70.93
TXN009744,C0095,2025-05-21,19.99
TXN006502,C0152,2025-05-21,49.99
TXN011336,C0014,2025-05-21,29.99
TXN014485,C0310,2025-05-21,19.99
TXN004302,C0095,2025-05-21,19.99
TXN017065,C0014,2025-05-21,29.99
TXN006699,C0100,2025-05-21,49.99
TXN008593,C0037,2025-05-21,99.99
TXN006605,C0185,2025-05-21,39.99
TXN012045,C0062,2025-05-21,29.99
TXN014052,C0160,2025-05-21,79.99
TXN005949,C0313,2025-05-21,39.99
TXN001816,C0248,2025-05-21,59.99
TXN011508,C0233,2025-05-21,59.99
TXN010008,C0196,2025-05-21,29.99
TXN014253,C0300,2025-05-21,49.99
TXN011937,C0073,2025-05-21,19.99
TXN009600,C0143,2025-05-21,59.99
TXN005489,C0322,2025-05-21,49.99
TXN016941,C0189,2025-05-21,49.99
TXN003720,C0129,2025-05-21,99.99
TXN016927,C0289,2025-05-21,79.99
TXN002114,C0138,2025-05-21,59.99
TXN000078,C0142,2025-05-21,39.99
TXN012592,C0050,2025-05-21,29.99
TXN017782,C0002,2025-05-21,29.99
TXN015924,C0324,2025-05-21,49.99
TXN006590,C0331,2025-05-21,59.99
TXN016272,C0277,2025-05-22,49.99
TXN006648,C0222,2025-05-22,59.99
TXN007716,C0091,2025-05-22,99.99
TXN006468,C0050,2025-05-22,21.18
TXN005401,C0346,2025-05-22,199.99
TXN002500,C0191,2025-05-22,59.24
TXN004984,C0315,2025-05-22,79.99
TXN003060,C0029,2025-05-22,39.99
TXN002021,C0169,2025-05-22,59.99
TXN014902,C0259,2025-05-22,59.99
TXN016852,C0020,2025-05-22,19.99
TXN015363,C0135,2025-05-22,49.99
TXN007620,C0219,2025-05-22,59.99
TXN011832,C0276,2025-05-22,68.69
TXN008899,C0031,2025-05-22,19.99
TXN002326,C0252,2025-05-22,49.99
TXN008992,C0201,2025-05-22,129.99
TXN015329,C0057,2025-05-22,99.99
TXN011881,C0151,2025-05-22,60.95
TXN009670,C0014,2025-05-22,29.99
TXN004888,C0027,2025-05-22,49.99
TXN016177,C0266,2025-05-22,199.99
TXN015563,C0222,2025-05-22,59.99
TXN016906,C0166,2025-05-22,39.99
TXN013816,C0247,2025-05-22,38.53
TXN015750,C0081,2025-05-22,59.99
TXN016130,C0077,2025-05-22,99.99
TXN010530,C0012,2025-05-22,49.99
TXN017649,C0154,2025-05-22,99.99
TXN018067,C0061,2025-05-22,49.99
TXN008636,C0127,2025-05-22,29.99
TXN005292,C0200,2025-05-22,24.06
TXN013000,C0131,2025-05-22,59.99
TXN016860,C0306,2025-05-23,29.99
TXN010723,C0153,2025-05-23,79.99
TXN005243,C0032,2025-05-23,99.99
TXN005779,C0129,2025-05-23,99.99
TXN006521,C0244,2025-05-23,79.99
TXN007337,C0109,2025-05-23,149.99
TXN009411,C0099,2025-05-23,29.99
TXN000189,C0197,2025-05-23,19.99
TXN012256,C0133,2025-05-23,47.52
TXN003448,C0137,2025-05-23,129.99
TXN015778,C0288,2025-05-23,19.99
TXN002529,C0061,2025-05-23,49.99
TXN012899,C0095,2025-05-23,19.99
TXN016150,C0033,2025-05-23,49.99
TXN007631,C0108,2025-05-23,19.99
TXN002137,C0283,2025-05-23,39.99
TXN011351,C0062,2025-05-23,29.99
TXN015690,C0019,2025-05-23,59.99
TXN003864,C0342,2025-05-23,59.99
TXN017523,C0243,2025-05-23,29.99
TXN013539,C0067,2025-05-23,39.99
TXN015708,C0153,2025-05-23,79.99
TXN011879,C0210,2025-05-23,79.99
TXN013574,C0050,2025-05-23,29.99
TXN005144,C0105,2025-05-23,29.99
TXN000512,C0219,2025-05-23,59.99
TXN001522,C0222,2025-05-23,43.64
TXN007251,C0026,2025-05-24,79.99
TXN017184,C0154,2025-05-24,99.99
TXN007085,C0121,2025-05-24,59.99
TXN009950,C0302,2025-05-24,49.99
TXN012585,C0193,2025-05-24,59.99
TXN014389,C0315,2025-05-24,79.99
TXN004926,C0211,2025-05-24,49.99
TXN002801,C0296,2025-05-24,39.99
TXN015571,C0176,2025-05-24,59.99
TXN013345,C0123,2025-05-24,19.99
TXN002795,C0054,2025-05-24,75.71
TXN000575,C0196,2025-05-24,29.99
TXN001392,C0330,2025-05-24,79.99
TXN000931,C0265,2025-05-24,49.99
TXN011194,C0078,2025-05-24,49.99
TXN012355,C0288,2025-05-24,19.99
TXN009122,C0189,2025-05-24,39.43
TXN016346,C0317,2025-05-24,29.99
TXN009755,C0168,2025-05-24,39.99
TXN013088,C0276,2025-05-24,65.58
TXN009378,C0129,2025-05-24,99.99
TXN003836,C0224,2025-05-24,49.99
TXN017028,C0073,2025-05-24,19.99
TXN003264,C0056,2025-05-24,29.99
TXN004635,C0350,2025-05-24,19.99
TXN009496,C0211,2025-05-24,49.99
TXN008635,C0017,2025-05-24,59.99
TXN002614,C0267,2025-05-24,29.99
TXN016322,C0051,2025-05-24,23.25
TXN010663,C0300,2025-05-24,49.99
TXN001137,C0303,2025-05-24,19.99
TXN008981,C0270,2025-05-24,49.99
TXN005074,C0310,2025-05-24,19.99
TXN006100,C0175,2025-05-24,19.99
TXN009601,C0201,2025-05-24,129.99
TXN017607,C0105,2025-05-24,29.99
TXN011733,C0078,2025-05-24,40.62
TXN007970,C0139,2025-05-24,59.99
TXN003154,C0092,2025-05-25,29.99
TXN017161,C0324,2025-05-25,49.99
TXN013900,C0308,2025-05-25,29.99
TXN006798,C0273,2025-05-25,199.99
TXN014323,C0185,2025-05-25,39.99
TXN016539,C0306,2025-05-25,23.62
TXN014095,C0036,2025-05-25,36.5
TXN013276,C0251,2025-05-25,49.99
TXN000072,C0329,2025-05-25,99.99
TXN015436,C0311,2025-05-25,49.99
TXN004433,C0172,2025-05-25,21.88
TXN018439,C0312,2025-05-25,79.99
TXN011310,C0037,2025-05-25,99.99
TXN008856,C0243,2025-05-25,29.99
TXN007719,C0049,2025-05-25,129.99
TXN000798,C0304,2025-05-25,49.99
TXN010546,C0149,2025-05-25,39.99
TXN009474,C0100,2025-05-25,36.69
TXN017147,C0107,2025-05-25,122.83
TXN005441,C0286,2025-05-25,19.99
TXN001328,C0219,2025-05-25,59.99
TXN012765,C0198,2025-05-25,59.99
TXN001678,C0179,2025-05-25,49.99
TXN002481,C0195,2025-05-25,19.99
TXN017510,C0318,2025-05-25,32.07
TXN013514,C0127,2025-05-25,29.99
TXN009721,C0289,2025-05-25,79.99
TXN014372,C0111,2025-05-25,99.99
TXN013854,C0283,2025-05-25,39.99
TXN017581,C0315,2025-05-25,79.99
TXN005180,C0041,2025-05-25,38.44
TXN017115,C0031,2025-05-25,19.99
TXN000896,C0191,2025-05-26,79.99
TXN012640,C0044,2025-05-26,59.99
TXN010496,C0062,2025-05-26,29.99
TXN014369,C0213,2025-05-26,59.99
TXN001684,C0315,2025-05-26,79.99
TXN002848,C0019,2025-05-26,59.99
TXN003769,C0054,2025-05-26,99.99
TXN002151,C0196,2025-05-26,29.99
TXN015946,C0285,2025-05-26,39.99
TXN005240,C0002,2025-05-26,29.99
TXN004589,C0313,2025-05-26,39.99
TXN001061,C0056,2025-05-26,29.99
TXN003261,C0196,2025-05-26,29.99
TXN015476,C0035,2025-05-26,79.99
TXN006487,C0276,2025-05-26,79.99
TXN005915,C0210,2025-05-26,79.99
TXN008001,C0036,2025-05-26,49.99
TXN003878,C0291,2025-05-26,49.99
TXN013257,C0192,2025-05-26,67.59
TXN001317,C0092,2025-05-26,29.99
TXN011901,C0277,2025-05-26,49.99
TXN018198,C0190,2025-05-26,59.99
TXN017669,C0187,2025-05-26,39.99
TXN016576,C0093,2025-05-26,19.99
TXN000469,C0097,2025-05-26,129.99
TXN012989,C0083,2025-05-26,29.99
TXN015635,C0253,2025-05-26,29.99
TXN007242,C0179,2025-05-26,49.99
TXN011620,C0205,2025-05-26,19.99
TXN003238,C0094,2025-05-26,29.99
TXN007361,C0142,2025-05-26,39.99
TXN011156,C0210,2025-05-26,79.99
TXN002816,C0019,2025-05-26,59.99
TXN016521,C0339,2025-05-26,39.99
TXN000821,C0006,2025-05-26,149.99
TXN001321,C0129,2025-05-26,99.99
TXN015394,C0229,2025-05-26,49.99
TXN017150,C0323,2025-05-26,99.99
TXN003957,C0210,2025-05-27,68.4
TXN011456,C0264,2025-05-27,49.99
TXN015259,C0185,2025-05-27,31.92
TXN002456,C0207,2025-05-27,29.99
TXN005653,C0282,2025-05-27,22.21
TXN010890,C0082,2025-05-27,29.99
TXN014744,C0136,2025-05-27,16.43
TXN017091,C0342,2025-05-27,59.99
TXN016023,C0241,2025-05-27,129.99
TXN014498,C0111,2025-05-27,99.99
TXN011058,C0249,2025-05-27,19.99
TXN014813,C0265,2025-05-27,49.99
TXN003532,C0116,2025-05-27,29.99
TXN014452,C0068,2025-05-27,79.99
TXN017654,C0147,2025-05-27,19.99
TXN007619,C0007,2025-05-27,39.99
TXN005187,C0287,2025-05-27,49.99
TXN009557,C0105,2025-05-27,29.99
TXN000927,C0261,2025-05-27,49.99
TXN015175,C0050,2025-05-27,29.99
TXN003539,C0230,2025-05-27,19.99
TXN004166,C0327,2025-05-27,79.99
TXN002682,C0098,2025-05-27,19.99
TXN006202,C0009,2025-05-27,79.99
TXN014883,C0230,2025-05-27,19.99
TXN012186,C0124,2025-05-27,59.99
TXN003939,C0188,2025-05-27,35.49
TXN018383,C0336,2025-05-27,19.99
TXN016537,C0304,2025-05-27,49.99
TXN005095,C0224,2025-05-27,49.99
TXN009965,C0022,2025-05-27,29.99
TXN000661,C0133,2025-05-27,59.99
TXN006472,C0131,2025-05-27,59.99
TXN005804,C0288,2025-05-27,19.99
TXN016251,C0127,2025-05-28,29.99
TXN011774,C0074,2025-05-28,29.99
TXN010705,C0294,2025-05-28,49.99
TXN014722,C0119,2025-05-28,59.99
TXN010186,C0022,2025-05-28,29.99
TXN014723,C0170,2025-05-28,31.5
TXN014956,C0308,2025-05-28,29.99
TXN004016,C0144,2025-05-28,19.99
TXN007822,C0238,2025-05-28,59.99
TXN014683,C0335,2025-05-28,39.99
TXN018303,C0233,2025-05-28,59.99
TXN016213,C0263,2025-05-28,39.99
TXN013338,C0011,2025-05-28,49.99
TXN003947,C0043,2025-05-28,29.99
TXN014649,C0091,2025-05-28,77.44
TXN009398,C0347,2025-05-28,84.44
TXN010781,C0041,2025-05-28,49.99
TXN006277,C0260,2025-05-28,59.99
TXN014757,C0058,2025-05-28,49.99
TXN010728,C0028,2025-05-28,39.99
TXN012876,C0051,2025-05-28,29.99
TXN018356,C0091,2025-05-28,99.99
TXN005458,C0112,2025-05-28,49.99
TXN003886,C0050,2025-05-28,29.99
TXN007372,C0041,2025-05-28,49.99
TXN010897,C0012,2025-05-28,49.99
TXN006078,C0120,2025-05-28,29.99
TXN010463,C0202,2025-05-28,19.99
TXN016614,C0056,2025-05-28,29.99
TXN001120,C0149,2025-05-28,39.99
TXN017083,C0254,2025-05-28,79.99
TXN006720,C0080,2025-05-29,59.99
TXN001962,C0219,2025-05-29,59.99
TXN000657,C0151,2025-05-29,79.99
TXN011639,C0006,2025-05-29,149.99
TXN014357,C0333,2025-05-29,39.99
TXN002066,C0138,2025-05-29,59.99
TXN012732,C0216,2025-05-29,39.99
TXN001159,C0267,2025-05-29,29.99
TXN003220,C0078,2025-05-29,49.99
TXN004398,C0069,2025-05-29,29.99
TXN016320,C0276,2025-05-29,79.99
TXN012914,C0251,2025-05-29,49.99
TXN002356,C0335,2025-05-29,39.99
TXN011203,C0270,2025-05-29,49.99
TXN012489,C0119,2025-05-29,43.28
TXN005448,C0217,2025-05-29,22.29
TXN000642,C0081,2025-05-29,59.99
TXN013060,C0140,2025-05-29,25.69
TXN001456,C0220,2025-05-29,29.99
TXN002693,C0247,2025-05-29,49.99
TXN008674,C0041,2025-05-29,49.99
TXN018337,C0287,2025-05-29,49.99
TXN001801,C0163,2025-05-29,29.99
TXN014126,C0234,2025-05-29,79.99
TXN017007,C0160,2025-05-29,79.99
TXN012331,C0140,2025-05-29,29.99
TXN010643,C0012,2025-05-29,49.99
TXN014705,C0338,2025-05-29,49.99
TXN004378,C0119,2025-05-29,59.99
TXN005558,C0264,2025-05-29,49.99
TXN003473,C0015,2025-05-29,199.99
TXN003088,C0162,2025-05-29,71.07
TXN014084,C0039,2025-05-29,49.99
TXN007625,C0124,2025-05-30,59.99
TXN016784,C0256,2025-05-30,29.99
TXN010680,C0055,2025-05-30,49.99
TXN007820,C0056,2025-05-30,29.99
TXN010501,C0340,2025-05-30,39.99
TXN012096,C0214,2025-05-30,59.99
TXN014877,C0244,2025-05-30,69.36
TXN010119,C0228,2025-05-30,79.99
TXN017662,C0331,2025-05-30,59.99
TXN004397,C0084,2025-05-30,19.99
TXN007553,C0216,2025-05-30,39.99
TXN001329,C0306,2025-05-30,29.99
TXN013584,C0283,2025-05-30,39.99
TXN015925,C0192,2025-05-30,79.99
TXN007907,C0045,2025-05-30,59.99
TXN001538,C0260,2025-05-30,59.99
TXN012533,C0052,2025-05-30,149.99
TXN009047,C0141,2025-05-30,59.99
TXN002709,C0108,2025-05-30,19.99
TXN001955,C0340,2025-05-30,39.99
TXN011643,C0108,2025-05-30,19.99
TXN014110,C0257,2025-05-30,19.99
TXN010993,C0212,2025-05-30,39.99
TXN012847,C0100,2025-05-30,49.99
TXN008771,C0195,2025-05-30,13.99
TXN010017,C0164,2025-05-30,49.99
TXN007103,C0111,2025-05-30,99.99
TXN000807,C0267,2025-05-30,29.99
TXN015816,C0021,2025-05-30,19.99
TXN006317,C0156,2025-05-30,39.99
TXN007283,C0298,2025-05-30,199.99
TXN010049,C0279,2025-05-30,19.99
TXN006362,C0298,2025-05-30,199.99
TXN009073,C0121,2025-05-30,59.99
TXN008866,C0324,2025-05-30,42.62
TXN003983,C0216,2025-05-30,39.99
TXN003790,C0323,2025-05-30,99.99
TXN015728,C0168,2025-05-31,39.99
TXN004769,C0048,2025-05-31,59.99
TXN018393,C0120,2025-05-31,29.99
TXN014408,C0329,2025-05-31,99.99
TXN018157,C0284,2025-05-31,29.99
TXN004248,C0005,2025-05-31,29.99
TXN016279,C0321,2025-05-31,129.99
TXN006813,C0315,2025-05-31,79.99
TXN002671,C0004,2025-05-31,84.17
TXN001455,C0137,2025-05-31,129.99
TXN013507,C0143,2025-05-31,59.99
TXN002928,C0236,2025-05-31,29.99
TXN017492,C0346,2025-05-31,199.99
TXN009238,C0119,2025-05-31,59.99
TXN017868,C0001,2025-05-31,19.99
TXN012108,C0155,2025-05-31,39.99
TXN008908,C0098,2025-05-31,19.99
TXN007680,C0314,2025-05-31,59.99
TXN012717,C0100,2025-05-31,49.99
TXN006159,C0284,2025-05-31,29.99
TXN003915,C0245,2025-05-31,39.99
TXN006453,C0038,2025-05-31,129.99
TXN009863,C0018,2025-05-31,29.99
TXN018085,C0236,2025-05-31,29.99
TXN016907,C0089,2025-05-31,79.99
TXN008961,C0243,2025-05-31,29.99
TXN014164,C0081,2025-05-31,59.99
TXN000426,C0126,2025-05-31,99.99
TXN014426,C0222,2025-05-31,59.99
TXN011385,C0069,2025-05-31,25.74
TXN000293,C0245,2025-05-31,39.99
TXN003583,C0170,2025-05-31,31.85
TXN004324,C0120,2025-05-31,29.99
TXN007365,C0256,2025-05-31,29.99
TXN012117,C0348,2025-05-31,29.99
TXN010887,C0036,2025-05-31,42.18
TXN010141,C0329,2025-06-01,99.99
TXN008928,C0228,2025-06-01,79.99
TXN018460,C0166,2025-06-01,29.22
TXN014375,C0318,2025-06-01,39.99
TXN009243,C0068,2025-06-01,79.99
TXN007834,C0285,2025-06-01,39.99
TXN006995,C0161,2025-06-01,49.99
TXN010702,C0210,2025-06-01,79.99
TXN018041,C0311,2025-06-01,49.99
TXN010305,C0218,2025-06-01,29.99
TXN003977,C0068,2025-06-01,79.99
TXN007568,C0337,2025-06-01,129.99
TXN004881,C0240,2025-06-01,99.99
TXN009714,C0300,2025-06-01,49.99
TXN017995,C0166,2025-06-01,39.99
TXN007742,C0171,2025-06-01,49.99
TXN015644,C0302,2025-06-01,49.99
TXN010674,C0169,2025-06-01,59.99
TXN013009,C0311,2025-06-01,49.99
TXN013474,C0244,2025-06-01,79.99
TXN001926,C0161,2025-06-01,49.99
TXN012282,C0298,2025-06-01,199.99
TXN000237,C0027,2025-06-01,49.99
TXN013885,C0182,2025-06-01,49.99
TXN015511,C0267,2025-06-01,29.99
TXN012138,C0151,2025-06-01,79.99
TXN005921,C0104,2025-06-01,16.72
TXN012611,C0318,2025-06-01,39.99
TXN013213,C0002,2025-06-01,29.99
TXN004383,C0303,2025-06-01,19.99
TXN007517,C0335,2025-06-01,39.99
TXN006474,C0339,2025-06-01,39.99
TXN000187,C0304,2025-06-01,49.99
TXN015899,C0039,2025-06-01,49.99
TXN006421,C0152,2025-06-01,39.64
TXN018482,C0176,2025-06-01,59.99
TXN004607,C0078,2025-06-01,49.99
TXN014103,C0350,2025-06-02,16.42
TXN017307,C0057,2025-06-02,99.99
TXN014857,C0275,2025-06-02,19.99
TXN009055,C0183,2025-06-02,49.99
TXN014109,C0108,2025-06-02,19.99
TXN018030,C0236,2025-06-02,29.99
TXN008852,C0230,2025-06-02,19.99
TXN013690,C0020,2025-06-02,19.99
TXN017080,C0045,2025-06-02,59.99
TXN017292,C0115,2025-06-02,59.99
TXN000800,C0145,2025-06-02,59.99
TXN012706,C0285,2025-06-02,39.99
TXN003630,C0166,2025-06-02,39.99
TXN015756,C0033,2025-06-02,49.99
TXN011210,C0221,2025-06-02,49.99
TXN007065,C0053,2025-06-02,29.99
TXN002302,C0191,2025-06-02,79.99
TXN014274,C0349,2025-06-02,129.99
TXN011724,C0044,2025-06-02,59.99
TXN016989,C0205,2025-06-02,19.99
TXN004546,C0216,2025-06-02,39.99
TXN000274,C0071,2025-06-02,49.99
TXN006571,C0249,2025-06-02,19.99
TXN002213,C0083,2025-06-02,29.99
TXN004197,C0283,2025-06-02,39.99
TXN018212,C0089,2025-06-02,79.99
TXN013028,C0165,2025-06-02,19.99
TXN004131,C0274,2025-06-02,29.99
TXN005660,C0095,2025-06-02,14.76
TXN016478,C0325,2025-06-02,59.99
TXN018332,C0239,2025-06-02,39.99
TXN014471,C0160,2025-06-02,79.99
TXN002855,C0290,2025-06-02,29.99
TXN013299,C0161,2025-06-02,49.99
TXN013902,C0061,2025-06-03,49.99
TXN011244,C0001,2025-06-03,19.99
TXN011060,C0309,2025-06-03,49.99
TXN004968,C0298,2025-06-03,199.99
TXN012493,C0087,2025-06-03,49.99
TXN002491,C0172,2025-06-03,29.99
TXN014299,C0115,2025-06-03,59.99
TXN004392,C0223,2025-06-03,19.99
TXN007968,C0236,2025-06-03,29.99
TXN017863,C0158,2025-06-03,79.99
TXN013486,C0101,2025-06-03,110.17
TXN007116,C0005,2025-06-03,29.99
TXN010058,C0322,2025-06-03,49.99
TXN006225,C0282,2025-06-03,29.99
TXN002085,C0119,2025-06-03,59.99
TXN001018,C0263,2025-06-03,39.99
TXN005958,C0279,2025-06-03,19.99
TXN010095,C0147,2025-06-03,19.99
TXN001069,C0291,2025-06-03,49.99
TXN004382,C0143,2025-06-03,59.99
TXN011851,C0253,2025-06-03,29.99
TXN002869,C0140,2025-06-03,29.99
TXN009936,C0108,2025-06-03,19.99
TXN009923,C0194,2025-06-03,149.99
TXN000802,C0078,2025-06-03,49.99
TXN007430,C0205,2025-06-03,19.99
TXN016072,C0101,2025-06-03,129.99
TXN005376,C0045,2025-06-03,59.99
TXN010940,C0274,2025-06-03,29.99
TXN012940,C0303,2025-06-03,19.99
TXN012705,C0172,2025-06-04,29.99
TXN007856,C0151,2025-06-04,79.99
TXN009508,C0153,2025-06-04,79.99
TXN000431,C0103,2025-06-04,49.99
TXN007267,C0296,2025-06-04,39.99
TXN011214,C0248,2025-06-04,59.99
TXN009044,C0002,2025-06-04,24.64
TXN007667,C0042,2025-06-04,129.99
TXN013025,C0128,2025-06-04,59.99
TXN007988,C0103,2025-06-04,42.5
TXN009308,C0307,2025-06-04,59.99
TXN001397,C0338,2025-06-04,49.99
TXN009223,C0260,2025-06-04,52.76
TXN000300,C0271,2025-06-04,59.99
TXN016520,C0078,2025-06-04,49.99
TXN003804,C0238,2025-06-04,59.99
TXN007407,C0060,2025-06-04,39.99
TXN012523,C0208,2025-06-04,39.99
TXN009447,C0219,2025-06-04,59.99
TXN015293,C0272,2025-06-04,59.99
TXN018268,C0258,2025-06-04,19.99
TXN005592,C0118,2025-06-04,39.99
TXN003522,C0214,2025-06-04,59.99
TXN009110,C0333,2025-06-04,39.99
TXN018014,C0281,2025-06-04,99.99
TXN002530,C0037,2025-06-04,99.99
TXN013603,C0116,2025-06-04,29.99
TXN002887,C0085,2025-06-04,79.99
TXN007804,C0218,2025-06-04,25.89
TXN018192,C0268,2025-06-04,59.99
TXN014151,C0248,2025-06-04,59.99
TXN008196,C0184,2025-06-04,17.87
TXN000855,C0208,2025-06-04,39.99
TXN018006,C0085,2025-06-04,79.99
TXN003326,C0085,2025-06-05,79.99
TXN011438,C0161,2025-06-05,49.99
TXN017322,C0161,2025-06-05,49.99
TXN003660,C0258,2025-06-05,19.99
TXN001339,C0279,2025-06-05,16.54
TXN005530,C0094,2025-06-05,29.99
TXN014380,C0047,2025-06-05,29.99
TXN005866,C0043,2025-06-05,29.99
TXN017229,C0345,2025-06-05,40.74
TXN010270,C0260,2025-06-05,59.99
TXN003593,C0198,2025-06-05,59.99
TXN006165,C0316,2025-06-05,129.99
TXN000333,C0292,2025-06-05,83.28
TXN015815,C0184,2025-06-05,16.63
TXN017913,C0096,2025-06-05,49.99
TXN018168,C0103,2025-06-05,49.99
TXN009438,C0336,2025-06-05,17.31
TXN001214,C0203,2025-06-05,129.99
TXN001345,C0077,2025-06-05,99.99
TXN009732,C0325,2025-06-05,59.99
TXN013077,C0237,2025-06-05,29.99
TXN009221,C0035,2025-06-05,79.99
TXN002240,C0289,2025-06-05,79.99
TXN006280,C0271,2025-06-05,59.99
TXN000225,C0096,2025-06-05,49.99
TXN002124,C0225,2025-06-05,29.99
TXN002847,C0328,2025-06-05,29.99
TXN001349,C0244,2025-06-05,79.99
TXN014574,C0137,2025-06-05,129.99
TXN004102,C0122,2025-06-05,149.99
TXN007164,C0299,2025-06-06,59.99
TXN010158,C0034,2025-06-06,49.99
TXN007748,C0342,2025-06-06,59.99
TXN005881,C0308,2025-06-06,29.99
TXN016630,C0238,2025-06-06,59.99
TXN011673,C0313,2025-06-06,39.99
TXN011769,C0208,2025-06-06,39.99
TXN004755,C0157,2025-06-06,59.99
TXN004133,C0160,2025-06-06,79.99
TXN003600,C0189,2025-06-06,49.99
TXN012359,C0172,2025-06-06,29.99
TXN000331,C0005,2025-06-06,29.99
TXN007924,C0178,2025-06-06,59.99
TXN001404,C0103,2025-06-06,49.99
TXN016069,C0299,2025-06-06,59.99
TXN017081,C0083,2025-06-06,29.99
TXN000404,C0318,2025-06-06,39.99
TXN002265,C0310,2025-06-06,19.99
TXN010191,C0181,2025-06-06,99.99
TXN001958,C0039,2025-06-06,36.62
TXN011493,C0182,2025-06-06,49.99
TXN012340,C0219,2025-06-06,53.61
TXN006517,C0218,2025-06-06,29.99
TXN012968,C0140,2025-06-06,25.35
TXN016890,C0323,2025-06-06,99.99
TXN009904,C0301,2025-06-06,79.99
TXN002654,C0034,2025-06-06,49.99
TXN016722,C0161,2025-06-06,49.99
TXN005656,C0346,2025-06-06,199.99
TXN011511,C0015,2025-06-06,199.99
TXN007006,C0058,2025-06-06,49.99
TXN011667,C0271,2025-06-06,59.99
TXN011594,C0048,2025-06-06,59.99
TXN016037,C0304,2025-06-06,49.99
TXN015330,C0209,2025-06-06,39.99
TXN015502,C0038,2025-06-06,129.99
TXN016160,C0283,2025-06-07,39.99
TXN013789,C0005,2025-06-07,29.99
TXN005318,C0104,2025-06-07,14.82
TXN002670,C0247,2025-06-07,49.99
TXN007051,C0099,2025-06-07,29.99
TXN001451,C0304,2025-06-07,49.99
TXN011763,C0115,2025-06-07,46.4
TXN014116,C0079,2025-06-07,29.99
TXN008225,C0044,2025-06-07,59.99
TXN003631,C0289,2025-06-07,79.99
TXN018101,C0210,2025-06-07,79.99
TXN001382,C0299,2025-06-07,48.5
TXN001728,C0279,2025-06-07,19.99
TXN017256,C0147,2025-06-07,19.99
TXN016097,C0182,2025-06-07,49.99
TXN001073,C0342,2025-06-07,59.99
TXN003996,C0333,2025-06-07,29.25
TXN013126,C0002,2025-06-07,29.99
TXN010588,C0133,2025-06-07,59.99
TXN013725,C0099,2025-06-07,29.99
TXN003739,C0326,2025-06-07,19.99
TXN012667,C0130,2025-06-07,129.99
TXN015658,C0144,2025-06-07,19.99
TXN012067,C0275,2025-06-07,19.99
TXN003924,C0232,2025-06-07,149.99
TXN002914,C0267,2025-06-07,29.99
TXN009093,C0120,2025-06-07,29.99
TXN011719,C0282,2025-06-07,29.99
TXN002340,C0060,2025-06-07,32.42
TXN005226,C0311,2025-06-07,49.99
TXN010253,C0296,2025-06-07,39.99
TXN005672,C0144,2025-06-07,19.99
TXN006961,C0200,2025-06-07,29.99
TXN011035,C0182,2025-06-07,49.99
TXN003565,C0318,2025-06-08,39.99
TXN007366,C0215,2025-06-08,39.99
TXN003114,C0075,2025-06-08,49.99
TXN017311,C0243,2025-06-08,29.99
TXN001902,C0048,2025-06-08,59.99
TXN013899,C0136,2025-06-08,19.99
TXN009722,C0021,2025-06-08,19.99
TXN012413,C0213,2025-06-08,59.99
TXN008433,C0284,2025-06-08,29.99
TXN005821,C0238,2025-06-08,59.99
TXN002724,C0076,2025-06-08,29.36
TXN003424,C0212,2025-06-08,39.99
TXN015951,C0058,2025-06-08,49.99
TXN000154,C0319,2025-06-08,29.99
TXN011773,C0167,2025-06-08,39.99
TXN000701,C0100,2025-06-08,49.99
TXN005498,C0044,2025-06-08,59.99
TXN007092,C0280,2025-06-08,19.99
TXN003166,C0307,2025-06-08,59.99
TXN012235,C0208,2025-06-08,39.99
TXN002382,C0292,2025-06-08,99.99
TXN004945,C0127,2025-06-08,23.3
TXN012892,C0184,2025-06-08,19.99
TXN003331,C0123,2025-06-08,19.99
TXN017132,C0072,2025-06-08,29.99
TXN016918,C0019,2025-06-08,59.99
TXN015470,C0274,2025-06-08,29.99
TXN013458,C0105,2025-06-08,29.99
TXN014004,C0143,2025-06-08,59.99
TXN015887,C0165,2025-06-08,19.99
TXN003185,C0315,2025-06-08,79.99
TXN012057,C0168,2025-06-08,39.99
TXN012891,C0222,2025-06-08,59.99
TXN010907,C0304,2025-06-09,49.99
TXN016847,C0279,2025-06-09,19.99
TXN002622,C0167,2025-06-09,39.99
TXN013365,C0178,2025-06-09,59.99
TXN007775,C0182,2025-06-09,49.99
TXN015408,C0020,2025-06-09,19.99
TXN009220,C0269,2025-06-09,39.99
TXN008626,C0169,2025-06-09,59.99
TXN014353,C0147,2025-06-09,14.21
TXN005900,C0340,2025-06-09,39.99
TXN012527,C0196,2025-06-09,29.99
TXN012292,C0178,2025-06-09,59.99
TXN001115,C0235,2025-06-09,99.99
TXN018182,C0259,2025-06-09,59.99
TXN015930,C0111,2025-06-09,99.99
TXN005275,C0045,2025-06-09,59.99
TXN004996,C0015,2025-06-09,199.99
TXN018106,C0191,2025-06-09,79.99
TXN010453,C0242,2025-06-09,39.99
TXN014604,C0024,2025-06-09,99.99
TXN012969,C0131,2025-06-09,59.99
TXN007582,C0230,2025-06-09,19.99
TXN000567,C0348,2025-06-09,29.99
TXN008890,C0279,2025-06-09,19.99
TXN002489,C0167,2025-06-09,32.53
TXN015068,C0144,2025-06-09,19.99
TXN011800,C0294,2025-06-09,49.99
TXN004294,C0213,2025-06-09,59.99
TXN001931,C0329,2025-06-09,99.99
TXN015890,C0332,2025-06-09,14.36
TXN014094,C0307,2025-06-09,59.99
TXN002494,C0038,2025-06-09,129.99
TXN000395,C0080,2025-06-09,59.99
TXN002111,C0220,2025-06-09,29.99
TXN011677,C0183,2025-06-09,49.99
TXN009931,C0002,2025-06-10,29.99
TXN016005,C0214,2025-06-10,59.99
TXN009606,C0089,2025-06-10,79.99
TXN017810,C0038,2025-06-10,129.99
TXN006584,C0110,2025-06-10,59.99
TXN012101,C0095,2025-06-10,17.38
TXN002283,C0162,2025-06-10,79.99
TXN008000,C0061,2025-06-10,49.99
TXN015980,C0181,2025-06-10,99.99
TXN010879,C0199,2025-06-10,99.99
TXN002780,C0255,2025-06-10,99.99
TXN009077,C0166,2025-06-10,39.99
TXN011685,C0089,2025-06-10,79.99
TXN016619,C0190,2025-06-10,59.99
TXN005883,C0157,2025-06-10,59.99
TXN001508,C0267,2025-06-10,24.02
TXN014547,C0184,2025-06-10,19.99
TXN007346,C0029,2025-06-10,39.99
TXN010120,C0243,2025-06-10,29.99
TXN001065,C0072,2025-06-10,21.12
TXN005810,C0012,2025-06-10,38.67
TXN007669,C0222,2025-06-10,59.99
TXN004643,C0257,2025-06-10,19.99
TXN005996,C0191,2025-06-10,57.71
TXN002783,C0105,2025-06-10,29.99
TXN016636,C0326,2025-06-10,19.99
TXN015140,C0163,2025-06-10,29.99
TXN000891,C0159,2025-06-10,79.99
TXN002301,C0097,2025-06-10,129.99
TXN000148,C0328,2025-06-10,29.99
TXN005793,C0074,2025-06-10,29.99
TXN012898,C0291,2025-06-10,49.99
TXN002298,C0313,2025-06-10,39.99
TXN017368,C0083,2025-06-10,29.99
TXN016864,C0099,2025-06-10,29.99
TXN005197,C0114,2025-06-10,49.99
TXN016356,C0164,2025-06-10,49.99
TXN011471,C0102,2025-06-10,39.99
TXN013768,C0104,2025-06-10,16.83
TXN004744,C0318,2025-06-10,39.99
TXN015030,C0210,2025-06-10,79.99
TXN016785,C0048,2025-06-11,59.99
TXN015556,C0099,2025-06-11,29.99
TXN014610,C0289,2025-06-11,79.99
TXN003674,C0169,2025-06-11,44.86
TXN007827,C0127,2025-06-11,29.99
TXN015035,C0301,2025-06-11,61.62
TXN011520,C0298,2025-06-11,199.99
TXN003724,C0036,2025-06-11,49.99
TXN008705,C0074,2025-06-11,29.99
TXN018310,C0003,2025-06-11,29.99
TXN009271,C0294,2025-06-11,49.99
TXN012363,C0328,2025-06-11,29.99
TXN009845,C0311,2025-06-11,49.99
TXN004219,C0143,2025-06-11,59.99
TXN014035,C0284,2025-06-11,29.99
TXN002592,C0046,2025-06-11,79.99
TXN000150,C0044,2025-06-11,59.99
TXN002748,C0175,2025-06-11,19.99
TXN015180,C0310,2025-06-11,19.99
TXN002324,C0297,2025-06-11,49.79
TXN000749,C0153,2025-06-11,79.99
TXN013780,C0058,2025-06-11,49.99
TXN008281,C0060,2025-06-11,39.99
TXN013777,C0279,2025-06-11,19.99
TXN007262,C0045,2025-06-11,59.99
TXN000586,C0224,2025-06-11,49.99
TXN011372,C0078,2025-06-11,49.99
TXN015957,C0089,2025-06-11,79.99
TXN015292,C0004,2025-06-11,99.99
TXN002408,C0202,2025-06-11,19.99
TXN012814,C0219,2025-06-11,59.99
TXN002856,C0252,2025-06-11,49.99
TXN013766,C0120,2025-06-11,26.15
TXN016299,C0063,2025-06-11,39.99
TXN011553,C0245,2025-06-11,39.99
TXN007448,C0050,2025-06-11,29.99
TXN003581,C0027,2025-06-11,42.83
TXN003337,C0070,2025-06-11,149.99
TXN009566,C0337,2025-06-12,129.99
TXN018255,C0104,2025-06-12,19.99
TXN007998,C0247,2025-06-12,49.99
TXN009653,C0310,2025-06-12,19.99
TXN008994,C0200,2025-06-12,29.99
TXN016487,C0174,2025-06-12,29.99
TXN005889,C0124,2025-06-12,59.99
TXN006246,C0294,2025-06-12,49.99
TXN005745,C0326,2025-06-12,19.99
TXN009367,C0296,2025-06-12,39.99
TXN011467,C0111,2025-06-12,99.99
TXN000193,C0307,2025-06-12,59.99
TXN003296,C0330,2025-06-12,79.99
TXN008782,C0124,2025-06-12,59.99
TXN017610,C0070,2025-06-12,149.99
TXN010576,C0131,2025-06-12,59.99
TXN015937,C0303,2025-06-12,16.53
TXN001465,C0024,2025-06-12,99.99
TXN006788,C0285,2025-06-12,34.47
TXN005236,C0201,2025-06-12,129.99
TXN002469,C0323,2025-06-12,99.99
TXN001888,C0056,2025-06-12,29.99
TXN013558,C0234,2025-06-12,79.99
TXN005966,C0096,2025-06-12,49.99
TXN009912,C0222,2025-06-12,43.13
TXN014954,C0046,2025-06-12,79.99
TXN014352,C0252,2025-06-12,49.99
TXN006367,C0279,2025-06-12,17.44
TXN009812,C0332,2025-06-12,19.99
TXN009372,C0095,2025-06-12,19.99
TXN015479,C0255,2025-06-12,99.99
TXN014405,C0202,2025-06-12,16.58
TXN003956,C0121,2025-06-12,59.99
TXN009215,C0068,2025-06-12,79.99
TXN017299,C0002,2025-06-12,29.99
TXN006852,C0127,2025-06-12,29.99
TXN009505,C0308,2025-06-12,29.99
TXN010514,C0060,2025-06-12,39.99
TXN010893,C0082,2025-06-12,29.99
TXN011804,C0138,2025-06-12,59.99
TXN014745,C0046,2025-06-12,79.99
TXN009176,C0313,2025-06-12,39.99
TXN010318,C0139,2025-06-12,59.99
TXN015979,C0318,2025-06-12,39.99
TXN017837,C0317,2025-06-12,29.99
TXN008463,C0093,2025-06-12,19.99
TXN006547,C0322,2025-06-12,49.99
TXN011013,C0282,2025-06-12,29.99
TXN011942,C0241,2025-06-13,129.99
TXN007043,C0022,2025-06-13,29.99
TXN013566,C0152,2025-06-13,49.99
TXN014521,C0074,2025-06-13,29.99
TXN017875,C0324,2025-06-13,49.99
TXN006514,C0271,2025-06-13,59.99
TXN015889,C0231,2025-06-13,59.99
TXN010367,C0151,2025-06-13,79.99
TXN005395,C0005,2025-06-13,29.99
TXN010407,C0339,2025-06-13,34.62
TXN011381,C0046,2025-06-13,79.99
TXN004599,C0121,2025-06-13,59.99
TXN001346,C0347,2025-06-13,99.99
TXN010499,C0211,2025-06-13,49.99
TXN001311,C0188,2025-06-13,49.99
TXN012290,C0291,2025-06-13,49.99
TXN004565,C0094,2025-06-13,29.99
TXN002311,C0334,2025-06-13,29.99
TXN007717,C0315,2025-06-13,79.99
TXN012677,C0028,2025-06-13,39.99
TXN010543,C0261,2025-06-13,49.99
TXN004331,C0064,2025-06-13,127.93
TXN013555,C0144,2025-06-13,19.99
TXN015302,C0322,2025-06-13,49.99
TXN006168,C0286,2025-06-13,19.99
TXN001845,C0241,2025-06-13,116.98
TXN005257,C0202,2025-06-13,19.99
TXN006085,C0128,2025-06-13,59.99
TXN014670,C0019,2025-06-13,51.61
TXN013838,C0311,2025-06-13,38.24
TXN010712,C0338,2025-06-13,49.99
TXN012335,C0219,2025-06-13,59.99
TXN000923,C0279,2025-06-13,19.99
TXN007122,C0274,2025-06-13,29.99
TXN001000,C0208,2025-06-14,39.99
TXN004386,C0245,2025-06-14,39.99
TXN004837,C0238,2025-06-14,59.99
TXN005273,C0056,2025-06-14,29.99
TXN008516,C0107,2025-06-14,149.99
TXN009723,C0319,2025-06-14,29.99
TXN006501,C0064,2025-06-14,149.99
TXN012374,C0237,2025-06-14,29.99
TXN017489,C0213,2025-06-14,59.99
TXN003922,C0294,2025-06-14,49.99
TXN016374,C0275,2025-06-14,15.73
TXN015501,C0335,2025-06-14,39.99
TXN003999,C0302,2025-06-14,49.99
TXN015011,C0211,2025-06-14,49.99
TXN007079,C0141,2025-06-14,59.99
TXN004799,C0028,2025-06-14,39.99
TXN000513,C0298,2025-06-14,199.99
TXN009254,C0268,2025-06-14,59.99
TXN014381,C0312,2025-06-14,79.99
TXN009139,C0228,2025-06-14,79.99
TXN017999,C0259,2025-06-14,59.99
TXN004269,C0252,2025-06-14,49.99
TXN017516,C0105,2025-06-14,29.99
TXN002362,C0160,2025-06-14,79.99
TXN007380,C0029,2025-06-14,39.99
TXN002016,C0113,2025-06-14,49.99
TXN011838,C0178,2025-06-14,59.99
TXN004732,C0096,2025-06-14,49.99
TXN005754,C0285,2025-06-15,39.99
TXN012320,C0314,2025-06-15,59.99
TXN005079,C0164,2025-06-15,49.99
TXN017364,C0303,2025-06-15,19.99
TXN017054,C0009,2025-06-15,79.99
TXN001591,C0169,2025-06-15,59.99
TXN017772,C0326,2025-06-15,19.99
TXN013782,C0114,2025-06-15,41.75
TXN010237,C0069,2025-06-15,29.99
TXN000295,C0178,2025-06-15,59.99
TXN009082,C0306,2025-06-15,29.99
TXN012777,C0253,2025-06-15,29.99
TXN011593,C0298,2025-06-15,199.99
TXN017834,C0187,2025-06-15,39.99
TXN010151,C0205,2025-06-15,19.99
TXN008901,C0092,2025-06-15,29.99
TXN006400,C0069,2025-06-15,29.99
TXN011626,C0114,2025-06-15,43.42
TXN017195,C0134,2025-06-15,99.99
TXN007909,C0225,2025-06-15,21.01
TXN015893,C0172,2025-06-15,29.99
TXN002740,C0223,2025-06-15,17.0
TXN008267,C0284,2025-06-15,29.99
TXN008836,C0258,2025-06-15,19.99
TXN016366,C0257,2025-06-15,19.99
TXN007813,C0209,2025-06-15,39.99
TXN011498,C0160,2025-06-15,79.99
TXN016810,C0159,2025-06-15,79.99
TXN009703,C0036,2025-06-15,49.99
TXN008865,C0244,2025-06-16,69.54
TXN011864,C0237,2025-06-16,25.12
TXN013437,C0176,2025-06-16,59.99
TXN006598,C0061,2025-06-16,49.99
TXN018285,C0194,2025-06-16,149.99
TXN002989,C0183,2025-06-16,49.99
TXN007537,C0267,2025-06-16,29.99
TXN013882,C0005,2025-06-16,21.03
TXN013217,C0346,2025-06-16,199.99
TXN014512,C0114,2025-06-16,38.17
TXN007734,C0213,2025-06-16,48.55
TXN007277,C0293,2025-06-16,59.99
TXN007350,C0008,2025-06-16,29.99
TXN011862,C0212,2025-06-16,39.99
TXN012834,C0114,2025-06-16,49.99
TXN013670,C0109,2025-06-16,149.99
TXN013430,C0042,2025-06-16,129.99
TXN015418,C0056,2025-06-16,29.99
TXN003428,C0077,2025-06-16,99.99
TXN014899,C0016,2025-06-16,149.99
TXN009427,C0283,2025-06-16,39.99
TXN008977,C0225,2025-06-16,22.38
TXN016467,C0105,2025-06-16,29.99
TXN016266,C0159,2025-06-16,79.99
TXN013059,C0081,2025-06-16,59.99
TXN011207,C0283,2025-06-16,39.99
TXN007914,C0303,2025-06-16,19.99
TXN003505,C0194,2025-06-16,149.99
TXN008090,C0252,2025-06-16,49.99
TXN006536,C0245,2025-06-16,39.99
TXN006831,C0194,2025-06-16,133.64
TXN007868,C0049,2025-06-16,129.99
TXN008174,C0150,2025-06-16,99.99
TXN002101,C0318,2025-06-16,39.99
TXN012600,C0247,2025-06-16,49.99
TXN006543,C0271,2025-06-16,59.99
TXN011262,C0224,2025-06-16,49.99
TXN012494,C0192,2025-06-16,79.99
TXN011983,C0048,2025-06-16,59.99
TXN013955,C0179,2025-06-16,49.99
TXN001107,C0273,2025-06-16,199.99
TXN004085,C0173,2025-06-16,39.99
TXN006404,C0254,2025-06-17,79.99
TXN018076,C0131,2025-06-17,59.99
TXN017929,C0291,2025-06-17,49.99
TXN015678,C0220,2025-06-17,29.99
TXN002158,C0302,2025-06-17,49.99
TXN015344,C0319,2025-06-17,29.99
TXN003396,C0267,2025-06-17,29.99
TXN003819,C0047,2025-06-17,29.99
TXN011968,C0016,2025-06-17,149.99
TXN010884,C0160,2025-06-17,79.99
TXN012812,C0061,2025-06-17,49.99
TXN003438,C0327,2025-06-17,79.99
TXN009188,C0153,2025-06-17,79.99
TXN005377,C0241,2025-06-17,110.56
TXN009273,C0164,2025-06-17,49.99
TXN015455,C0302,2025-06-17,49.99
TXN017855,C0180,2025-06-17,39.99
TXN008004,C0222,2025-06-17,59.99
TXN012500,C0306,2025-06-17,29.99
TXN012178,C0334,2025-06-17,26.6
TXN003912,C0020,2025-06-17,15.49
TXN012945,C0018,2025-06-17,29.99
TXN014473,C0047,2025-06-17,29.99
TXN006691,C0114,2025-06-17,49.99
TXN012650,C0306,2025-06-17,29.99
TXN007518,C0217,2025-06-17,24.07
TXN013846,C0112,2025-06-17,49.99
TXN013245,C0013,2025-06-17,43.27
TXN010743,C0030,2025-06-17,199.99
TXN011359,C0192,2025-06-17,79.99
TXN002965,C0177,2025-06-17,59.99
TXN012271,C0064,2025-06-17,149.99
TXN001166,C0199,2025-06-17,99.99
TXN001819,C0130,2025-06-17,129.99
TXN002192,C0143,2025-06-17,59.99
TXN017771,C0222,2025-06-18,59.99
TXN016554,C0261,2025-06-18,49.99
TXN015670,C0022,2025-06-18,26.56
TXN004746,C0026,2025-06-18,79.99
TXN016944,C0060,2025-06-18,39.99
TXN015657,C0343,2025-06-18,49.99
TXN012877,C0047,2025-06-18,29.99
TXN006862,C0318,2025-06-18,39.99
TXN013446,C0121,2025-06-18,59.99
TXN015922,C0179,2025-06-18,43.15
TXN008168,C0300,2025-06-18,49.99
TXN010435,C0305,2025-06-18,149.99
TXN012633,C0035,2025-06-18,63.21
TXN011753,C0197,2025-06-18,19.99
TXN007904,C0340,2025-06-18,35.32
TXN000595,C0247,2025-06-18,49.99
TXN013625,C0307,2025-06-18,59.99
TXN017373,C0283,2025-06-18,39.99
TXN002451,C0314,2025-06-18,59.99
TXN008231,C0264,2025-06-18,49.99
TXN000992,C0341,2025-06-18,49.99
TXN002747,C0212,2025-06-18,39.99
TXN001593,C0067,2025-06-18,39.99
TXN002717,C0064,2025-06-18,149.99
TXN009014,C0150,2025-06-18,99.99
TXN001677,C0165,2025-06-18,16.67
TXN011497,C0209,2025-06-18,39.99
TXN016996,C0219,2025-06-18,59.99
TXN007499,C0261,2025-06-18,49.99
TXN011904,C0330,2025-06-18,79.99
TXN011429,C0018,2025-06-18,29.99
TXN015600,C0282,2025-06-18,29.99
TXN012618,C0075,2025-06-18,49.99
TXN002390,C0161,2025-06-18,41.98
TXN016503,C0347,2025-06-19,99.99
TXN001110,C0188,2025-06-19,49.99
TXN015466,C0189,2025-06-19,49.99
TXN000634,C0314,2025-06-19,59.99
TXN016457,C0205,2025-06-19,19.99
TXN014412,C0238,2025-06-19,59.99
TXN008375,C0284,2025-06-19,29.99
TXN001181,C0184,2025-06-19,17.07
TXN010094,C0137,2025-06-19,101.84
TXN003859,C0238,2025-06-19,59.99
TXN012499,C0180,2025-06-19,39.99
TXN013199,C0186,2025-06-19,39.99
TXN001210,C0247,2025-06-19,49.99
TXN000092,C0038,2025-06-19,129.99
TXN002912,C0251,2025-06-19,49.99
TXN007601,C0263,2025-06-19,39.99
TXN007134,C0187,2025-06-19,39.99
TXN013481,C0329,2025-06-19,99.99
TXN008604,C0128,2025-06-19,59.99
TXN005697,C0330,2025-06-19,79.99
TXN002808,C0069,2025-06-19,29.99
TXN001278,C0166,2025-06-19,39.99
TXN006493,C0279,2025-06-19,19.99
TXN011224,C0161,2025-06-19,49.99
TXN000353,C0135,2025-06-19,49.99
TXN015106,C0217,2025-06-19,29.99
TXN001663,C0269,2025-06-19,39.99
TXN007811,C0215,2025-06-19,39.99
TXN007714,C0147,2025-06-19,19.99
TXN001899,C0134,2025-06-19,99.99
TXN012187,C0317,2025-06-19,29.99
TXN006541,C0055,2025-06-19,49.99
TXN008157,C0009,2025-06-19,79.99
TXN016840,C0338,2025-06-19,49.99
TXN012062,C0249,2025-06-19,19.99
TXN015265,C0026,2025-06-19,79.99
TXN000955,C0251,2025-06-20,49.99
TXN009261,C0201,2025-06-20,129.99
TXN003550,C0187,2025-06-20,39.99
TXN000289,C0258,2025-06-20,19.99
TXN006861,C0061,2025-06-20,49.99
TXN002550,C0265,2025-06-20,49.99
TXN000917,C0095,2025-06-20,19.99
TXN007336,C0167,2025-06-20,39.99
TXN009313,C0078,2025-06-20,49.99
TXN005002,C0248,2025-06-20,59.99
TXN016903,C0078,2025-06-20,49.99
TXN014836,C0258,2025-06-20,19.99
TXN003640,C0084,2025-06-20,19.99
TXN016232,C0085,2025-06-20,79.99
TXN009860,C0207,2025-06-20,29.99
TXN013151,C0166,2025-06-20,39.99
TXN016409,C0056,2025-06-20,21.03
TXN009727,C0339,2025-06-20,39.99
TXN015075,C0045,2025-06-20,59.99
TXN005188,C0286,2025-06-20,19.99
TXN008621,C0037,2025-06-20,99.99
TXN008478,C0333,2025-06-20,39.99
TXN017735,C0191,2025-06-20,79.99
TXN000702,C0253,2025-06-20,29.99
TXN015225,C0007,2025-06-20,39.99
TXN006740,C0248,2025-06-20,59.99
TXN016555,C0323,2025-06-20,99.99
TXN002986,C0271,2025-06-20,59.99
TXN002235,C0161,2025-06-20,49.99
TXN006009,C0241,2025-06-20,129.99
TXN006030,C0152,2025-06-21,49.99
TXN004520,C0015,2025-06-21,199.99
TXN006163,C0168,2025-06-21,39.99
TXN001150,C0259,2025-06-21,59.99
TXN011000,C0160,2025-06-21,79.99
TXN004455,C0060,2025-06-21,39.99
TXN006970,C0247,2025-06-21,49.99
TXN004714,C0344,2025-06-21,129.99
TXN016329,C0043,2025-06-21,24.92
TXN000654,C0027,2025-06-21,49.99
TXN006086,C0024,2025-06-21,99.99
TXN018317,C0196,2025-06-21,29.99
TXN009400,C0280,2025-06-21,16.81
TXN007694,C0286,2025-06-21,19.99
TXN009246,C0201,2025-06-21,129.99
TXN012924,C0188,2025-06-21,49.99
TXN013189,C0015,2025-06-21,199.99
TXN008650,C0143,2025-06-21,59.99
TXN014659,C0251,2025-06-21,49.99
TXN018038,C0028,2025-06-21,39.99
TXN003852,C0029,2025-06-21,39.99
TXN009205,C0265,2025-06-21,49.99
TXN001149,C0121,2025-06-21,59.99
TXN016899,C0098,2025-06-21,19.99
TXN013927,C0056,2025-06-21,29.99
TXN012606,C0242,2025-06-21,39.99
TXN017210,C0017,2025-06-21,59.99
TXN008878,C0176,2025-06-21,59.99
TXN009586,C0317,2025-06-21,25.81
TXN013864,C0104,2025-06-21,19.99
TXN016732,C0165,2025-06-21,19.99
TXN008019,C0036,2025-06-21,49.99
TXN008915,C0137,2025-06-21,129.99
TXN014268,C0081,2025-06-21,59.99
TXN017370,C0103,2025-06-21,49.99
TXN016721,C0244,2025-06-21,79.99
TXN001536,C0321,2025-06-21,129.99
TXN014159,C0047,2025-06-21,29.99
TXN008218,C0036,2025-06-22,49.99
TXN005780,C0238,2025-06-22,59.99
TXN007550,C0201,2025-06-22,129.99
TXN005474,C0202,2025-06-22,19.99
TXN010478,C0038,2025-06-22,129.99
TXN012021,C0037,2025-06-22,99.99
TXN016720,C0008,2025-06-22,29.99
TXN009895,C0092,2025-06-22,29.99
TXN017838,C0220,2025-06-22,29.99
TXN007389,C0307,2025-06-22,59.99
TXN009914,C0265,2025-06-22,49.99
TXN013374,C0077,2025-06-22,99.99
TXN008588,C0213,2025-06-22,59.99
TXN013677,C0005,2025-06-22,29.99
TXN017789,C0092,2025-06-22,29.99
TXN016000,C0340,2025-06-22,39.99
TXN015270,C0252,2025-06-22,49.99
TXN012177,C0311,2025-06-22,49.99
TXN015049,C0144,2025-06-22,19.99
TXN017561,C0050,2025-06-22,26.07
TXN014895,C0174,2025-06-22,29.99
TXN009933,C0192,2025-06-22,79.99
TXN007299,C0289,2025-06-22,79.99
TXN000355,C0285,2025-06-22,39.99
TXN003287,C0304,2025-06-22,49.99
TXN006477,C0286,2025-06-22,19.99
TXN012037,C0101,2025-06-23,129.99
TXN012087,C0345,2025-06-23,49.99
TXN010529,C0053,2025-06-23,29.99
TXN016472,C0319,2025-06-23,29.99
TXN008506,C0054,2025-06-23,99.99
TXN002569,C0253,2025-06-23,29.99
TXN015487,C0203,2025-06-23,107.82
TXN011545,C0261,2025-06-23,49.99
TXN010471,C0023,2025-06-23,49.99
TXN009764,C0082,2025-06-23,25.85
TXN015403,C0239,2025-06-23,39.99
TXN009241,C0025,2025-06-23,70.32
TXN001057,C0026,2025-06-23,69.78
TXN009387,C0318,2025-06-23,39.99
TXN006092,C0093,2025-06-23,19.99
TXN016058,C0287,2025-06-23,49.99
TXN010359,C0114,2025-06-23,49.99
TXN005744,C0344,2025-06-23,129.99
TXN006704,C0157,2025-06-23,59.99
TXN010391,C0040,2025-06-23,39.99
TXN009239,C0137,2025-06-23,129.99
TXN003041,C0019,2025-06-23,44.38
TXN011484,C0250,2025-06-23,45.87
TXN017024,C0155,2025-06-24,39.99
TXN012289,C0047,2025-06-24,29.99
TXN017294,C0122,2025-06-24,111.24
TXN012688,C0175,2025-06-24,17.36
TXN002941,C0314,2025-06-24,59.99
TXN001162,C0020,2025-06-24,19.99
TXN008891,C0340,2025-06-24,39.99
TXN016118,C0172,2025-06-24,29.99
TXN003871,C0272,2025-06-24,59.99
TXN015682,C0046,2025-06-24,79.99
TXN006264,C0052,2025-06-24,149.99
TXN000360,C0286,2025-06-24,19.99
TXN007325,C0209,2025-06-24,39.99
TXN004824,C0338,2025-06-24,49.99
TXN017053,C0147,2025-06-24,19.99
TXN010748,C0174,2025-06-24,29.99
TXN007113,C0335,2025-06-24,39.99
TXN000275,C0258,2025-06-24,19.99
TXN004698,C0218,2025-06-24,29.99
TXN015714,C0323,2025-06-24,99.99
TXN008853,C0275,2025-06-24,19.99
TXN008747,C0294,2025-06-24,49.99
TXN003623,C0085,2025-06-24,79.99
TXN009644,C0276,2025-06-24,79.99
TXN013523,C0187,2025-06-24,39.99
TXN014036,C0165,2025-06-24,19.99
TXN008017,C0029,2025-06-24,39.99
TXN003236,C0294,2025-06-24,49.99
TXN013099,C0041,2025-06-24,49.99
TXN013071,C0323,2025-06-24,99.99
TXN015040,C0189,2025-06-24,49.99
TXN018364,C0014,2025-06-24,29.99
TXN018009,C0208,2025-06-24,29.33
TXN006712,C0003,2025-06-24,29.99
TXN005836,C0086,2025-06-24,59.99
TXN014078,C0132,2025-06-24,49.99
TXN001509,C0045,2025-06-24,59.99
TXN000091,C0242,2025-06-24,39.99
TXN007903,C0042,2025-06-25,129.99
TXN008529,C0268,2025-06-25,59.99
TXN003327,C0029,2025-06-25,39.99
TXN003223,C0092,2025-06-25,29.99
TXN017476,C0120,2025-06-25,29.99
TXN008276,C0267,2025-06-25,29.99
TXN004986,C0240,2025-06-25,99.99
TXN002004,C0043,2025-06-25,29.99
TXN002327,C0349,2025-06-25,129.99
TXN010839,C0251,2025-06-25,49.99
TXN014906,C0039,2025-06-25,49.99
TXN010240,C0170,2025-06-25,39.99
TXN006473,C0269,2025-06-25,39.99
TXN013781,C0302,2025-06-25,49.99
TXN013222,C0218,2025-06-25,29.99
TXN008333,C0231,2025-06-25,45.38
TXN016389,C0012,2025-06-25,49.99
TXN015084,C0240,2025-06-25,99.99
TXN007141,C0088,2025-06-25,71.39
TXN012583,C0162,2025-06-25,71.22
TXN000815,C0289,2025-06-25,79.99
TXN001757,C0196,2025-06-25,29.99
TXN015002,C0345,2025-06-25,42.33
TXN005901,C0306,2025-06-25,29.99
TXN005465,C0116,2025-06-25,29.99
TXN016662,C0166,2025-06-25,39.99
TXN014360,C0041,2025-06-25,49.99
TXN013594,C0135,2025-06-25,49.99
TXN000699,C0011,2025-06-25,49.99
TXN000165,C0240,2025-06-25,99.99
TXN015771,C0311,2025-06-25,49.99
TXN001585,C0100,2025-06-25,49.99
TXN007520,C0171,2025-06-25,49.99
TXN002890,C0020,2025-06-25,19.99
TXN016560,C0183,2025-06-25,49.99
TXN002548,C0102,2025-06-25,31.68
TXN004550,C0318,2025-06-25,39.99
TXN010606,C0332,2025-06-25,19.99
TXN008491,C0145,2025-06-25,59.99
TXN009779,C0184,2025-06-25,19.99
TXN018449,C0191,2025-06-25,79.99
TXN006370,C0104,2025-06-26,19.99
TXN005153,C0065,2025-06-26,29.99
TXN011120,C0319,2025-06-26,29.99
TXN010050,C0026,2025-06-26,79.99
TXN010293,C0130,2025-06-26,129.99
TXN003561,C0036,2025-06-26,49.99
TXN003657,C0295,2025-06-26,39.99
TXN003445,C0328,2025-06-26,29.99
TXN000103,C0051,2025-06-26,29.99
TXN001262,C0252,2025-06-26,40.15
TXN009637,C0154,2025-06-26,99.99
TXN013959,C0089,2025-06-26,79.99
TXN018319,C0007,2025-06-26,39.99
TXN018493,C0101,2025-06-26,97.71
TXN004515,C0256,2025-06-26,29.99
TXN002443,C0159,2025-06-26,79.99
TXN012329,C0080,2025-06-26,59.99
TXN017830,C0157,2025-06-26,59.99
TXN008031,C0166,2025-06-26,39.99
TXN012995,C0135,2025-06-26,49.99
TXN017578,C0301,2025-06-26,79.99
TXN016639,C0340,2025-06-26,39.99
TXN018373,C0234,2025-06-26,79.99
TXN011880,C0256,2025-06-26,29.99
TXN009910,C0306,2025-06-26,25.42
TXN000113,C0271,2025-06-26,59.99
TXN013535,C0080,2025-06-26,59.99
TXN005411,C0079,2025-06-26,29.99
TXN008344,C0115,2025-06-26,59.99
TXN010139,C0191,2025-06-26,79.99
TXN015851,C0271,2025-06-26,59.99
TXN006081,C0300,2025-06-26,43.92
TXN010638,C0202,2025-06-26,19.99
TXN002040,C0032,2025-06-26,99.99
TXN008708,C0212,2025-06-26,39.99
TXN003491,C0222,2025-06-27,59.99
TXN014599,C0207,2025-06-27,29.99
TXN004014,C0224,2025-06-27,49.99
TXN003563,C0219,2025-06-27,59.99
TXN016480,C0230,2025-06-27,17.8
TXN007217,C0008,2025-06-27,29.99
TXN002177,C0346,2025-06-27,199.99
TXN002692,C0074,2025-06-27,29.99
TXN007785,C0326,2025-06-27,14.95
TXN007957,C0071,2025-06-27,49.99
TXN013220,C0055,2025-06-27,49.99
TXN010267,C0338,2025-06-27,49.99
TXN011466,C0247,2025-06-27,49.99
TXN001111,C0169,2025-06-27,59.99
TXN009715,C0186,2025-06-27,39.99
TXN000140,C0254,2025-06-27,79.99
TXN005762,C0151,2025-06-27,79.99
TXN002645,C0186,2025-06-27,39.99
TXN003807,C0295,2025-06-27,39.99
TXN009304,C0284,2025-06-27,29.99
TXN016661,C0139,2025-06-27,59.99
TXN005876,C0010,2025-06-27,59.99
TXN009025,C0340,2025-06-27,39.99
TXN000509,C0279,2025-06-27,19.99
TXN002874,C0330,2025-06-27,79.99
TXN004374,C0211,2025-06-27,49.99
TXN002625,C0151,2025-06-27,79.99
TXN015716,C0143,2025-06-27,59.99
TXN003426,C0219,2025-06-27,59.99
TXN006430,C0019,2025-06-27,59.99
TXN007678,C0026,2025-06-28,79.99
TXN008818,C0078,2025-06-28,49.99
TXN011627,C0043,2025-06-28,29.99
TXN015071,C0334,2025-06-28,29.99
TXN000298,C0149,2025-06-28,39.99
TXN017760,C0063,2025-06-28,39.99
TXN013063,C0303,2025-06-28,19.99
TXN012269,C0284,2025-06-28,29.99
TXN005001,C0294,2025-06-28,49.99
TXN015242,C0067,2025-06-28,32.37
TXN004039,C0102,2025-06-28,39.99
TXN001541,C0043,2025-06-28,29.99
TXN009712,C0286,2025-06-28,16.82
TXN016053,C0263,2025-06-28,39.99
TXN003953,C0098,2025-06-28,19.99
TXN003608,C0074,2025-06-28,29.99
TXN008097,C0187,2025-06-28,39.99
TXN001174,C0280,2025-06-28,19.99
TXN016485,C0064,2025-06-28,149.99
TXN000599,C0230,2025-06-28,19.99
TXN011337,C0213,2025-06-29,59.99
TXN013289,C0346,2025-06-29,199.99
TXN002927,C0326,2025-06-29,19.99
TXN017934,C0271,2025-06-29,59.99
TXN005319,C0142,2025-06-29,39.99
TXN003279,C0003,2025-06-29,29.99
TXN004875,C0292,2025-06-29,99.99
TXN008299,C0231,2025-06-29,59.99
TXN009342,C0249,2025-06-29,19.99
TXN011458,C0149,2025-06-29,39.99
TXN008762,C0229,2025-06-29,49.99
TXN018374,C0070,2025-06-29,149.99
TXN005938,C0294,2025-06-29,49.99
TXN014984,C0002,2025-06-29,29.99
TXN002594,C0315,2025-06-29,71.93
TXN008390,C0273,2025-06-29,199.99
TXN017354,C0001,2025-06-29,19.99
TXN015197,C0061,2025-06-29,49.99
TXN010006,C0304,2025-06-29,49.99
TXN007475,C0028,2025-06-29,39.99
TXN012383,C0024,2025-06-29,99.99
TXN003891,C0323,2025-06-29,99.99
TXN010003,C0162,2025-06-29,79.99
TXN016834,C0142,2025-06-29,39.99
TXN012395,C0114,2025-06-29,49.99
TXN013935,C0004,2025-06-29,99.99
TXN005047,C0274,2025-06-29,29.99
TXN012441,C0100,2025-06-29,49.99
TXN017357,C0241,2025-06-29,129.99
TXN003206,C0007,2025-06-30,39.99
TXN017191,C0251,2025-06-30,49.99
TXN016631,C0335,2025-06-30,39.99
TXN006782,C0191,2025-06-30,79.99
TXN016399,C0205,2025-06-30,19.99
TXN002097,C0115,2025-06-30,59.99
TXN011374,C0342,2025-06-30,59.99
TXN018020,C0038,2025-06-30,129.99
TXN018064,C0105,2025-06-30,29.99
TXN000767,C0088,2025-06-30,99.99
TXN005413,C0149,2025-06-30,39.99
TXN002308,C0318,2025-06-30,33.56
TXN006368,C0237,2025-06-30,23.61
TXN000337,C0141,2025-06-30,59.99
TXN003706,C0132,2025-06-30,49.99
TXN015512,C0062,2025-06-30,29.99
TXN007705,C0081,2025-06-30,59.99
TXN006819,C0231,2025-06-30,53.55
TXN010474,C0251,2025-06-30,49.99
TXN007353,C0232,2025-06-30,149.99
TXN012517,C0196,2025-06-30,29.99
TXN003698,C0022,2025-06-30,29.99
TXN002253,C0001,2025-06-30,19.99
TXN016855,C0044,2025-06-30,59.99
TXN018172,C0310,2025-06-30,19.99
TXN007416,C0339,2025-06-30,39.99
TXN000585,C0263,2025-06-30,39.99
TXN003588,C0283,2025-06-30,39.99
TXN005327,C0328,2025-06-30,29.99
TXN018047,C0309,2025-06-30,42.79
TXN017683,C0230,2025-06-30,19.99
TXN003994,C0245,2025-06-30,39.99
TXN000079,C0257,2025-06-30,14.18
TXN007511,C0140,2025-06-30,29.99
TXN012875,C0012,2025-06-30,49.99
TXN001740,C0100,2025-06-30,44.33
TXN014770,C0041,2025-06-30,49.99
TXN003054,C0179,2025-06-30,49.99
TXN017944,C0235,2025-06-30,74.44
TXN013635,C0040,2025-06-30,33.2
TXN003124,C0142,2025-06-30,39.99
TXN001906,C0138,2025-06-30,59.99
TXN000435,C0191,2025-07-01,79.99
TXN001085,C0171,2025-07-01,49.99
TXN006119,C0046,2025-07-01,56.28
TXN016863,C0022,2025-07-01,29.99
TXN007124,C0160,2025-07-01,79.99
TXN003290,C0175,2025-07-01,19.99
TXN000004,C0045,2025-07-01,59.99
TXN004601,C0087,2025-07-01,49.99
TXN004536,C0132,2025-07-01,49.99
TXN009892,C0171,2025-07-01,49.99
TXN015454,C0026,2025-07-01,79.99
TXN013790,C0116,2025-07-01,29.99
TXN001873,C0319,2025-07-01,29.99
TXN009544,C0326,2025-07-01,19.99
TXN009222,C0160,2025-07-01,79.99
TXN015493,C0012,2025-07-01,49.99
TXN013026,C0267,2025-07-01,22.07
TXN018142,C0054,2025-07-01,99.99
TXN000281,C0344,2025-07-01,129.99
TXN000478,C0201,2025-07-01,129.99
TXN010166,C0100,2025-07-01,49.99
TXN015381,C0222,2025-07-01,48.61
TXN008337,C0212,2025-07-01,39.99
TXN017058,C0020,2025-07-01,19.99
TXN011200,C0092,2025-07-01,29.99
TXN000776,C0241,2025-07-01,111.69
TXN008076,C0058,2025-07-01,49.99
TXN012191,C0186,2025-07-01,39.99
TXN005137,C0322,2025-07-01,49.99
TXN013487,C0071,2025-07-01,39.07
TXN016507,C0098,2025-07-01,19.99
TXN009174,C0290,2025-07-01,29.99
TXN005791,C0044,2025-07-01,59.99
TXN007599,C0088,2025-07-01,99.99
TXN013573,C0012,2025-07-01,49.99
TXN017325,C0053,2025-07-02,29.99
TXN004712,C0142,2025-07-02,39.99
TXN014232,C0103,2025-07-02,49.99
TXN008808,C0307,2025-07-02,45.63
TXN009064,C0034,2025-07-02,49.99
TXN001288,C0158,2025-07-02,79.99
TXN015770,C0005,2025-07-02,29.99
TXN004020,C0176,2025-07-02,59.99
TXN001081,C0292,2025-07-02,80.19
TXN005143,C0215,2025-07-02,39.99
TXN010382,C0192,2025-07-02,79.99
TXN004469,C0018,2025-07-02,29.99
TXN009476,C0095,2025-07-02,19.99
TXN008508,C0001,2025-07-02,19.99
TXN016822,C0282,2025-07-02,29.99
TXN013980,C0160,2025-07-02,79.99
TXN014091,C0001,2025-07-02,19.99
TXN016913,C0284,2025-07-02,29.99
TXN008342,C0193,2025-07-02,50.24
TXN000985,C0130,2025-07-02,129.99
TXN017588,C0235,2025-07-02,99.99
TXN002349,C0180,2025-07-02,39.99
TXN006851,C0332,2025-07-02,19.99
TXN008517,C0143,2025-07-02,59.99
TXN009006,C0290,2025-07-02,29.99
TXN004673,C0276,2025-07-02,79.99
TXN008738,C0003,2025-07-02,29.99
TXN005075,C0275,2025-07-02,19.99
TXN004297,C0341,2025-07-02,49.99
TXN006806,C0080,2025-07-02,59.99
TXN004031,C0048,2025-07-02,59.99
TXN011991,C0228,2025-07-02,79.99
TXN014086,C0247,2025-07-02,49.99
TXN005086,C0303,2025-07-02,19.99
TXN015174,C0205,2025-07-02,19.99
TXN009817,C0346,2025-07-02,199.99
TXN010394,C0328,2025-07-02,29.99
TXN000230,C0272,2025-07-03,59.99
TXN005260,C0151,2025-07-03,79.99
TXN011897,C0332,2025-07-03,16.33
TXN010368,C0200,2025-07-03,21.71
TXN009482,C0046,2025-07-03,79.99
TXN017969,C0172,2025-07-03,29.99
TXN001432,C0332,2025-07-03,19.99
TXN001187,C0239,2025-07-03,39.99
TXN016581,C0341,2025-07-03,49.99
TXN005638,C0321,2025-07-03,129.99
TXN006329,C0009,2025-07-03,79.99
TXN014827,C0069,2025-07-03,29.99
TXN017661,C0219,2025-07-03,59.99
TXN017352,C0129,2025-07-03,99.99
TXN011083,C0124,2025-07-03,59.99
TXN003868,C0034,2025-07-03,49.99
TXN003605,C0278,2025-07-03,39.99
TXN006653,C0091,2025-07-03,99.99
TXN007216,C0322,2025-07-03,49.99
TXN008569,C0097,2025-07-03,129.99
TXN017094,C0219,2025-07-03,59.99
TXN015214,C0170,2025-07-03,39.99
TXN001626,C0212,2025-07-03,34.16
TXN010443,C0117,2025-07-03,19.99
TXN004400,C0113,2025-07-03,49.99
TXN003035,C0010,2025-07-03,59.99
TXN004717,C0174,2025-07-03,29.99
TXN012143,C0188,2025-07-03,49.99
TXN005427,C0252,2025-07-04,49.99
TXN005299,C0189,2025-07-04,49.99
TXN009534,C0315,2025-07-04,79.99
TXN013836,C0001,2025-07-04,19.99
TXN010169,C0060,2025-07-04,39.99
TXN007874,C0263,2025-07-04,39.99
TXN017388,C0048,2025-07-04,59.99
TXN006759,C0180,2025-07-04,39.99
TXN018474,C0202,2025-07-04,16.86
TXN011261,C0256,2025-07-04,29.99
TXN010547,C0014,2025-07-04,29.99
TXN014236,C0185,2025-07-04,39.99
TXN016169,C0265,2025-07-04,49.99
TXN013466,C0048,2025-07-04,59.99
TXN002636,C0234,2025-07-04,79.99
TXN001744,C0342,2025-07-04,59.99
TXN011136,C0319,2025-07-04,29.99
TXN005959,C0097,2025-07-04,129.99
TXN003344,C0319,2025-07-04,29.99
TXN017051,C0064,2025-07-04,149.99
TXN003066,C0350,2025-07-04,19.99
TXN013966,C0163,2025-07-04,29.99
TXN003695,C0006,2025-07-04,149.99
TXN008714,C0068,2025-07-04,79.99
TXN002415,C0169,2025-07-04,50.54
TXN011734,C0049,2025-07-04,108.98
TXN018406,C0152,2025-07-04,49.99
TXN004204,C0231,2025-07-04,59.99
TXN010427,C0174,2025-07-04,29.99
TXN009599,C0239,2025-07-04,39.99
TXN011365,C0186,2025-07-04,39.99
TXN018203,C0026,2025-07-04,79.99
TXN012691,C0153,2025-07-04,58.17
TXN004880,C0220,2025-07-04,29.99
TXN004705,C0124,2025-07-05,59.99
TXN003840,C0005,2025-07-05,29.99
TXN006915,C0346,2025-07-05,199.99
TXN001360,C0128,2025-07-05,59.99
TXN008541,C0240,2025-07-05,99.99
TXN002286,C0288,2025-07-05,19.99
TXN006673,C0330,2025-07-05,79.99
TXN016883,C0211,2025-07-05,49.99
TXN005276,C0285,2025-07-05,39.99
TXN000697,C0145,2025-07-05,59.99
TXN013482,C0324,2025-07-05,44.44
TXN015082,C0120,2025-07-05,29.99
TXN012886,C0046,2025-07-05,79.99
TXN014929,C0047,2025-07-05,29.99
TXN010869,C0330,2025-07-05,79.99
TXN007761,C0217,2025-07-05,29.99
TXN008040,C0311,2025-07-05,49.99
TXN002581,C0100,2025-07-05,49.99
TXN004834,C0224,2025-07-05,44.26
TXN013010,C0122,2025-07-05,149.99
TXN004156,C0279,2025-07-05,19.99
TXN003252,C0120,2025-07-05,29.99
TXN004286,C0210,2025-07-05,79.99
TXN017840,C0348,2025-07-05,29.99
TXN008223,C0348,2025-07-05,29.99
TXN000964,C0025,2025-07-05,79.99
TXN000316,C0349,2025-07-05,129.99
TXN008329,C0238,2025-07-05,59.99
TXN000818,C0005,2025-07-05,29.99
TXN001852,C0168,2025-07-05,39.99
TXN003874,C0037,2025-07-05,99.99
TXN014611,C0193,2025-07-05,59.99
TXN015450,C0152,2025-07-05,49.99
TXN010249,C0278,2025-07-05,39.99
TXN003926,C0226,2025-07-05,149.99
TXN016816,C0062,2025-07-05,29.99
TXN004757,C0340,2025-07-06,39.99
TXN010218,C0134,2025-07-06,99.99
TXN016609,C0140,2025-07-06,22.27
TXN000962,C0143,2025-07-06,59.99
TXN016887,C0274,2025-07-06,29.99
TXN010279,C0186,2025-07-06,39.99
TXN016659,C0317,2025-07-06,29.99
TXN011457,C0222,2025-07-06,59.99
TXN009911,C0246,2025-07-06,99.99
TXN010467,C0026,2025-07-06,79.99
TXN018242,C0013,2025-07-06,59.99
TXN017570,C0077,2025-07-06,99.99
TXN012090,C0197,2025-07-06,19.99
TXN007983,C0001,2025-07-06,19.99
TXN000130,C0143,2025-07-06,59.99
TXN005343,C0086,2025-07-06,59.99
TXN014548,C0224,2025-07-06,49.99
TXN009386,C0335,2025-07-06,39.99
TXN014294,C0265,2025-07-06,49.99
TXN003098,C0234,2025-07-06,79.99
TXN002953,C0253,2025-07-06,29.99
TXN007363,C0005,2025-07-06,29.99
TXN015542,C0142,2025-07-06,39.99
TXN001172,C0217,2025-07-06,29.99
TXN001260,C0056,2025-07-06,26.42
TXN006278,C0012,2025-07-06,49.99
TXN005943,C0188,2025-07-06,49.99
TXN017800,C0118,2025-07-06,39.99
TXN008498,C0136,2025-07-06,19.99
TXN001347,C0205,2025-07-06,14.26
TXN015804,C0060,2025-07-06,39.99
TXN005770,C0320,2025-07-07,199.99
TXN005381,C0012,2025-07-07,49.99
TXN006990,C0291,2025-07-07,49.99
TXN007352,C0099,2025-07-07,29.99
TXN002788,C0350,2025-07-07,19.99
TXN018254,C0350,2025-07-07,19.99
TXN001239,C0182,2025-07-07,49.99
TXN001280,C0091,2025-07-07,85.76
TXN005250,C0247,2025-07-07,49.99
TXN011189,C0200,2025-07-07,25.82
TXN011078,C0313,2025-07-07,39.99
TXN003766,C0180,2025-07-07,39.99
TXN010739,C0194,2025-07-07,149.99
TXN003669,C0229,2025-07-07,49.99
TXN000030,C0258,2025-07-07,19.99
TXN002772,C0183,2025-07-07,49.99
TXN015813,C0334,2025-07-07,29.99
TXN000173,C0332,2025-07-07,19.99
TXN016046,C0175,2025-07-07,19.99
TXN014919,C0077,2025-07-07,99.99
TXN011623,C0015,2025-07-07,199.99
TXN006248,C0300,2025-07-07,49.99
TXN002103,C0074,2025-07-07,21.62
TXN003045,C0163,2025-07-07,29.99
TXN004338,C0281,2025-07-07,99.99
TXN014962,C0025,2025-07-07,79.99
TXN001624,C0350,2025-07-07,15.65
TXN001034,C0312,2025-07-07,79.99
TXN002273,C0253,2025-07-07,29.99
TXN013414,C0283,2025-07-07,39.99
TXN012033,C0267,2025-07-07,29.99
TXN015967,C0183,2025-07-07,49.99
TXN003178,C0349,2025-07-07,129.99
TXN011978,C0099,2025-07-07,24.07
TXN016426,C0185,2025-07-08,39.99
TXN014778,C0263,2025-07-08,39.99
TXN012433,C0141,2025-07-08,59.99
TXN007639,C0122,2025-07-08,149.99
TXN015251,C0311,2025-07-08,49.99
TXN013188,C0069,2025-07-08,29.99
TXN001551,C0112,2025-07-08,49.99
TXN016116,C0230,2025-07-08,19.99
TXN001737,C0188,2025-07-08,38.44
TXN018219,C0208,2025-07-08,29.75
TXN016524,C0029,2025-07-08,39.99
TXN004376,C0264,2025-07-08,42.78
TXN012358,C0075,2025-07-08,49.99
TXN017070,C0025,2025-07-08,79.99
TXN002083,C0104,2025-07-08,19.99
TXN000066,C0001,2025-07-08,19.99
TXN016365,C0252,2025-07-08,49.99
TXN002418,C0186,2025-07-08,39.99
TXN011240,C0314,2025-07-08,59.99
TXN016545,C0224,2025-07-08,49.99
TXN001373,C0150,2025-07-08,99.99
TXN017431,C0181,2025-07-08,99.99
TXN003610,C0310,2025-07-08,19.99
TXN012573,C0341,2025-07-08,49.99
TXN001356,C0019,2025-07-08,59.99
TXN008086,C0043,2025-07-08,29.99
TXN005017,C0254,2025-07-08,58.86
TXN008497,C0326,2025-07-08,19.99
TXN004034,C0217,2025-07-08,29.99
TXN016196,C0014,2025-07-08,29.99
TXN002710,C0014,2025-07-08,29.99
TXN008136,C0120,2025-07-08,29.99
TXN015160,C0334,2025-07-08,29.99
TXN006043,C0324,2025-07-09,49.99
TXN010562,C0038,2025-07-09,129.99
TXN017283,C0345,2025-07-09,49.99
TXN013247,C0213,2025-07-09,43.53
TXN001097,C0130,2025-07-09,129.99
TXN016519,C0236,2025-07-09,22.93
TXN004223,C0284,2025-07-09,29.99
TXN005048,C0175,2025-07-09,19.99
TXN015273,C0224,2025-07-09,49.99
TXN002970,C0141,2025-07-09,45.27
TXN015987,C0267,2025-07-09,29.99
TXN001232,C0229,2025-07-09,49.99
TXN006752,C0282,2025-07-09,29.99
TXN010161,C0214,2025-07-09,59.99
TXN018262,C0061,2025-07-09,38.48
TXN016573,C0333,2025-07-09,39.99
TXN014679,C0104,2025-07-09,16.11
TXN011980,C0291,2025-07-09,49.99
TXN011059,C0041,2025-07-09,49.99
TXN011820,C0127,2025-07-09,29.99
TXN014643,C0127,2025-07-09,29.99
TXN006774,C0005,2025-07-09,29.99
TXN007315,C0015,2025-07-09,199.99
TXN010520,C0317,2025-07-09,29.99
TXN012060,C0208,2025-07-09,39.99
TXN018095,C0050,2025-07-09,29.99
TXN006099,C0027,2025-07-09,49.99
TXN016802,C0084,2025-07-09,19.99
TXN005249,C0048,2025-07-09,45.8
TXN001353,C0316,2025-07-09,129.99
TXN006051,C0095,2025-07-09,14.66
TXN011749,C0046,2025-07-09,79.99
TXN002181,C0222,2025-07-10,59.99
TXN003952,C0283,2025-07-10,39.99
TXN007308,C0191,2025-07-10,79.99
TXN015430,C0140,2025-07-10,29.99
TXN003320,C0061,2025-07-10,49.99
TXN014142,C0169,2025-07-10,59.99
TXN010998,C0124,2025-07-10,59.99
TXN001384,C0086,2025-07-10,59.99
TXN006804,C0241,2025-07-10,129.99
TXN012616,C0170,2025-07-10,39.99
TXN006579,C0175,2025-07-10,19.99
TXN002196,C0282,2025-07-10,29.99
TXN018094,C0132,2025-07-10,49.99
TXN015497,C0176,2025-07-10,59.99
TXN003310,C0164,2025-07-10,49.99
TXN011823,C0293,2025-07-10,59.99
TXN012492,C0239,2025-07-10,34.15
TXN003116,C0023,2025-07-10,49.99
TXN015941,C0133,2025-07-10,59.99
TXN015599,C0261,2025-07-10,49.99
TXN017659,C0200,2025-07-10,29.99
TXN015431,C0226,2025-07-10,121.11
TXN000020,C0268,2025-07-10,59.99
TXN004966,C0154,2025-07-10,72.36
TXN000877,C0109,2025-07-10,149.99
TXN017410,C0252,2025-07-10,49.99
TXN013877,C0113,2025-07-10,49.99
TXN017214,C0052,2025-07-10,149.99
TXN002452,C0039,2025-07-11,49.99
TXN002079,C0216,2025-07-11,39.99
TXN008545,C0310,2025-07-11,19.99
TXN005255,C0061,2025-07-11,49.99
TXN000731,C0114,2025-07-11,49.99
TXN002242,C0302,2025-07-11,49.99
TXN011861,C0116,2025-07-11,29.99
TXN013632,C0189,2025-07-11,49.99
TXN011636,C0053,2025-07-11,25.58
TXN001276,C0331,2025-07-11,59.99
TXN002532,C0218,2025-07-11,29.99
TXN001284,C0270,2025-07-11,49.99
TXN003005,C0083,2025-07-11,29.99
TXN005388,C0046,2025-07-11,79.99
TXN012966,C0024,2025-07-11,78.98
TXN017515,C0266,2025-07-11,199.99
TXN010718,C0121,2025-07-11,43.21
TXN011176,C0176,2025-07-11,59.99
TXN004859,C0263,2025-07-11,39.99
TXN004904,C0187,2025-07-11,39.99
TXN013942,C0211,2025-07-11,49.99
TXN007497,C0001,2025-07-11,19.99
TXN013382,C0191,2025-07-11,79.99
TXN004979,C0298,2025-07-11,168.04
TXN006339,C0101,2025-07-11,129.99
TXN013553,C0289,2025-07-11,79.99
TXN008941,C0314,2025-07-12,59.99
TXN004781,C0192,2025-07-12,70.76
TXN006659,C0256,2025-07-12,26.05
TXN008975,C0107,2025-07-12,149.99
TXN016842,C0056,2025-07-12,29.99
TXN001354,C0282,2025-07-12,29.99
TXN008684,C0056,2025-07-12,29.99
TXN006140,C0028,2025-07-12,39.99
TXN013370,C0124,2025-07-12,59.99
TXN009085,C0298,2025-07-12,199.99
TXN003436,C0164,2025-07-12,49.99
TXN000969,C0207,2025-07-12,29.99
TXN008985,C0100,2025-07-12,42.19
TXN017381,C0333,2025-07-12,39.99
TXN002541,C0241,2025-07-12,92.67
TXN009756,C0035,2025-07-12,79.99
TXN017332,C0064,2025-07-12,149.99
TXN001118,C0042,2025-07-12,129.99
TXN014218,C0141,2025-07-12,59.99
TXN008075,C0024,2025-07-12,99.99
TXN004636,C0350,2025-07-12,19.99
TXN014543,C0288,2025-07-12,19.99
TXN008025,C0283,2025-07-12,32.77
TXN004308,C0285,2025-07-12,39.99
TXN014059,C0188,2025-07-12,49.99
TXN007551,C0153,2025-07-12,79.99
TXN012298,C0342,2025-07-12,59.99
TXN012793,C0044,2025-07-12,59.99
TXN007764,C0138,2025-07-12,59.99
TXN001124,C0289,2025-07-12,79.99
TXN016314,C0055,2025-07-12,49.99
TXN016586,C0251,2025-07-12,49.99
TXN007408,C0095,2025-07-12,19.99
TXN003153,C0120,2025-07-13,22.33
TXN016387,C0213,2025-07-13,59.99
TXN004870,C0324,2025-07-13,49.99
TXN010834,C0232,2025-07-13,123.36
TXN012759,C0068,2025-07-13,79.99
TXN015852,C0115,2025-07-13,49.46
TXN009327,C0210,2025-07-13,79.99
TXN000483,C0161,2025-07-13,49.99
TXN014878,C0213,2025-07-13,59.99
TXN016954,C0191,2025-07-13,79.99
TXN009983,C0165,2025-07-13,19.99
TXN011855,C0337,2025-07-13,129.99
TXN002617,C0039,2025-07-13,49.99
TXN002988,C0003,2025-07-13,29.99
TXN003215,C0018,2025-07-13,29.99
TXN000318,C0140,2025-07-13,23.6
TXN008799,C0073,2025-07-13,19.99
TXN017574,C0100,2025-07-13,49.99
TXN013680,C0342,2025-07-13,59.99
TXN015651,C0304,2025-07-13,40.28
TXN007643,C0166,2025-07-13,39.99
TXN004247,C0044,2025-07-13,59.99
TXN013968,C0191,2025-07-13,79.99
TXN001201,C0283,2025-07-13,39.99
TXN000936,C0318,2025-07-13,39.99
TXN011234,C0026,2025-07-13,79.99
TXN010610,C0098,2025-07-13,19.99
TXN014957,C0259,2025-07-13,59.99
TXN014676,C0158,2025-07-13,79.99
TXN012553,C0248,2025-07-13,59.99
TXN003050,C0317,2025-07-13,29.99
TXN004999,C0307,2025-07-13,59.99
TXN014509,C0291,2025-07-13,49.99
TXN016729,C0134,2025-07-13,99.99
TXN004892,C0251,2025-07-13,49.99
TXN017009,C0284,2025-07-13,29.99
TXN006121,C0283,2025-07-13,39.99
TXN007879,C0309,2025-07-13,49.99
TXN009855,C0312,2025-07-13,79.99
TXN011938,C0095,2025-07-13,19.99
TXN006130,C0024,2025-07-13,99.99
TXN012947,C0008,2025-07-14,24.01
TXN004672,C0261,2025-07-14,49.99
TXN002010,C0211,2025-07-14,49.99
TXN018324,C0095,2025-07-14,19.99
TXN001175,C0211,2025-07-14,49.99
TXN016438,C0040,2025-07-14,39.99
TXN017131,C0053,2025-07-14,29.99
TXN018185,C0287,2025-07-14,49.99
TXN003885,C0004,2025-07-14,99.99
TXN011354,C0139,2025-07-14,59.99
TXN007673,C0110,2025-07-14,59.99
TXN006200,C0060,2025-07-14,39.99
TXN011962,C0062,2025-07-14,26.27
TXN008618,C0158,2025-07-14,79.99
TXN016363,C0187,2025-07-14,39.99
TXN016165,C0116,2025-07-14,29.99
TXN008082,C0075,2025-07-14,49.99
TXN014769,C0058,2025-07-14,49.99
TXN011711,C0292,2025-07-14,99.99
TXN017300,C0176,2025-07-14,59.99
TXN014079,C0189,2025-07-14,49.99
TXN011899,C0094,2025-07-14,29.99
TXN018126,C0057,2025-07-14,99.99
TXN017839,C0172,2025-07-14,22.57
TXN011291,C0034,2025-07-14,49.99
TXN007916,C0156,2025-07-14,39.99
TXN008216,C0048,2025-07-14,59.99
TXN000929,C0237,2025-07-15,29.99
TXN018213,C0088,2025-07-15,99.99
TXN012036,C0020,2025-07-15,19.99
TXN012199,C0058,2025-07-15,49.99
TXN010101,C0318,2025-07-15,31.84
TXN000412,C0093,2025-07-15,19.99
TXN000859,C0125,2025-07-15,49.99
TXN009551,C0321,2025-07-15,103.18
TXN017176,C0310,2025-07-15,17.29
TXN011437,C0249,2025-07-15,19.99
TXN010767,C0073,2025-07-15,19.99
TXN014522,C0220,2025-07-15,29.99
TXN006555,C0038,2025-07-15,129.99
TXN010550,C0338,2025-07-15,49.99
TXN016652,C0016,2025-07-15,149.99
TXN013102,C0262,2025-07-15,29.99
TXN005380,C0306,2025-07-15,29.99
TXN000700,C0074,2025-07-15,29.99
TXN001372,C0027,2025-07-15,49.99
TXN014322,C0304,2025-07-15,49.99
TXN002291,C0192,2025-07-15,79.99
TXN008163,C0207,2025-07-15,29.99
TXN013171,C0056,2025-07-15,29.99
TXN000986,C0306,2025-07-15,29.99
TXN008562,C0251,2025-07-15,49.99
TXN004616,C0165,2025-07-15,19.99
TXN016473,C0321,2025-07-15,129.99
TXN012346,C0022,2025-07-15,29.99
TXN008577,C0332,2025-07-15,19.99
TXN009449,C0039,2025-07-15,49.99
TXN007613,C0319,2025-07-15,29.99
TXN003989,C0022,2025-07-15,29.99
TXN003194,C0122,2025-07-15,149.99
TXN017831,C0108,2025-07-15,19.99
TXN014346,C0270,2025-07-15,49.99
TXN017340,C0296,2025-07-15,39.99
TXN007469,C0281,2025-07-16,99.99
TXN005108,C0147,2025-07-16,19.99
TXN008956,C0160,2025-07-16,79.99
TXN014545,C0034,2025-07-16,49.99
TXN002164,C0109,2025-07-16,149.99
TXN004994,C0299,2025-07-16,59.99
TXN007453,C0108,2025-07-16,19.99
TXN009442,C0036,2025-07-16,49.99
TXN005738,C0275,2025-07-16,19.99
TXN009034,C0350,2025-07-16,19.99
TXN000170,C0100,2025-07-16,49.99
TXN001225,C0031,2025-07-16,19.99
TXN016757,C0271,2025-07-16,59.99
TXN018413,C0151,2025-07-16,79.99
TXN006040,C0040,2025-07-16,39.99
TXN002266,C0257,2025-07-16,19.99
TXN008038,C0274,2025-07-16,29.99
TXN002939,C0296,2025-07-16,30.83
TXN011449,C0271,2025-07-16,59.99
TXN017967,C0138,2025-07-16,59.99
TXN018026,C0025,2025-07-16,79.99
TXN018081,C0002,2025-07-16,29.99
TXN008069,C0120,2025-07-16,29.99
TXN006053,C0056,2025-07-16,29.99
TXN007956,C0264,2025-07-16,49.99
TXN005516,C0160,2025-07-16,79.99
TXN010619,C0128,2025-07-16,59.99
TXN008617,C0137,2025-07-16,98.91
TXN008358,C0235,2025-07-16,99.99
TXN018222,C0056,2025-07-16,29.99
TXN002063,C0056,2025-07-16,29.99
TXN016083,C0066,2025-07-16,59.99
TXN017631,C0332,2025-07-16,19.99
TXN017324,C0057,2025-07-16,99.99
TXN016998,C0302,2025-07-16,49.99
TXN011948,C0021,2025-07-16,19.99
TXN008484,C0095,2025-07-16,19.99
TXN018279,C0199,2025-07-16,75.54
TXN006664,C0192,2025-07-17,70.97
TXN006937,C0112,2025-07-17,49.99
TXN013379,C0015,2025-07-17,199.99
TXN003699,C0161,2025-07-17,49.99
TXN008152,C0328,2025-07-17,29.99
TXN006846,C0199,2025-07-17,99.99
TXN011596,C0161,2025-07-17,37.82
TXN010778,C0121,2025-07-17,59.99
TXN007180,C0294,2025-07-17,49.99
TXN009210,C0040,2025-07-17,39.99
TXN013732,C0124,2025-07-17,59.99
TXN005000,C0294,2025-07-17,49.99
TXN015948,C0273,2025-07-17,199.99
TXN012473,C0087,2025-07-17,49.99
TXN015086,C0137,2025-07-17,114.44
TXN006511,C0244,2025-07-17,79.99
TXN001940,C0017,2025-07-17,59.99
TXN012672,C0328,2025-07-17,29.99
TXN010820,C0008,2025-07-17,29.99
TXN007016,C0003,2025-07-17,29.99
TXN011935,C0317,2025-07-17,22.57
TXN017152,C0079,2025-07-17,29.99
TXN000849,C0298,2025-07-17,199.99
TXN004113,C0180,2025-07-17,39.99
TXN001314,C0201,2025-07-17,129.99
TXN018103,C0201,2025-07-17,129.99
TXN015513,C0016,2025-07-17,149.99
TXN003077,C0263,2025-07-17,34.51
TXN002915,C0085,2025-07-17,79.99
TXN004329,C0093,2025-07-17,19.99
TXN006575,C0153,2025-07-18,79.99
TXN000143,C0208,2025-07-18,39.99
TXN008501,C0033,2025-07-18,49.99
TXN011014,C0013,2025-07-18,59.99
TXN000550,C0310,2025-07-18,19.99
TXN014927,C0050,2025-07-18,29.99
TXN015785,C0257,2025-07-18,19.99
TXN016699,C0090,2025-07-18,49.99
TXN005039,C0242,2025-07-18,39.99
TXN002565,C0172,2025-07-18,29.99
TXN001592,C0176,2025-07-18,59.99
TXN000485,C0062,2025-07-18,29.99
TXN018434,C0332,2025-07-18,19.99
TXN007787,C0324,2025-07-18,49.99
TXN010844,C0241,2025-07-18,129.99
TXN001230,C0104,2025-07-18,19.99
TXN016799,C0132,2025-07-18,49.99
TXN003734,C0001,2025-07-18,19.99
TXN005096,C0125,2025-07-18,49.99
TXN001168,C0104,2025-07-18,19.99
TXN002183,C0110,2025-07-18,59.99
TXN006321,C0063,2025-07-18,39.99
TXN015530,C0085,2025-07-18,79.99
TXN017866,C0238,2025-07-18,59.99
TXN009859,C0098,2025-07-18,17.44
TXN018183,C0188,2025-07-18,49.99
TXN005626,C0201,2025-07-18,129.99
TXN004349,C0020,2025-07-19,19.99
TXN003546,C0328,2025-07-19,29.99
TXN003138,C0005,2025-07-19,29.99
TXN009788,C0246,2025-07-19,99.99
TXN008434,C0238,2025-07-19,59.99
TXN012584,C0224,2025-07-19,49.99
TXN017527,C0021,2025-07-19,19.99
TXN001943,C0102,2025-07-19,29.68
TXN007460,C0231,2025-07-19,59.99
TXN005728,C0125,2025-07-19,49.99
TXN015320,C0302,2025-07-19,49.99
TXN010557,C0224,2025-07-19,49.99
TXN007712,C0158,2025-07-19,56.21
TXN006315,C0115,2025-07-19,59.99
TXN012692,C0340,2025-07-19,39.99
TXN003416,C0249,2025-07-19,19.99
TXN003506,C0340,2025-07-19,35.84
TXN017864,C0313,2025-07-19,39.99
TXN018278,C0318,2025-07-19,39.99
TXN007792,C0076,2025-07-19,39.99
TXN011453,C0076,2025-07-19,39.99
TXN008813,C0025,2025-07-19,79.99
TXN001637,C0176,2025-07-19,59.99
TXN001287,C0037,2025-07-19,80.91
TXN005131,C0083,2025-07-19,29.99
TXN008671,C0236,2025-07-19,29.99
TXN005101,C0099,2025-07-19,29.99
TXN016406,C0275,2025-07-19,19.99
TXN007509,C0169,2025-07-19,59.99
TXN012822,C0341,2025-07-19,49.99
TXN011782,C0184,2025-07-19,19.99
TXN010594,C0056,2025-07-19,29.99
TXN004436,C0223,2025-07-19,19.99
TXN017922,C0112,2025-07-19,49.99
TXN011797,C0256,2025-07-19,29.99
TXN015789,C0306,2025-07-19,29.99
TXN004175,C0214,2025-07-19,59.99
TXN004889,C0241,2025-07-19,129.99
TXN014570,C0194,2025-07-20,107.35
TXN018019,C0035,2025-07-20,79.99
TXN004450,C0238,2025-07-20,59.99
TXN011554,C0205,2025-07-20,19.99
TXN011414,C0047,2025-07-20,29.99
TXN008233,C0045,2025-07-20,59.99
TXN010891,C0282,2025-07-20,29.99
TXN007610,C0225,2025-07-20,23.94
TXN000900,C0190,2025-07-20,59.99
TXN009247,C0138,2025-07-20,59.99
TXN003149,C0330,2025-07-20,79.99
TXN008748,C0104,2025-07-20,19.99
TXN005372,C0169,2025-07-20,59.99
TXN009752,C0197,2025-07-20,19.99
TXN005635,C0272,2025-07-20,59.99
TXN003203,C0178,2025-07-20,59.99
TXN016807,C0294,2025-07-20,49.99
TXN001568,C0181,2025-07-20,99.99
TXN001443,C0312,2025-07-20,79.99
TXN000301,C0127,2025-07-20,29.99
TXN014692,C0062,2025-07-20,29.99
TXN008685,C0263,2025-07-20,39.99
TXN014011,C0315,2025-07-20,79.99
TXN003984,C0018,2025-07-20,29.99
TXN005066,C0050,2025-07-20,29.99
TXN018164,C0035,2025-07-20,64.12
TXN010215,C0158,2025-07-20,59.63
TXN018261,C0195,2025-07-20,19.99
TXN011486,C0040,2025-07-20,39.99
TXN000411,C0071,2025-07-20,49.99
TXN012182,C0148,2025-07-20,149.99
TXN008528,C0295,2025-07-20,39.99
TXN000207,C0207,2025-07-20,29.99
TXN001117,C0284,2025-07-20,29.99
TXN001862,C0005,2025-07-20,29.99
TXN015685,C0319,2025-07-20,29.99
TXN013589,C0009,2025-07-20,79.99
TXN011067,C0346,2025-07-20,199.99
TXN017063,C0338,2025-07-20,49.99
TXN011064,C0151,2025-07-20,79.99
TXN003707,C0055,2025-07-20,49.99
TXN006867,C0046,2025-07-20,79.99
TXN009909,C0307,2025-07-20,59.99
TXN009127,C0287,2025-07-20,49.99
TXN010086,C0039,2025-07-21,49.99
TXN005183,C0278,2025-07-21,39.99
TXN002406,C0340,2025-07-21,39.99
TXN011463,C0009,2025-07-21,79.99
TXN011873,C0317,2025-07-21,29.99
TXN005382,C0322,2025-07-21,49.99
TXN004267,C0053,2025-07-21,29.99
TXN004181,C0065,2025-07-21,29.99
TXN015087,C0161,2025-07-21,49.99
TXN004513,C0238,2025-07-21,59.99
TXN001831,C0307,2025-07-21,59.99
TXN015025,C0047,2025-07-21,29.99
TXN009619,C0020,2025-07-21,19.99
TXN003746,C0088,2025-07-21,99.99
TXN015940,C0110,2025-07-21,59.99
TXN012099,C0124,2025-07-21,59.99
TXN017923,C0207,2025-07-21,29.99
TXN013641,C0278,2025-07-21,39.99
TXN014273,C0153,2025-07-21,79.99
TXN015148,C0217,2025-07-21,29.99
TXN010475,C0283,2025-07-21,39.99
TXN005078,C0338,2025-07-21,49.99
TXN011161,C0018,2025-07-21,29.99
TXN009567,C0077,2025-07-21,99.99
TXN001337,C0282,2025-07-21,29.99
TXN013987,C0255,2025-07-21,99.99
TXN012379,C0315,2025-07-21,79.99
TXN009133,C0324,2025-07-21,49.99
TXN004642,C0340,2025-07-21,39.99
TXN002078,C0129,2025-07-21,99.99
TXN004646,C0244,2025-07-21,79.99
TXN011072,C0095,2025-07-22,19.99
TXN014255,C0083,2025-07-22,24.38
TXN008851,C0045,2025-07-22,43.27
TXN006014,C0175,2025-07-22,19.99
TXN003822,C0029,2025-07-22,39.99
TXN008679,C0049,2025-07-22,129.99
TXN009761,C0093,2025-07-22,19.99
TXN011579,C0328,2025-07-22,29.99
TXN006074,C0288,2025-07-22,19.99
TXN011184,C0048,2025-07-22,59.99
TXN014497,C0079,2025-07-22,22.27
TXN006533,C0017,2025-07-22,59.99
TXN000334,C0259,2025-07-22,59.99
TXN002226,C0059,2025-07-22,38.5
TXN014421,C0308,2025-07-22,21.25
TXN010204,C0215,2025-07-22,39.99
TXN016460,C0269,2025-07-22,39.99
TXN002274,C0084,2025-07-22,19.99
TXN015153,C0289,2025-07-22,61.25
TXN016585,C0098,2025-07-22,19.99
TXN010909,C0285,2025-07-22,39.99
TXN011193,C0302,2025-07-22,49.99
TXN009017,C0194,2025-07-22,149.99
TXN016318,C0160,2025-07-22,79.99
TXN009887,C0335,2025-07-22,39.99
TXN003039,C0042,2025-07-22,109.68
TXN018034,C0334,2025-07-22,29.99
TXN004638,C0112,2025-07-22,49.99
TXN014832,C0044,2025-07-22,59.99
TXN010507,C0225,2025-07-22,21.97
TXN003119,C0304,2025-07-22,49.99
TXN008616,C0182,2025-07-22,49.99
TXN013478,C0074,2025-07-22,22.15
TXN011269,C0151,2025-07-22,79.99
TXN017434,C0185,2025-07-22,39.99
TXN015566,C0145,2025-07-22,59.99
TXN004927,C0201,2025-07-22,129.99
TXN014580,C0032,2025-07-23,99.99
TXN016245,C0020,2025-07-23,19.99
TXN017721,C0048,2025-07-23,59.99
TXN017374,C0125,2025-07-23,49.99
TXN016110,C0210,2025-07-23,79.99
TXN013791,C0114,2025-07-23,49.99
TXN007466,C0317,2025-07-23,29.99
TXN016175,C0024,2025-07-23,88.34
TXN015788,C0243,2025-07-23,29.99
TXN000943,C0108,2025-07-23,19.99
TXN005750,C0244,2025-07-23,79.99
TXN015426,C0191,2025-07-23,79.99
TXN007301,C0269,2025-07-23,39.99
TXN016572,C0079,2025-07-23,29.99
TXN016013,C0168,2025-07-23,39.99
TXN013729,C0277,2025-07-23,49.99
TXN017278,C0041,2025-07-23,49.99
TXN005659,C0037,2025-07-23,99.99
TXN003112,C0267,2025-07-23,29.99
TXN012197,C0175,2025-07-23,19.99
TXN004073,C0222,2025-07-23,59.99
TXN008399,C0068,2025-07-23,79.99
TXN015313,C0191,2025-07-23,79.99
TXN010486,C0112,2025-07-23,49.99
TXN016504,C0271,2025-07-23,59.99
TXN003825,C0339,2025-07-23,39.99
TXN011343,C0099,2025-07-23,25.02
TXN015237,C0332,2025-07-23,19.99
TXN016421,C0035,2025-07-23,79.99
TXN013273,C0124,2025-07-23,59.99
TXN013493,C0323,2025-07-23,99.99
TXN017928,C0311,2025-07-24,49.99
TXN002200,C0143,2025-07-24,59.99
TXN002665,C0267,2025-07-24,29.99
TXN001125,C0183,2025-07-24,49.99
TXN002922,C0251,2025-07-24,49.99
TXN008146,C0327,2025-07-24,79.99
TXN012400,C0263,2025-07-24,39.99
TXN018141,C0140,2025-07-24,29.99
TXN010881,C0068,2025-07-24,79.99
TXN017284,C0128,2025-07-24,59.99
TXN018175,C0310,2025-07-24,19.99
TXN017338,C0199,2025-07-24,88.42
TXN004370,C0037,2025-07-24,99.99
TXN009598,C0012,2025-07-24,49.99
TXN001765,C0121,2025-07-24,59.99
TXN013011,C0139,2025-07-24,59.99
TXN001251,C0112,2025-07-24,49.99
TXN015797,C0169,2025-07-24,59.99
TXN016309,C0292,2025-07-24,99.99
TXN006310,C0038,2025-07-24,129.99
TXN001335,C0089,2025-07-24,79.99
TXN004127,C0173,2025-07-24,39.99
TXN000467,C0268,2025-07-24,59.99
TXN015123,C0308,2025-07-24,29.99
TXN006641,C0155,2025-07-24,39.99
TXN017625,C0333,2025-07-24,39.99
TXN005359,C0327,2025-07-24,64.19
TXN004651,C0004,2025-07-24,99.99
TXN012607,C0125,2025-07-24,49.99
TXN017179,C0318,2025-07-24,39.99
TXN014640,C0014,2025-07-24,29.99
TXN017543,C0080,2025-07-24,59.99
TXN013748,C0014,2025-07-24,29.99
TXN000545,C0140,2025-07-24,29.99
TXN009822,C0137,2025-07-24,129.99
TXN013390,C0107,2025-07-24,149.99
TXN014630,C0231,2025-07-24,59.99
TXN004512,C0045,2025-07-24,59.99
TXN001512,C0033,2025-07-25,49.99
TXN009412,C0047,2025-07-25,29.99
TXN004786,C0327,2025-07-25,79.99
TXN015110,C0034,2025-07-25,49.99
TXN016185,C0252,2025-07-25,49.99
TXN012714,C0057,2025-07-25,89.62
TXN001290,C0330,2025-07-25,79.99
TXN006896,C0252,2025-07-25,49.99
TXN012404,C0189,2025-07-25,49.99
TXN011868,C0286,2025-07-25,19.99
TXN010966,C0099,2025-07-25,29.99
TXN004394,C0080,2025-07-25,59.99
TXN007248,C0171,2025-07-25,49.99
TXN009079,C0218,2025-07-25,29.99
TXN004907,C0107,2025-07-25,149.99
TXN011840,C0285,2025-07-25,34.51
TXN008194,C0254,2025-07-25,79.99
TXN014920,C0283,2025-07-25,39.99
TXN015747,C0081,2025-07-25,49.73
TXN012623,C0216,2025-07-25,39.99
TXN014672,C0019,2025-07-25,59.99
TXN016931,C0233,2025-07-25,59.99
TXN006250,C0012,2025-07-25,49.99
TXN001173,C0325,2025-07-25,59.99
TXN013684,C0053,2025-07-25,24.69
TXN008534,C0323,2025-07-25,99.99
TXN008033,C0282,2025-07-25,29.99
TXN006800,C0202,2025-07-26,19.99
TXN018271,C0104,2025-07-26,19.99
TXN013326,C0329,2025-07-26,99.99
TXN007723,C0064,2025-07-26,149.99
TXN003719,C0006,2025-07-26,149.99
TXN003334,C0188,2025-07-26,49.99
TXN013891,C0098,2025-07-26,19.99
TXN013640,C0300,2025-07-26,49.99
TXN013232,C0005,2025-07-26,29.99
TXN000304,C0220,2025-07-26,22.15
TXN005027,C0098,2025-07-26,19.99
TXN003728,C0229,2025-07-26,49.99
TXN005005,C0110,2025-07-26,59.99
TXN006446,C0285,2025-07-26,39.99
TXN018258,C0216,2025-07-26,39.99
TXN002753,C0082,2025-07-26,29.99
TXN002003,C0155,2025-07-26,32.78
TXN016019,C0286,2025-07-26,19.99
TXN016275,C0326,2025-07-26,19.99
TXN012463,C0192,2025-07-26,79.99
TXN015081,C0072,2025-07-26,29.99
TXN014553,C0139,2025-07-26,59.99
TXN017343,C0346,2025-07-26,199.99
TXN001024,C0322,2025-07-26,49.99
TXN014847,C0148,2025-07-26,149.99
TXN018366,C0122,2025-07-26,149.99
TXN008542,C0349,2025-07-26,129.99
TXN016182,C0288,2025-07-26,19.99
TXN005300,C0281,2025-07-26,99.99
TXN016735,C0024,2025-07-26,99.99
TXN005796,C0318,2025-07-26,39.99
TXN016149,C0260,2025-07-26,59.99
TXN017940,C0038,2025-07-27,129.99
TXN015976,C0239,2025-07-27,39.99
TXN015374,C0140,2025-07-27,29.99
TXN009439,C0350,2025-07-27,19.99
TXN002703,C0346,2025-07-27,177.69
TXN018312,C0210,2025-07-27,79.99
TXN003076,C0044,2025-07-27,59.99
TXN003064,C0096,2025-07-27,36.74
TXN008905,C0023,2025-07-27,39.27
TXN006589,C0128,2025-07-27,51.46
TXN010178,C0087,2025-07-27,49.99
TXN002478,C0282,2025-07-27,26.97
TXN001503,C0202,2025-07-27,19.99
TXN004314,C0152,2025-07-27,49.99
TXN005492,C0088,2025-07-27,99.99
TXN013964,C0279,2025-07-27,19.99
TXN013460,C0345,2025-07-27,49.99
TXN016946,C0034,2025-07-27,49.99
TXN010914,C0191,2025-07-27,79.99
TXN008572,C0025,2025-07-27,79.99
TXN001253,C0031,2025-07-27,19.99
TXN017114,C0018,2025-07-27,29.99
TXN003093,C0058,2025-07-27,49.99
TXN004947,C0108,2025-07-27,19.99
TXN016221,C0099,2025-07-28,26.12
TXN005614,C0129,2025-07-28,76.73
TXN013614,C0043,2025-07-28,29.99
TXN016397,C0259,2025-07-28,59.99
TXN013619,C0048,2025-07-28,59.99
TXN004257,C0014,2025-07-28,29.99
TXN010455,C0253,2025-07-28,29.99
TXN016430,C0154,2025-07-28,99.99
TXN015171,C0018,2025-07-28,29.99
TXN012548,C0012,2025-07-28,49.99
TXN006732,C0182,2025-07-28,49.99
TXN002363,C0292,2025-07-28,99.99
TXN018424,C0005,2025-07-28,29.99
TXN012724,C0070,2025-07-28,149.99
TXN018314,C0319,2025-07-28,29.99
TXN004007,C0196,2025-07-28,29.99
TXN012135,C0305,2025-07-28,149.99
TXN003350,C0258,2025-07-28,19.99
TXN001323,C0209,2025-07-28,32.81
TXN003705,C0100,2025-07-28,49.99
TXN006809,C0342,2025-07-28,59.99
TXN018068,C0037,2025-07-28,99.99
TXN007208,C0151,2025-07-28,79.99
TXN014837,C0213,2025-07-28,59.99
TXN016862,C0177,2025-07-29,59.99
TXN009613,C0012,2025-07-29,49.99
TXN016187,C0061,2025-07-29,49.99
TXN000841,C0251,2025-07-29,49.99
TXN000942,C0204,2025-07-29,39.99
TXN015829,C0028,2025-07-29,39.99
TXN006868,C0132,2025-07-29,49.99
TXN004503,C0038,2025-07-29,129.99
TXN002898,C0032,2025-07-29,99.99
TXN013696,C0055,2025-07-29,49.99
TXN000023,C0176,2025-07-29,59.99
TXN000612,C0218,2025-07-29,29.99
TXN010254,C0218,2025-07-29,29.99
TXN006403,C0229,2025-07-29,49.99
TXN011267,C0072,2025-07-29,29.99
TXN018195,C0041,2025-07-29,49.99
TXN004316,C0214,2025-07-29,59.99
TXN012273,C0153,2025-07-29,79.99
TXN014239,C0257,2025-07-29,19.99
TXN011475,C0333,2025-07-29,39.99
TXN015342,C0238,2025-07-29,59.99
TXN014454,C0283,2025-07-29,31.62
TXN012946,C0199,2025-07-29,99.99
TXN002880,C0009,2025-07-29,79.99
TXN015482,C0046,2025-07-29,79.99
TXN009076,C0026,2025-07-29,79.99
TXN015995,C0137,2025-07-29,129.99
TXN015427,C0331,2025-07-29,59.99
TXN016813,C0102,2025-07-29,39.99
TXN006245,C0255,2025-07-29,99.99
TXN004250,C0251,2025-07-29,37.47
TXN012597,C0067,2025-07-30,39.99
TXN013561,C0056,2025-07-30,29.99
TXN009193,C0137,2025-07-30,129.99
TXN010779,C0157,2025-07-30,59.99
TXN014983,C0026,2025-07-30,79.99
TXN016646,C0291,2025-07-30,49.99
TXN003829,C0104,2025-07-30,19.99
TXN015623,C0285,2025-07-30,39.99
TXN006553,C0243,2025-07-30,29.99
TXN008802,C0311,2025-07-30,49.99
TXN015429,C0325,2025-07-30,59.99
TXN003395,C0069,2025-07-30,29.99
TXN015884,C0093,2025-07-30,19.99
TXN012065,C0048,2025-07-30,59.99
TXN007498,C0130,2025-07-30,129.99
TXN014333,C0182,2025-07-30,49.99
TXN002300,C0306,2025-07-30,29.99
TXN014724,C0025,2025-07-30,79.99
TXN000391,C0081,2025-07-30,59.99
TXN013135,C0038,2025-07-30,129.99
TXN008381,C0240,2025-07-30,99.99
TXN009212,C0130,2025-07-30,102.21
TXN017715,C0149,2025-07-30,39.99
TXN002893,C0299,2025-07-30,59.99
TXN017717,C0131,2025-07-30,52.95
TXN008627,C0075,2025-07-30,49.99
TXN010313,C0048,2025-07-30,59.99
TXN015240,C0208,2025-07-30,39.99
TXN009819,C0213,2025-07-30,59.99
TXN003646,C0013,2025-07-30,59.99
TXN008678,C0220,2025-07-30,29.99
TXN015304,C0036,2025-07-30,49.99
TXN001071,C0127,2025-07-30,26.06
TXN001804,C0046,2025-07-30,79.99
TXN012032,C0267,2025-07-30,29.99
TXN012718,C0074,2025-07-30,29.99
TXN016595,C0235,2025-07-30,99.99
TXN006616,C0265,2025-07-30,49.99
TXN000676,C0284,2025-07-30,29.99
TXN000685,C0229,2025-07-30,49.99
TXN006982,C0050,2025-07-30,29.99
TXN005154,C0240,2025-07-30,99.99
TXN017590,C0319,2025-07-30,29.99
TXN011271,C0149,2025-07-30,39.99
TXN017398,C0274,2025-07-30,29.99
TXN001068,C0008,2025-07-31,29.99
TXN015289,C0144,2025-07-31,19.99
TXN013669,C0243,2025-07-31,29.99
TXN000308,C0062,2025-07-31,29.99
TXN007019,C0029,2025-07-31,39.99
TXN002720,C0287,2025-07-31,49.99
TXN006150,C0271,2025-07-31,59.99
TXN007786,C0282,2025-07-31,21.88
TXN016682,C0216,2025-07-31,34.58
TXN014171,C0287,2025-07-31,44.89
TXN003372,C0090,2025-07-31,49.99
TXN012064,C0158,2025-07-31,79.99
TXN015325,C0068,2025-07-31,65.53
TXN003595,C0328,2025-07-31,29.99
TXN005013,C0034,2025-07-31,49.99
TXN008356,C0037,2025-07-31,99.99
TXN000994,C0199,2025-07-31,99.99
TXN007522,C0116,2025-07-31,29.99
TXN000635,C0029,2025-07-31,39.99
TXN004110,C0022,2025-07-31,29.99
TXN001089,C0002,2025-07-31,29.99
TXN015157,C0069,2025-07-31,25.21
TXN007817,C0237,2025-07-31,29.99
TXN005400,C0153,2025-07-31,79.99
TXN001297,C0242,2025-07-31,39.99
TXN009001,C0231,2025-07-31,59.99
TXN014566,C0294,2025-07-31,49.99
TXN014018,C0137,2025-07-31,129.99
TXN014912,C0120,2025-07-31,29.99
TXN006382,C0233,2025-07-31,42.69
TXN006889,C0184,2025-07-31,19.99
TXN007191,C0323,2025-07-31,99.99
TXN011795,C0318,2025-07-31,39.99
TXN005163,C0205,2025-07-31,19.99
TXN000506,C0139,2025-07-31,59.99
TXN011389,C0074,2025-07-31,29.99
TXN008094,C0003,2025-07-31,22.07
TXN018401,C0087,2025-07-31,49.99
TXN008440,C0231,2025-07-31,59.99
TXN005450,C0160,2025-07-31,79.99
TXN011577,C0284,2025-07-31,22.63
TXN012826,C0316,2025-07-31,129.99
TXN010445,C0104,2025-07-31,19.99
TXN008645,C0305,2025-08-01,149.99
TXN001680,C0316,2025-08-01,129.99
TXN004468,C0160,2025-08-01,79.99
TXN015845,C0116,2025-08-01,29.99
TXN007045,C0047,2025-08-01,29.99
TXN015034,C0311,2025-08-01,49.99
TXN011819,C0192,2025-08-01,79.99
TXN016168,C0111,2025-08-01,86.28
TXN011094,C0208,2025-08-01,39.99
TXN015149,C0292,2025-08-01,71.66
TXN012437,C0233,2025-08-01,59.99
TXN001927,C0119,2025-08-01,59.99
TXN012429,C0119,2025-08-01,59.99
TXN006519,C0249,2025-08-01,19.99
TXN000099,C0075,2025-08-01,49.99
TXN011178,C0063,2025-08-01,39.99
TXN017237,C0193,2025-08-01,59.99
TXN007744,C0301,2025-08-01,79.99
TXN000282,C0189,2025-08-01,49.99
TXN017085,C0262,2025-08-01,29.99
TXN016694,C0026,2025-08-01,79.99
TXN012661,C0072,2025-08-01,29.99
TXN006217,C0141,2025-08-01,59.99
TXN007060,C0342,2025-08-01,59.99
TXN005871,C0120,2025-08-01,29.99
TXN010985,C0092,2025-08-01,29.99
TXN011578,C0035,2025-08-01,79.99
TXN014652,C0001,2025-08-01,19.99
TXN013364,C0306,2025-08-01,29.99
TXN010264,C0140,2025-08-01,29.99
TXN000624,C0330,2025-08-01,79.99
TXN016337,C0065,2025-08-01,26.09
TXN007576,C0107,2025-08-01,149.99
TXN007574,C0349,2025-08-01,129.99
TXN014275,C0068,2025-08-01,79.99
TXN010415,C0306,2025-08-02,29.99
TXN017511,C0025,2025-08-02,79.99
TXN010649,C0202,2025-08-02,19.99
TXN000845,C0125,2025-08-02,49.99
TXN017914,C0333,2025-08-02,39.99
TXN017219,C0011,2025-08-02,39.65
TXN010842,C0008,2025-08-02,29.99
TXN010558,C0087,2025-08-02,49.99
TXN000781,C0196,2025-08-02,29.99
TXN000204,C0019,2025-08-02,44.22
TXN010938,C0202,2025-08-02,19.99
TXN002983,C0031,2025-08-02,15.28
TXN002157,C0034,2025-08-02,49.99
TXN002154,C0280,2025-08-02,19.99
TXN008364,C0069,2025-08-02,22.29
TXN004029,C0315,2025-08-02,79.99
TXN011096,C0114,2025-08-02,49.99
TXN000454,C0289,2025-08-02,79.99
TXN001604,C0051,2025-08-02,29.99
TXN007802,C0129,2025-08-02,99.99
TXN006129,C0326,2025-08-02,19.99
TXN012950,C0016,2025-08-02,125.88
TXN015350,C0161,2025-08-02,49.99
TXN004861,C0085,2025-08-02,63.13
TXN006639,C0327,2025-08-02,79.99
TXN013267,C0170,2025-08-02,39.99
TXN014508,C0014,2025-08-02,29.99
TXN007210,C0184,2025-08-02,19.99
TXN006073,C0236,2025-08-02,29.99
TXN013570,C0341,2025-08-02,49.99
TXN006371,C0284,2025-08-02,29.99
TXN006465,C0258,2025-08-02,19.99
TXN009416,C0169,2025-08-02,59.99
TXN002582,C0046,2025-08-02,79.99
TXN016516,C0115,2025-08-02,59.99
TXN002751,C0104,2025-08-02,19.99
TXN009869,C0293,2025-08-02,59.99
TXN012778,C0151,2025-08-02,79.99
TXN014458,C0183,2025-08-02,36.42
TXN014356,C0243,2025-08-03,25.81
TXN017950,C0130,2025-08-03,129.99
TXN017686,C0341,2025-08-03,49.99
TXN013483,C0019,2025-08-03,59.99
TXN000288,C0121,2025-08-03,50.83
TXN012807,C0083,2025-08-03,29.99
TXN003267,C0081,2025-08-03,59.99
TXN010969,C0139,2025-08-03,59.99
TXN006642,C0176,2025-08-03,59.99
TXN002994,C0159,2025-08-03,79.99
TXN010885,C0328,2025-08-03,29.99
TXN013368,C0315,2025-08-03,79.99
TXN007788,C0237,2025-08-03,29.99
TXN009583,C0037,2025-08-03,99.99
TXN003408,C0213,2025-08-03,59.99
TXN018491,C0141,2025-08-03,59.99
TXN008340,C0056,2025-08-03,21.43
TXN013686,C0326,2025-08-03,19.99
TXN006328,C0116,2025-08-03,29.99
TXN006622,C0015,2025-08-03,199.99
TXN010235,C0267,2025-08-03,29.99
TXN016304,C0283,2025-08-03,35.38
TXN012229,C0098,2025-08-03,14.4
TXN018206,C0058,2025-08-03,49.99
TXN014054,C0014,2025-08-03,29.99
TXN016777,C0300,2025-08-03,49.99
TXN004482,C0341,2025-08-03,49.99
TXN005993,C0263,2025-08-03,39.99
TXN015798,C0085,2025-08-03,79.99
TXN017075,C0201,2025-08-03,109.65
TXN018309,C0189,2025-08-03,49.99
TXN015763,C0079,2025-08-03,29.99
TXN007833,C0262,2025-08-03,29.99
TXN013536,C0258,2025-08-03,19.99
TXN014129,C0137,2025-08-03,110.86
TXN014312,C0338,2025-08-03,49.99
TXN014971,C0265,2025-08-03,49.99
TXN017531,C0188,2025-08-03,49.99
TXN014811,C0338,2025-08-03,49.99
TXN015832,C0224,2025-08-03,49.99
TXN008470,C0211,2025-08-04,49.99
TXN004194,C0128,2025-08-04,50.05
TXN012520,C0114,2025-08-04,49.99
TXN006237,C0231,2025-08-04,59.99
TXN011159,C0239,2025-08-04,39.99
TXN004205,C0309,2025-08-04,43.17
TXN006706,C0275,2025-08-04,19.99
TXN013957,C0027,2025-08-04,49.99
TXN006171,C0181,2025-08-04,99.99
TXN014814,C0156,2025-08-04,39.99
TXN014783,C0083,2025-08-04,29.99
TXN013653,C0338,2025-08-04,49.99
TXN004983,C0068,2025-08-04,79.99
TXN001218,C0303,2025-08-04,19.99
TXN001689,C0032,2025-08-04,99.99
TXN018035,C0036,2025-08-04,49.99
TXN002716,C0342,2025-08-04,59.99
TXN003318,C0208,2025-08-04,39.99
TXN013739,C0217,2025-08-04,29.99
TXN013750,C0042,2025-08-04,129.99
TXN002488,C0208,2025-08-04,39.99
TXN002305,C0335,2025-08-04,39.99
TXN016770,C0138,2025-08-04,59.99
TXN008930,C0260,2025-08-04,59.99
TXN011907,C0289,2025-08-04,79.99
TXN000570,C0322,2025-08-04,49.99
TXN005379,C0081,2025-08-04,59.99
TXN000957,C0045,2025-08-04,59.99
TXN001758,C0046,2025-08-04,79.99
TXN016084,C0089,2025-08-04,68.65
TXN009747,C0305,2025-08-04,149.99
TXN003845,C0173,2025-08-04,39.99
TXN011464,C0233,2025-08-04,51.49
TXN000038,C0350,2025-08-04,14.92
TXN015844,C0160,2025-08-04,79.99
TXN002799,C0143,2025-08-05,59.99
TXN016676,C0120,2025-08-05,29.99
TXN008578,C0165,2025-08-05,19.99
TXN018059,C0237,2025-08-05,29.99
TXN014824,C0219,2025-08-05,59.99
TXN012448,C0279,2025-08-05,19.99
TXN005645,C0280,2025-08-05,19.99
TXN000938,C0284,2025-08-05,29.99
TXN002841,C0183,2025-08-05,49.99
TXN013876,C0144,2025-08-05,19.99
TXN011670,C0051,2025-08-05,29.99
TXN003189,C0109,2025-08-05,149.99
TXN012674,C0039,2025-08-05,49.99
TXN015126,C0178,2025-08-05,59.99
TXN013170,C0226,2025-08-05,149.99
TXN006229,C0135,2025-08-05,49.99
TXN017355,C0169,2025-08-05,59.99
TXN010168,C0056,2025-08-05,29.99
TXN011198,C0186,2025-08-05,39.99
TXN002735,C0323,2025-08-05,99.99
TXN017653,C0179,2025-08-05,49.99
TXN017167,C0151,2025-08-05,63.22
TXN001199,C0326,2025-08-05,19.99
TXN015648,C0165,2025-08-05,19.99
TXN016526,C0324,2025-08-05,49.99
TXN012306,C0147,2025-08-05,15.85
TXN006985,C0101,2025-08-05,129.99
TXN006537,C0302,2025-08-05,36.94
TXN014667,C0072,2025-08-05,29.99
TXN013518,C0202,2025-08-05,19.99
TXN017705,C0153,2025-08-05,79.99
TXN002254,C0135,2025-08-05,49.99
TXN009307,C0007,2025-08-05,39.99
TXN014042,C0025,2025-08-05,79.99
TXN010954,C0101,2025-08-05,129.99
TXN017522,C0122,2025-08-05,149.99
TXN008814,C0049,2025-08-05,129.99
TXN014601,C0085,2025-08-05,68.62
TXN005897,C0222,2025-08-05,59.99
TXN007746,C0317,2025-08-05,29.99
TXN007435,C0170,2025-08-06,39.99
TXN012554,C0133,2025-08-06,59.99
TXN013369,C0225,2025-08-06,29.99
TXN004305,C0285,2025-08-06,39.99
TXN018381,C0048,2025-08-06,59.99
TXN002199,C0328,2025-08-06,29.99
TXN003427,C0028,2025-08-06,28.78
TXN008883,C0258,2025-08-06,19.99
TXN017039,C0169,2025-08-06,59.99
TXN013652,C0114,2025-08-06,41.04
TXN012385,C0250,2025-08-06,59.99
TXN009070,C0231,2025-08-06,59.99
TXN017235,C0109,2025-08-06,149.99
TXN012139,C0184,2025-08-06,19.99
TXN005665,C0201,2025-08-06,129.99
TXN002037,C0149,2025-08-06,39.99
TXN014334,C0209,2025-08-06,39.99
TXN003654,C0069,2025-08-06,22.32
TXN008272,C0176,2025-08-06,59.99
TXN008761,C0004,2025-08-06,99.99
TXN002251,C0300,2025-08-06,49.99
TXN014621,C0189,2025-08-06,49.99
TXN002110,C0328,2025-08-06,29.99
TXN007081,C0161,2025-08-06,49.99
TXN009906,C0203,2025-08-06,99.43
TXN010371,C0337,2025-08-06,129.99
TXN000940,C0002,2025-08-06,29.99
TXN001640,C0142,2025-08-06,39.99
TXN002972,C0288,2025-08-06,19.99
TXN000007,C0127,2025-08-06,23.52
TXN003134,C0021,2025-08-07,19.99
TXN016065,C0048,2025-08-07,59.99
TXN004913,C0243,2025-08-07,29.99
TXN018264,C0199,2025-08-07,99.99
TXN009240,C0212,2025-08-07,39.99
TXN012277,C0089,2025-08-07,79.99
TXN002798,C0111,2025-08-07,99.99
TXN000262,C0215,2025-08-07,39.99
TXN015413,C0279,2025-08-07,19.99
TXN017599,C0121,2025-08-07,59.99
TXN014762,C0318,2025-08-07,39.99
TXN009868,C0244,2025-08-07,79.99
TXN007003,C0114,2025-08-07,44.23
TXN013305,C0018,2025-08-07,29.99
TXN013496,C0065,2025-08-07,29.99
TXN010398,C0302,2025-08-07,49.99
TXN001185,C0252,2025-08-07,49.99
TXN008123,C0172,2025-08-07,26.11
TXN013660,C0192,2025-08-07,79.99
TXN010738,C0083,2025-08-07,29.99
TXN013767,C0291,2025-08-07,49.99
TXN006346,C0014,2025-08-07,29.99
TXN006567,C0008,2025-08-07,29.99
TXN013248,C0185,2025-08-07,39.99
TXN017401,C0029,2025-08-07,39.99
TXN003183,C0254,2025-08-07,79.99
TXN017375,C0169,2025-08-07,42.7
TXN002229,C0012,2025-08-07,49.99
TXN013692,C0277,2025-08-07,49.99
TXN011085,C0251,2025-08-07,49.99
TXN018136,C0324,2025-08-07,49.99
TXN010320,C0247,2025-08-07,37.42
TXN018421,C0314,2025-08-07,59.99
TXN000492,C0012,2025-08-07,49.99
TXN012964,C0015,2025-08-07,199.99
TXN014392,C0124,2025-08-07,59.99
TXN004326,C0037,2025-08-07,99.99
TXN014833,C0132,2025-08-07,49.99
TXN005991,C0299,2025-08-08,59.99
TXN006734,C0310,2025-08-08,19.99
TXN009611,C0158,2025-08-08,79.99
TXN000377,C0159,2025-08-08,79.99
TXN006460,C0211,2025-08-08,49.99
TXN002346,C0075,2025-08-08,49.99
TXN012760,C0318,2025-08-08,39.99
TXN015792,C0256,2025-08-08,29.99
TXN005494,C0209,2025-08-08,39.99
TXN010183,C0208,2025-08-08,39.99
TXN009451,C0202,2025-08-08,19.99
TXN002306,C0041,2025-08-08,49.99
TXN014306,C0032,2025-08-08,99.99
TXN016093,C0319,2025-08-08,29.99
TXN015598,C0254,2025-08-08,79.99
TXN014528,C0300,2025-08-08,49.99
TXN017860,C0127,2025-08-08,29.99
TXN007203,C0207,2025-08-08,29.99
TXN003100,C0026,2025-08-08,79.99
TXN001136,C0056,2025-08-08,29.99
TXN004871,C0068,2025-08-08,79.99
TXN015927,C0029,2025-08-08,31.25
TXN005217,C0263,2025-08-08,39.99
TXN017936,C0335,2025-08-08,39.99
TXN005778,C0243,2025-08-08,29.99
TXN011781,C0060,2025-08-08,39.99
TXN017501,C0045,2025-08-08,59.99
TXN001641,C0285,2025-08-08,39.99
TXN005829,C0292,2025-08-08,99.99
TXN014843,C0141,2025-08-08,59.99
TXN016220,C0020,2025-08-08,19.99
TXN016370,C0258,2025-08-08,19.99
TXN017486,C0046,2025-08-08,79.99
TXN016295,C0012,2025-08-08,49.99
TXN008561,C0033,2025-08-08,49.99
TXN013904,C0119,2025-08-08,59.99
TXN006835,C0094,2025-08-08,29.99
TXN014690,C0036,2025-08-08,49.99
TXN003526,C0253,2025-08-08,29.99
TXN005139,C0300,2025-08-08,49.99
TXN015201,C0051,2025-08-09,29.99
TXN004342,C0202,2025-08-09,19.99
TXN008868,C0180,2025-08-09,39.99
TXN008630,C0210,2025-08-09,79.99
TXN016348,C0151,2025-08-09,79.99
TXN006268,C0101,2025-08-09,129.99
TXN011111,C0349,2025-08-09,129.99
TXN008028,C0108,2025-08-09,19.99
TXN006261,C0076,2025-08-09,39.99
TXN010256,C0008,2025-08-09,29.99
TXN003437,C0050,2025-08-09,29.99
TXN005198,C0238,2025-08-09,45.3
TXN006971,C0056,2025-08-09,29.99
TXN013438,C0048,2025-08-09,59.99
TXN002247,C0328,2025-08-09,29.99
TXN010125,C0140,2025-08-09,29.99
TXN011091,C0220,2025-08-09,29.99
TXN017102,C0340,2025-08-09,39.99
TXN003173,C0038,2025-08-09,129.99
TXN017018,C0066,2025-08-09,59.99
TXN006287,C0294,2025-08-09,49.99
TXN004583,C0160,2025-08-09,79.99
TXN006876,C0169,2025-08-09,59.99
TXN013833,C0112,2025-08-09,49.99
TXN000373,C0228,2025-08-09,62.62
TXN008335,C0189,2025-08-09,39.93
TXN007850,C0199,2025-08-09,99.99
TXN015409,C0067,2025-08-09,39.99
TXN012735,C0007,2025-08-09,39.99
TXN008444,C0155,2025-08-09,39.99
TXN010263,C0077,2025-08-09,99.99
TXN015327,C0043,2025-08-09,23.06
TXN005710,C0068,2025-08-09,79.99
TXN006108,C0350,2025-08-09,19.99
TXN016577,C0295,2025-08-09,39.99
TXN000630,C0237,2025-08-09,29.99
TXN006640,C0284,2025-08-09,29.99
TXN012401,C0114,2025-08-09,49.99
TXN006260,C0237,2025-08-10,29.99
TXN004828,C0210,2025-08-10,79.99
TXN011171,C0095,2025-08-10,19.99
TXN009977,C0219,2025-08-10,46.08
TXN017876,C0048,2025-08-10,59.99
TXN012773,C0315,2025-08-10,79.99
TXN002686,C0238,2025-08-10,47.75
TXN003620,C0259,2025-08-10,59.99
TXN007603,C0289,2025-08-10,79.99
TXN003510,C0202,2025-08-10,19.99
TXN001917,C0349,2025-08-10,129.99
TXN012779,C0024,2025-08-10,99.99
TXN000475,C0333,2025-08-10,39.99
TXN005263,C0285,2025-08-10,39.99
TXN001939,C0258,2025-08-10,19.99
TXN003109,C0193,2025-08-10,59.99
TXN000472,C0223,2025-08-10,19.99
TXN011140,C0208,2025-08-10,39.99
TXN003141,C0341,2025-08-10,49.99
TXN010865,C0233,2025-08-10,59.99
TXN004026,C0086,2025-08-10,59.99
TXN001374,C0214,2025-08-10,59.99
TXN013532,C0267,2025-08-10,29.99
TXN010381,C0171,2025-08-10,49.99
TXN003361,C0044,2025-08-10,59.99
TXN007026,C0058,2025-08-10,49.99
TXN004749,C0036,2025-08-10,49.99
TXN013694,C0231,2025-08-10,59.99
TXN011959,C0003,2025-08-10,29.99
TXN004544,C0006,2025-08-10,149.99
TXN011895,C0217,2025-08-10,29.99
TXN007099,C0004,2025-08-10,99.99
TXN013499,C0274,2025-08-10,29.99
TXN014301,C0241,2025-08-11,129.99
TXN005321,C0179,2025-08-11,49.99
TXN004401,C0109,2025-08-11,149.99
TXN002261,C0101,2025-08-11,111.12
TXN014205,C0249,2025-08-11,19.99
TXN018297,C0137,2025-08-11,103.89
TXN006210,C0212,2025-08-11,39.99
TXN017733,C0318,2025-08-11,39.99
TXN017720,C0191,2025-08-11,79.99
TXN007514,C0208,2025-08-11,39.99
TXN001188,C0272,2025-08-11,59.99
TXN015112,C0340,2025-08-11,39.99
TXN011311,C0248,2025-08-11,59.99
TXN005373,C0147,2025-08-11,19.99
TXN017966,C0120,2025-08-11,29.99
TXN010722,C0346,2025-08-11,199.99
TXN002312,C0046,2025-08-11,79.99
TXN009777,C0045,2025-08-11,59.99
TXN017436,C0263,2025-08-11,39.99
TXN014820,C0155,2025-08-11,39.99
TXN003040,C0233,2025-08-11,43.36
TXN011997,C0349,2025-08-11,129.99
TXN007084,C0251,2025-08-11,44.21
TXN016446,C0261,2025-08-11,49.99
TXN009701,C0160,2025-08-11,79.99
TXN017071,C0055,2025-08-11,49.99
TXN010770,C0098,2025-08-11,19.99
TXN012364,C0161,2025-08-11,49.99
TXN004055,C0169,2025-08-11,59.99
TXN004261,C0197,2025-08-11,19.99
TXN006211,C0050,2025-08-11,29.99
TXN007730,C0346,2025-08-11,199.99
TXN008960,C0211,2025-08-11,49.99
TXN010231,C0139,2025-08-11,59.99
TXN013003,C0282,2025-08-11,29.99
TXN009464,C0264,2025-08-12,37.23
TXN010261,C0078,2025-08-12,49.99
TXN002695,C0350,2025-08-12,14.67
TXN005385,C0091,2025-08-12,81.59
TXN015736,C0236,2025-08-12,29.99
TXN014479,C0219,2025-08-12,59.99
TXN013936,C0121,2025-08-12,59.99
TXN002342,C0261,2025-08-12,49.99
TXN002369,C0282,2025-08-12,21.4
TXN009940,C0205,2025-08-12,19.99
TXN006919,C0310,2025-08-12,19.99
TXN007440,C0321,2025-08-12,129.99
TXN003675,C0344,2025-08-12,95.09
TXN014710,C0222,2025-08-12,59.99
TXN010107,C0181,2025-08-12,99.99
TXN007581,C0009,2025-08-12,79.99
TXN016596,C0181,2025-08-12,99.99
TXN010464,C0311,2025-08-12,49.99
TXN011776,C0311,2025-08-12,49.99
TXN003107,C0310,2025-08-12,19.99
TXN004578,C0027,2025-08-12,49.99
TXN014970,C0267,2025-08-12,29.99
TXN012026,C0088,2025-08-12,99.99
TXN001209,C0324,2025-08-12,49.99
TXN005529,C0223,2025-08-12,19.99
TXN015500,C0095,2025-08-12,19.99
TXN013947,C0134,2025-08-12,99.99
TXN015863,C0235,2025-08-12,99.99
TXN002896,C0036,2025-08-12,35.63
TXN005207,C0346,2025-08-12,199.99
TXN005084,C0204,2025-08-12,39.99
TXN007487,C0283,2025-08-12,39.99
TXN011817,C0204,2025-08-12,39.99
TXN001611,C0048,2025-08-12,59.99
TXN009717,C0157,2025-08-12,59.99
TXN004812,C0349,2025-08-12,129.99
TXN013263,C0144,2025-08-12,19.99
TXN015402,C0145,2025-08-12,43.51
TXN008473,C0002,2025-08-12,21.28
TXN018220,C0300,2025-08-12,49.99
TXN010326,C0214,2025-08-12,49.9
TXN007806,C0256,2025-08-13,29.99
TXN017169,C0129,2025-08-13,80.8
TXN014407,C0201,2025-08-13,129.99
TXN011348,C0112,2025-08-13,49.99
TXN001596,C0282,2025-08-13,29.99
TXN003673,C0191,2025-08-13,79.99
TXN015619,C0321,2025-08-13,129.99
TXN016626,C0069,2025-08-13,29.99
TXN004178,C0178,2025-08-13,48.85
TXN003474,C0072,2025-08-13,29.99
TXN011318,C0152,2025-08-13,43.9
TXN015586,C0037,2025-08-13,99.99
TXN004742,C0150,2025-08-13,99.99
TXN004711,C0164,2025-08-13,49.99
TXN006854,C0219,2025-08-13,59.99
TXN014506,C0182,2025-08-13,36.65
TXN003423,C0001,2025-08-13,19.99
TXN012466,C0138,2025-08-13,59.99
TXN016125,C0107,2025-08-13,149.99
TXN007311,C0013,2025-08-13,59.99
TXN008071,C0337,2025-08-13,129.99
TXN012091,C0039,2025-08-13,49.99
TXN005466,C0342,2025-08-13,53.81
TXN013061,C0097,2025-08-13,129.99
TXN002761,C0239,2025-08-13,39.99
TXN003523,C0122,2025-08-13,149.99
TXN017074,C0160,2025-08-13,79.99
TXN008091,C0008,2025-08-13,29.99
TXN003063,C0105,2025-08-13,29.99
TXN016381,C0318,2025-08-13,39.99
TXN017494,C0245,2025-08-13,39.99
TXN012017,C0238,2025-08-13,59.99
TXN007559,C0249,2025-08-13,19.99
TXN007747,C0315,2025-08-13,79.99
TXN014121,C0302,2025-08-13,49.99
TXN013419,C0176,2025-08-14,59.99
TXN007093,C0311,2025-08-14,49.99
TXN006204,C0078,2025-08-14,49.99
TXN017930,C0030,2025-08-14,199.99
TXN008879,C0039,2025-08-14,49.99
TXN001086,C0279,2025-08-14,19.99
TXN005850,C0027,2025-08-14,49.99
TXN011576,C0294,2025-08-14,49.99
TXN009385,C0191,2025-08-14,79.99
TXN003241,C0332,2025-08-14,19.99
TXN006531,C0134,2025-08-14,99.99
TXN011479,C0008,2025-08-14,29.99
TXN002535,C0199,2025-08-14,99.99
TXN003808,C0338,2025-08-14,49.99
TXN003962,C0176,2025-08-14,59.99
TXN003357,C0345,2025-08-14,49.99
TXN011771,C0296,2025-08-14,39.99
TXN008465,C0105,2025-08-14,29.99
TXN001543,C0292,2025-08-14,99.99
TXN003514,C0142,2025-08-14,39.99
TXN009532,C0026,2025-08-14,79.99
TXN003801,C0122,2025-08-14,149.99
TXN009707,C0296,2025-08-14,39.99
TXN016382,C0012,2025-08-14,36.82
TXN018193,C0341,2025-08-14,44.45
TXN011813,C0083,2025-08-14,29.99
TXN017314,C0162,2025-08-14,79.99
TXN015041,C0172,2025-08-14,29.99
TXN006138,C0175,2025-08-14,19.99
TXN017943,C0119,2025-08-14,59.99
TXN017694,C0312,2025-08-14,79.99
TXN002635,C0124,2025-08-14,45.61
TXN017391,C0215,2025-08-14,39.99
TXN012144,C0003,2025-08-14,29.99
TXN010495,C0018,2025-08-14,29.99
TXN009046,C0129,2025-08-14,99.99
TXN003217,C0005,2025-08-14,29.99
TXN008670,C0093,2025-08-14,19.99
TXN011953,C0200,2025-08-14,29.99
TXN016161,C0051,2025-08-14,29.99
TXN011833,C0016,2025-08-14,149.99
TXN017560,C0010,2025-08-15,59.99
TXN015873,C0267,2025-08-15,29.99
TXN004579,C0244,2025-08-15,79.99
TXN009120,C0120,2025-08-15,29.99
TXN006981,C0046,2025-08-15,79.99
TXN011031,C0288,2025-08-15,19.99
TXN014903,C0090,2025-08-15,41.13
TXN000873,C0276,2025-08-15,79.99
TXN006466,C0037,2025-08-15,99.99
TXN002492,C0236,2025-08-15,29.99
TXN007209,C0047,2025-08-15,29.99
TXN015221,C0183,2025-08-15,49.99
TXN011242,C0177,2025-08-15,59.99
TXN012193,C0159,2025-08-15,79.99
TXN006388,C0158,2025-08-15,79.99
TXN017997,C0318,2025-08-15,39.99
TXN014987,C0283,2025-08-15,39.99
TXN005042,C0201,2025-08-15,129.99
TXN003838,C0202,2025-08-15,19.99
TXN015775,C0064,2025-08-15,149.99
TXN006741,C0326,2025-08-15,19.99
TXN009554,C0251,2025-08-15,49.99
TXN008486,C0064,2025-08-15,149.99
TXN000338,C0335,2025-08-15,39.99
TXN007958,C0104,2025-08-15,19.99
TXN003544,C0041,2025-08-15,35.42
TXN014427,C0124,2025-08-15,59.99
TXN001894,C0291,2025-08-15,49.99
TXN010875,C0020,2025-08-15,19.99
TXN003604,C0037,2025-08-15,99.99
TXN005591,C0230,2025-08-16,19.99
TXN014032,C0176,2025-08-16,59.99
TXN012361,C0314,2025-08-16,42.79
TXN014419,C0101,2025-08-16,129.99
TXN016028,C0189,2025-08-16,49.99
TXN000613,C0076,2025-08-16,39.99
TXN013687,C0251,2025-08-16,49.99
TXN004823,C0122,2025-08-16,110.02
TXN005209,C0328,2025-08-16,29.99
TXN010070,C0192,2025-08-16,79.99
TXN015316,C0349,2025-08-16,129.99
TXN012179,C0254,2025-08-16,79.99
TXN015719,C0184,2025-08-16,19.99
TXN014905,C0290,2025-08-16,29.99
TXN013894,C0291,2025-08-16,49.99
TXN011506,C0264,2025-08-16,49.99
TXN000466,C0148,2025-08-16,149.99
TXN009406,C0168,2025-08-16,39.99
TXN005929,C0206,2025-08-16,49.99
TXN006721,C0111,2025-08-16,99.99
TXN007849,C0152,2025-08-16,49.99
TXN000134,C0256,2025-08-16,29.99
TXN000627,C0219,2025-08-16,59.99
TXN004264,C0002,2025-08-16,29.99
TXN006953,C0003,2025-08-16,29.99
TXN004464,C0234,2025-08-16,67.67
TXN015111,C0258,2025-08-16,19.99
TXN017971,C0110,2025-08-16,59.99
TXN007086,C0111,2025-08-16,99.99
TXN012284,C0147,2025-08-16,19.99
TXN005043,C0063,2025-08-16,39.99
TXN016893,C0023,2025-08-16,49.99
TXN010242,C0217,2025-08-16,29.99
TXN001849,C0141,2025-08-16,59.99
TXN005646,C0007,2025-08-17,39.99
TXN001240,C0125,2025-08-17,49.99
TXN002697,C0092,2025-08-17,29.99
TXN007587,C0184,2025-08-17,19.99
TXN003314,C0343,2025-08-17,37.2
TXN016632,C0118,2025-08-17,39.99
TXN017676,C0235,2025-08-17,99.99
TXN003923,C0152,2025-08-17,49.99
TXN015667,C0156,2025-08-17,39.99
TXN002072,C0061,2025-08-17,49.99
TXN000212,C0279,2025-08-17,19.99
TXN014295,C0236,2025-08-17,29.99
TXN006829,C0224,2025-08-17,40.36
TXN009762,C0301,2025-08-17,79.99
TXN000376,C0021,2025-08-17,19.99
TXN008234,C0008,2025-08-17,29.99
TXN013098,C0211,2025-08-17,49.99
TXN008913,C0138,2025-08-17,59.99
TXN004066,C0117,2025-08-17,17.2
TXN001535,C0105,2025-08-17,29.99
TXN018112,C0165,2025-08-17,19.99
TXN009815,C0258,2025-08-17,19.99
TXN018295,C0126,2025-08-17,99.99
TXN008860,C0050,2025-08-17,29.99
TXN004699,C0222,2025-08-17,42.09
TXN013271,C0267,2025-08-17,29.99
TXN013303,C0029,2025-08-17,28.33
TXN014651,C0100,2025-08-17,49.99
TXN017181,C0285,2025-08-17,39.99
TXN015161,C0252,2025-08-17,49.99
TXN011767,C0125,2025-08-17,49.99
TXN018211,C0140,2025-08-17,29.99
TXN004116,C0309,2025-08-17,49.99
TXN012913,C0246,2025-08-17,99.99
TXN012214,C0015,2025-08-17,199.99
TXN007832,C0091,2025-08-17,99.99
TXN018284,C0008,2025-08-17,29.99
TXN010488,C0041,2025-08-18,49.99
TXN000268,C0086,2025-08-18,59.99
TXN001735,C0080,2025-08-18,59.99
TXN016895,C0208,2025-08-18,39.99
TXN017481,C0083,2025-08-18,29.99
TXN002080,C0139,2025-08-18,59.99
TXN013872,C0132,2025-08-18,49.99
TXN000626,C0258,2025-08-18,14.66
TXN005308,C0082,2025-08-18,29.99
TXN015591,C0200,2025-08-18,29.99
TXN016105,C0223,2025-08-18,19.99
TXN012230,C0101,2025-08-18,129.99
TXN005763,C0002,2025-08-18,29.99
TXN005627,C0046,2025-08-18,79.99
TXN000681,C0013,2025-08-18,59.99
TXN010640,C0007,2025-08-18,39.99
TXN006110,C0118,2025-08-18,39.99
TXN007886,C0273,2025-08-18,146.78
TXN006883,C0144,2025-08-18,19.99
TXN004972,C0014,2025-08-18,29.99
TXN003865,C0138,2025-08-18,46.76
TXN005476,C0074,2025-08-18,29.99
TXN013439,C0020,2025-08-18,19.99
TXN013849,C0115,2025-08-18,59.99
TXN014318,C0104,2025-08-18,19.99
TXN014792,C0137,2025-08-18,129.99
TXN014117,C0216,2025-08-18,39.99
TXN016229,C0121,2025-08-18,59.99
TXN009889,C0141,2025-08-18,59.99
TXN017298,C0156,2025-08-18,39.99
TXN004963,C0250,2025-08-19,59.99
TXN016384,C0259,2025-08-19,45.4
TXN008005,C0297,2025-08-19,59.99
TXN007651,C0322,2025-08-19,36.07
TXN007157,C0138,2025-08-19,59.99
TXN002576,C0118,2025-08-19,39.99
TXN000326,C0078,2025-08-19,49.99
TXN009524,C0243,2025-08-19,29.99
TXN010117,C0319,2025-08-19,22.01
TXN007426,C0284,2025-08-19,29.99
TXN003260,C0297,2025-08-19,59.99
TXN002051,C0230,2025-08-19,19.99
TXN011095,C0261,2025-08-19,49.99
TXN001892,C0008,2025-08-19,21.2
TXN001249,C0100,2025-08-19,35.79
TXN014481,C0214,2025-08-19,59.99
TXN000538,C0301,2025-08-19,79.99
TXN002178,C0213,2025-08-19,46.3
TXN014607,C0295,2025-08-19,39.99
TXN007695,C0292,2025-08-19,99.99
TXN016435,C0279,2025-08-19,19.99
TXN013946,C0217,2025-08-19,29.99
TXN010809,C0328,2025-08-19,29.99
TXN015485,C0287,2025-08-19,49.99
TXN001134,C0045,2025-08-19,59.99
TXN004777,C0247,2025-08-19,49.99
TXN015207,C0310,2025-08-19,19.99
TXN011167,C0318,2025-08-19,39.99
TXN014053,C0041,2025-08-19,49.99
TXN013659,C0198,2025-08-19,59.99
TXN018427,C0009,2025-08-19,79.99
TXN004637,C0066,2025-08-20,47.7
TXN003018,C0302,2025-08-20,43.76
TXN005562,C0290,2025-08-20,29.99
TXN017783,C0323,2025-08-20,99.99
TXN016765,C0309,2025-08-20,49.99
TXN012655,C0038,2025-08-20,129.99
TXN008285,C0115,2025-08-20,59.99
TXN008372,C0275,2025-08-20,19.99
TXN006858,C0026,2025-08-20,79.99
TXN011384,C0282,2025-08-20,29.99
TXN004597,C0226,2025-08-20,149.99
TXN016434,C0176,2025-08-20,59.99
TXN002640,C0083,2025-08-20,29.99
TXN017563,C0237,2025-08-20,29.99
TXN010775,C0004,2025-08-20,99.99
TXN004577,C0328,2025-08-20,29.99
TXN002952,C0333,2025-08-20,39.99
TXN013906,C0332,2025-08-20,19.99
TXN011559,C0184,2025-08-20,19.99
TXN013564,C0338,2025-08-20,49.99
TXN014013,C0326,2025-08-20,19.99
TXN004507,C0301,2025-08-20,79.99
TXN008677,C0029,2025-08-20,39.99
TXN010983,C0231,2025-08-20,59.99
TXN002599,C0306,2025-08-20,29.99
TXN000144,C0168,2025-08-20,39.99
TXN005732,C0202,2025-08-20,19.99
TXN004869,C0279,2025-08-20,19.99
TXN003364,C0013,2025-08-20,42.64
TXN011196,C0006,2025-08-20,149.99
TXN013436,C0222,2025-08-20,59.99
TXN013402,C0018,2025-08-20,24.73
TXN013266,C0138,2025-08-20,59.99
TXN013444,C0165,2025-08-20,19.99
TXN003394,C0189,2025-08-20,49.99
TXN000322,C0178,2025-08-20,59.99
TXN000263,C0169,2025-08-21,42.9
TXN002504,C0107,2025-08-21,149.99
TXN013038,C0131,2025-08-21,59.99
TXN002554,C0263,2025-08-21,39.99
TXN008327,C0238,2025-08-21,59.99
TXN001872,C0267,2025-08-21,29.99
TXN008550,C0067,2025-08-21,39.99
TXN003071,C0188,2025-08-21,49.99
TXN006141,C0175,2025-08-21,19.99
TXN005201,C0295,2025-08-21,39.99
TXN006325,C0183,2025-08-21,49.99
TXN011783,C0152,2025-08-21,37.52
TXN010833,C0203,2025-08-21,97.33
TXN006356,C0340,2025-08-21,39.99
TXN000785,C0247,2025-08-21,49.99
TXN011586,C0196,2025-08-21,29.99
TXN000933,C0251,2025-08-21,42.41
TXN007862,C0197,2025-08-21,19.99
TXN015339,C0207,2025-08-21,29.99
TXN001272,C0099,2025-08-21,29.99
TXN017679,C0228,2025-08-21,79.99
TXN006694,C0037,2025-08-21,79.41
TXN016706,C0095,2025-08-21,19.99
TXN011535,C0097,2025-08-21,129.99
TXN012992,C0323,2025-08-21,99.99
TXN009089,C0079,2025-08-21,29.99
TXN017189,C0093,2025-08-21,17.9
TXN012929,C0083,2025-08-21,29.99
TXN016711,C0159,2025-08-21,79.99
TXN002985,C0098,2025-08-21,19.99
TXN015681,C0114,2025-08-21,49.99
TXN004274,C0273,2025-08-21,199.99
TXN018108,C0243,2025-08-21,29.99
TXN001426,C0279,2025-08-21,19.99
TXN002268,C0251,2025-08-21,49.99
TXN012232,C0324,2025-08-21,49.99
TXN016404,C0143,2025-08-21,48.59
TXN011007,C0138,2025-08-21,59.99
TXN018137,C0239,2025-08-21,39.99
TXN017707,C0021,2025-08-21,19.99
TXN007427,C0265,2025-08-22,49.99
TXN008143,C0237,2025-08-22,29.99
TXN006445,C0011,2025-08-22,49.99
TXN005486,C0246,2025-08-22,99.99
TXN016233,C0264,2025-08-22,49.99
TXN010258,C0183,2025-08-22,49.99
TXN013294,C0124,2025-08-22,59.99
TXN009479,C0060,2025-08-22,39.99
TXN012086,C0235,2025-08-22,99.99
TXN002687,C0143,2025-08-22,59.99
TXN017692,C0253,2025-08-22,29.99
TXN004010,C0221,2025-08-22,49.99
TXN017664,C0293,2025-08-22,59.99
TXN010763,C0301,2025-08-22,79.99
TXN008850,C0237,2025-08-22,29.99
TXN012882,C0223,2025-08-22,19.99
TXN009671,C0285,2025-08-22,39.99
TXN005341,C0182,2025-08-22,49.99
TXN013216,C0056,2025-08-22,29.99
TXN010245,C0230,2025-08-22,19.99
TXN007618,C0149,2025-08-22,39.99
TXN000352,C0279,2025-08-22,19.99
TXN006350,C0271,2025-08-22,59.99
TXN004015,C0129,2025-08-22,99.99
TXN002314,C0063,2025-08-22,39.99
TXN000971,C0307,2025-08-22,59.99
TXN002194,C0110,2025-08-22,59.99
TXN001648,C0043,2025-08-22,29.99
TXN003867,C0151,2025-08-22,60.19
TXN004143,C0068,2025-08-22,79.99
TXN006304,C0300,2025-08-22,49.99
TXN001469,C0323,2025-08-22,99.99
TXN006469,C0283,2025-08-22,39.99
TXN003191,C0220,2025-08-22,29.99
TXN004677,C0017,2025-08-22,59.99
TXN003585,C0128,2025-08-22,59.99
TXN001734,C0083,2025-08-22,29.99
TXN003677,C0040,2025-08-22,39.99
TXN000495,C0076,2025-08-22,39.99
TXN002216,C0306,2025-08-22,29.99
TXN001035,C0043,2025-08-22,29.99
TXN002713,C0228,2025-08-22,79.99
TXN017761,C0290,2025-08-22,29.99
TXN009618,C0286,2025-08-23,15.46
TXN017460,C0312,2025-08-23,79.99
TXN014560,C0284,2025-08-23,24.67
TXN010714,C0125,2025-08-23,49.99
TXN004320,C0331,2025-08-23,59.99
TXN017958,C0197,2025-08-23,19.99
TXN009194,C0193,2025-08-23,59.99
TXN011254,C0048,2025-08-23,59.99
TXN017200,C0086,2025-08-23,59.99
TXN010343,C0267,2025-08-23,29.99
TXN013575,C0201,2025-08-23,129.99
TXN011941,C0027,2025-08-23,49.99
TXN009664,C0225,2025-08-23,29.99
TXN013994,C0279,2025-08-23,19.99
TXN013509,C0104,2025-08-23,19.99
TXN003293,C0205,2025-08-23,19.99
TXN012751,C0067,2025-08-23,39.99
TXN007109,C0253,2025-08-23,29.99
TXN012073,C0323,2025-08-23,99.99
TXN001396,C0317,2025-08-23,29.99
TXN014280,C0002,2025-08-23,29.99
TXN012960,C0027,2025-08-23,49.99
TXN014520,C0060,2025-08-23,39.99
TXN013445,C0011,2025-08-23,49.99
TXN011492,C0130,2025-08-23,129.99
TXN011952,C0225,2025-08-23,29.99
TXN005842,C0282,2025-08-23,29.99
TXN010067,C0144,2025-08-23,19.99
TXN009991,C0259,2025-08-23,59.99
TXN012936,C0283,2025-08-23,39.99
TXN001676,C0325,2025-08-23,59.99
TXN010991,C0189,2025-08-23,49.99
TXN017136,C0237,2025-08-23,29.99
TXN000497,C0053,2025-08-23,29.99
TXN014125,C0345,2025-08-23,49.99
TXN011625,C0197,2025-08-23,19.99
TXN004063,C0304,2025-08-24,49.99
TXN009022,C0332,2025-08-24,19.99
TXN015465,C0137,2025-08-24,129.99
TXN014915,C0019,2025-08-24,59.99
TXN009207,C0141,2025-08-24,59.99
TXN011241,C0342,2025-08-24,59.99
TXN014637,C0092,2025-08-24,29.99
TXN017247,C0348,2025-08-24,29.99
TXN009835,C0110,2025-08-24,59.99
TXN000935,C0291,2025-08-24,49.99
TXN002215,C0224,2025-08-24,49.99
TXN013567,C0308,2025-08-24,29.99
TXN018273,C0005,2025-08-24,29.99
TXN007037,C0196,2025-08-24,25.34
TXN011683,C0326,2025-08-24,19.99
TXN013085,C0274,2025-08-24,29.99
TXN008539,C0047,2025-08-24,29.99
TXN014818,C0174,2025-08-24,29.99
TXN013193,C0172,2025-08-24,29.99
TXN000579,C0208,2025-08-24,35.52
TXN004439,C0127,2025-08-24,29.99
TXN009182,C0102,2025-08-24,39.99
TXN008426,C0298,2025-08-24,151.11
TXN015119,C0307,2025-08-24,59.99
TXN001777,C0110,2025-08-24,44.47
TXN011717,C0164,2025-08-24,49.99
TXN009396,C0171,2025-08-24,49.99
TXN005215,C0208,2025-08-24,39.99
TXN014281,C0310,2025-08-24,17.91
TXN005386,C0295,2025-08-24,39.99
TXN012906,C0100,2025-08-24,49.99
TXN004647,C0054,2025-08-24,99.99
TXN016210,C0272,2025-08-24,59.99
TXN015001,C0116,2025-08-24,29.99
TXN003690,C0264,2025-08-24,49.99
TXN009602,C0229,2025-08-24,49.99
TXN014150,C0204,2025-08-25,39.99
TXN017622,C0132,2025-08-25,49.99
TXN012546,C0096,2025-08-25,49.99
TXN007542,C0020,2025-08-25,19.99
TXN005701,C0037,2025-08-25,99.99
TXN009553,C0118,2025-08-25,39.99
TXN009445,C0256,2025-08-25,29.99
TXN009828,C0344,2025-08-25,129.99
TXN011098,C0288,2025-08-25,19.99
TXN000952,C0006,2025-08-25,149.99
TXN006076,C0304,2025-08-25,49.99
TXN004474,C0212,2025-08-25,39.99
TXN009970,C0134,2025-08-25,99.99
TXN009839,C0314,2025-08-25,59.99
TXN008640,C0227,2025-08-25,49.99
TXN001629,C0011,2025-08-25,49.99
TXN005577,C0036,2025-08-25,49.99
TXN010020,C0182,2025-08-25,49.99
TXN008197,C0253,2025-08-25,29.99
TXN002781,C0159,2025-08-25,79.99
TXN015245,C0088,2025-08-25,83.9
TXN003842,C0214,2025-08-25,59.99
TXN016881,C0102,2025-08-25,39.99
TXN004368,C0130,2025-08-25,129.99
TXN002098,C0021,2025-08-25,19.99
TXN015366,C0011,2025-08-25,49.99
TXN007417,C0077,2025-08-25,99.99
TXN004774,C0279,2025-08-25,19.99
TXN000793,C0241,2025-08-25,129.99
TXN000367,C0052,2025-08-25,149.99
TXN010276,C0272,2025-08-25,59.99
TXN001355,C0054,2025-08-26,99.99
TXN017303,C0321,2025-08-26,91.12
TXN009523,C0013,2025-08-26,59.99
TXN003629,C0208,2025-08-26,39.99
TXN003642,C0042,2025-08-26,129.99
TXN010764,C0215,2025-08-26,39.99
TXN004527,C0055,2025-08-26,49.99
TXN014153,C0093,2025-08-26,19.99
TXN007589,C0122,2025-08-26,149.99
TXN003454,C0153,2025-08-26,79.99
TXN009351,C0276,2025-08-26,79.99
TXN007096,C0090,2025-08-26,49.99
TXN000743,C0105,2025-08-26,29.99
TXN017178,C0204,2025-08-26,39.99
TXN010573,C0196,2025-08-26,29.99
TXN018117,C0184,2025-08-26,19.99
TXN003038,C0327,2025-08-26,79.99
TXN001806,C0062,2025-08-26,29.99
TXN013187,C0068,2025-08-26,79.99
TXN014337,C0175,2025-08-26,19.99
TXN010598,C0083,2025-08-26,29.99
TXN012384,C0254,2025-08-26,79.99
TXN002068,C0212,2025-08-26,39.99
TXN010808,C0301,2025-08-26,65.56
TXN017304,C0115,2025-08-26,59.99
TXN015384,C0081,2025-08-26,59.99
TXN017471,C0036,2025-08-26,49.99
TXN003198,C0277,2025-08-26,49.99
TXN015517,C0176,2025-08-26,59.99
TXN014155,C0093,2025-08-26,19.99
TXN018214,C0204,2025-08-26,39.99
TXN000853,C0036,2025-08-26,49.99
TXN016823,C0084,2025-08-26,19.99
TXN009452,C0088,2025-08-26,99.99
TXN010971,C0105,2025-08-26,29.99
TXN000872,C0155,2025-08-26,39.99
TXN007989,C0098,2025-08-26,19.99
TXN013662,C0072,2025-08-26,29.99
TXN000843,C0132,2025-08-26,49.99
TXN015721,C0202,2025-08-26,19.99
TXN007570,C0111,2025-08-26,99.99
TXN011902,C0144,2025-08-26,19.99
TXN004441,C0284,2025-08-26,29.99
TXN012815,C0134,2025-08-27,99.99
TXN000211,C0290,2025-08-27,29.99
TXN010396,C0279,2025-08-27,19.99
TXN009119,C0088,2025-08-27,99.99
TXN014066,C0286,2025-08-27,19.99
TXN006588,C0104,2025-08-27,16.37
TXN002018,C0025,2025-08-27,79.99
TXN007305,C0098,2025-08-27,19.99
TXN002221,C0321,2025-08-27,129.99
TXN008676,C0071,2025-08-27,49.99
TXN009883,C0323,2025-08-27,99.99
TXN011789,C0103,2025-08-27,49.99
TXN007411,C0278,2025-08-27,39.99
TXN016461,C0047,2025-08-27,29.99
TXN000135,C0098,2025-08-27,19.99
TXN014684,C0204,2025-08-27,39.99
TXN010129,C0099,2025-08-27,29.99
TXN015335,C0224,2025-08-27,49.99
TXN004238,C0302,2025-08-27,43.67
TXN008205,C0258,2025-08-27,19.99
TXN004874,C0183,2025-08-27,49.99
TXN013887,C0155,2025-08-27,39.99
TXN012752,C0095,2025-08-27,19.99
TXN016876,C0217,2025-08-27,29.99
TXN005774,C0118,2025-08-27,39.99
TXN010559,C0155,2025-08-27,39.99
TXN017970,C0137,2025-08-27,129.99
TXN005820,C0318,2025-08-27,39.99
TXN006021,C0007,2025-08-27,32.27
TXN016017,C0282,2025-08-27,29.99
TXN017764,C0085,2025-08-27,61.79
TXN012977,C0292,2025-08-27,99.99
TXN001490,C0014,2025-08-28,29.99
TXN014108,C0053,2025-08-28,29.99
TXN017841,C0160,2025-08-28,79.99
TXN004902,C0037,2025-08-28,99.99
TXN000429,C0166,2025-08-28,30.81
TXN011366,C0200,2025-08-28,29.99
TXN009428,C0086,2025-08-28,59.99
TXN013657,C0080,2025-08-28,59.99
TXN003221,C0073,2025-08-28,19.99
TXN001247,C0156,2025-08-28,39.99
TXN008032,C0214,2025-08-28,59.99
TXN015263,C0054,2025-08-28,99.99
TXN015280,C0258,2025-08-28,19.99
TXN017897,C0045,2025-08-28,59.99
TXN006890,C0209,2025-08-28,39.99
TXN010518,C0027,2025-08-28,49.99
TXN002508,C0242,2025-08-28,39.99
TXN003917,C0315,2025-08-28,79.99
TXN016837,C0222,2025-08-28,59.99
TXN000417,C0131,2025-08-28,59.99
TXN017534,C0264,2025-08-28,49.99
TXN008700,C0080,2025-08-28,59.99
TXN008841,C0347,2025-08-28,99.99
TXN014880,C0157,2025-08-28,59.99
TXN006785,C0255,2025-08-28,99.99
TXN003037,C0105,2025-08-28,29.99
TXN011079,C0255,2025-08-28,99.99
TXN011726,C0165,2025-08-28,19.99
TXN013250,C0234,2025-08-28,79.99
TXN003981,C0153,2025-08-28,79.99
TXN014952,C0125,2025-08-28,49.99
TXN000811,C0043,2025-08-28,29.99
TXN008563,C0175,2025-08-28,19.99
TXN016204,C0314,2025-08-29,59.99
TXN005146,C0297,2025-08-29,59.99
TXN003079,C0113,2025-08-29,49.99
TXN008656,C0231,2025-08-29,59.99
TXN014751,C0159,2025-08-29,79.99
TXN012579,C0024,2025-08-29,99.99
TXN004680,C0315,2025-08-29,69.06
TXN015159,C0248,2025-08-29,50.6
TXN004787,C0223,2025-08-29,17.95
TXN007664,C0069,2025-08-29,29.99
TXN003501,C0122,2025-08-29,111.2
TXN007098,C0252,2025-08-29,49.99
TXN004782,C0058,2025-08-29,49.99
TXN003224,C0316,2025-08-29,129.99
TXN011347,C0301,2025-08-29,79.99
TXN018339,C0177,2025-08-29,59.99
TXN000494,C0048,2025-08-29,59.99
TXN008979,C0251,2025-08-29,49.99
TXN002165,C0022,2025-08-29,29.99
TXN016563,C0237,2025-08-29,29.99
TXN009370,C0227,2025-08-29,49.99
TXN017845,C0180,2025-08-29,39.99
TXN010428,C0152,2025-08-29,49.99
TXN004270,C0061,2025-08-29,49.99
TXN003658,C0306,2025-08-29,29.99
TXN011891,C0159,2025-08-29,79.99
TXN006349,C0030,2025-08-29,199.99
TXN005758,C0057,2025-08-29,99.99
TXN013990,C0231,2025-08-29,59.99
TXN013389,C0039,2025-08-29,49.99
TXN010282,C0007,2025-08-29,39.99
TXN015428,C0204,2025-08-29,39.99
TXN007097,C0236,2025-08-29,29.99
TXN018100,C0104,2025-08-29,19.99
TXN002100,C0001,2025-08-29,19.99
TXN002894,C0021,2025-08-30,19.99
TXN009130,C0051,2025-08-30,29.99
TXN004626,C0162,2025-08-30,79.99
TXN016762,C0213,2025-08-30,47.69
TXN000076,C0248,2025-08-30,59.99
TXN013510,C0115,2025-08-30,59.99
TXN001797,C0218,2025-08-30,29.99
TXN005808,C0233,2025-08-30,59.99
TXN015614,C0101,2025-08-30,129.99
TXN013148,C0343,2025-08-30,49.99
TXN007011,C0027,2025-08-30,49.99
TXN017442,C0062,2025-08-30,29.99
TXN018369,C0301,2025-08-30,79.99
TXN007313,C0037,2025-08-30,99.99
TXN015861,C0029,2025-08-30,39.99
TXN018200,C0211,2025-08-30,49.99
TXN013699,C0229,2025-08-30,49.99
TXN007554,C0265,2025-08-30,49.99
TXN004827,C0230,2025-08-30,19.99
TXN000549,C0153,2025-08-30,79.99
TXN007021,C0155,2025-08-30,39.99
TXN005752,C0258,2025-08-30,19.99
TXN009673,C0036,2025-08-30,49.99
TXN014914,C0097,2025-08-30,129.99
TXN000808,C0167,2025-08-30,39.99
TXN002886,C0336,2025-08-30,19.99
TXN003308,C0242,2025-08-30,39.99
TXN018245,C0106,2025-08-30,199.99
TXN005755,C0056,2025-08-30,29.99
TXN007724,C0008,2025-08-30,29.99
TXN013475,C0121,2025-08-30,53.75
TXN011252,C0317,2025-08-30,29.99
TXN007420,C0100,2025-08-30,49.99
TXN006727,C0172,2025-08-30,29.99
TXN018483,C0295,2025-08-30,39.99
TXN015341,C0055,2025-08-30,49.99
TXN009023,C0257,2025-08-30,19.99
TXN011257,C0058,2025-08-30,49.99
TXN009684,C0151,2025-08-30,79.99
TXN014163,C0161,2025-08-30,49.99
TXN008746,C0099,2025-08-30,25.84
TXN006864,C0135,2025-08-30,49.99
TXN001603,C0046,2025-08-30,79.99
TXN006183,C0233,2025-08-30,59.99
TXN012865,C0066,2025-08-30,59.99
TXN012410,C0147,2025-08-30,19.99
TXN005056,C0337,2025-08-30,129.99
TXN011836,C0154,2025-08-30,99.99
TXN017470,C0243,2025-08-30,29.99
TXN008029,C0183,2025-08-30,49.99
TXN016095,C0263,2025-08-30,33.29
TXN016948,C0027,2025-08-30,49.99
TXN014069,C0007,2025-08-31,28.52
TXN001547,C0089,2025-08-31,63.59
TXN018087,C0090,2025-08-31,49.99
TXN007482,C0169,2025-08-31,59.99
TXN006213,C0318,2025-08-31,39.99
TXN017119,C0066,2025-08-31,59.99
TXN000424,C0258,2025-08-31,19.99
TXN009115,C0009,2025-08-31,79.99
TXN005482,C0237,2025-08-31,26.04
TXN009368,C0263,2025-08-31,39.99
TXN017704,C0271,2025-08-31,59.99
TXN004796,C0146,2025-08-31,199.99
TXN006486,C0272,2025-08-31,49.35
TXN012314,C0340,2025-08-31,39.99
TXN015944,C0211,2025-08-31,49.99
TXN007266,C0112,2025-08-31,49.99
TXN012842,C0120,2025-08-31,29.99
TXN004836,C0134,2025-08-31,99.99
TXN008316,C0114,2025-08-31,49.99
TXN004950,C0107,2025-08-31,149.99
TXN015544,C0224,2025-08-31,49.99
TXN016112,C0254,2025-08-31,79.99
TXN001048,C0315,2025-08-31,79.99
TXN008479,C0291,2025-08-31,49.99
TXN002547,C0047,2025-08-31,29.99
TXN004430,C0039,2025-08-31,49.99
TXN017451,C0157,2025-08-31,59.99
TXN003670,C0248,2025-08-31,49.19
TXN008720,C0192,2025-08-31,79.99
TXN007170,C0323,2025-08-31,99.99
TXN002531,C0298,2025-08-31,173.21
TXN011376,C0136,2025-08-31,19.99
TXN008039,C0256,2025-08-31,29.99
TXN008587,C0045,2025-08-31,59.99
TXN008571,C0191,2025-08-31,79.99
TXN004148,C0191,2025-08-31,79.99
TXN017323,C0277,2025-09-01,49.99
TXN018123,C0263,2025-09-01,39.99
TXN000740,C0165,2025-09-01,19.99
TXN005235,C0012,2025-09-01,49.99
TXN015533,C0212,2025-09-01,32.24
TXN009015,C0095,2025-09-01,19.99
TXN014926,C0177,2025-09-01,48.34
TXN010947,C0072,2025-09-01,29.99
TXN007732,C0089,2025-09-01,79.99
TXN000646,C0071,2025-09-01,49.99
TXN017359,C0236,2025-09-01,29.99
TXN003736,C0188,2025-09-01,49.99
TXN009131,C0248,2025-09-01,59.99
TXN012541,C0238,2025-09-01,59.99
TXN014636,C0102,2025-09-01,39.99
TXN008445,C0285,2025-09-01,39.99
TXN015182,C0022,2025-09-01,29.99
TXN015486,C0233,2025-09-01,59.99
TXN014246,C0232,2025-09-01,106.43
TXN014099,C0262,2025-09-01,29.99
TXN007036,C0343,2025-09-01,49.99
TXN014135,C0071,2025-09-01,49.99
TXN009636,C0038,2025-09-01,98.14
TXN014167,C0335,2025-09-01,39.99
TXN007452,C0319,2025-09-01,25.91
TXN003624,C0175,2025-09-01,19.99
TXN010225,C0346,2025-09-01,199.99
TXN008829,C0109,2025-09-01,149.99
TXN000155,C0332,2025-09-01,15.72
TXN004756,C0194,2025-09-01,119.44
TXN002167,C0002,2025-09-01,29.99
TXN017697,C0141,2025-09-01,59.99
TXN012698,C0170,2025-09-01,39.99
TXN014350,C0191,2025-09-01,79.99
TXN008963,C0161,2025-09-01,49.99
TXN004843,C0051,2025-09-01,29.99
TXN004894,C0098,2025-09-01,17.81
TXN001607,C0273,2025-09-01,199.99
TXN011255,C0305,2025-09-01,149.99
TXN005864,C0061,2025-09-01,49.99
TXN015633,C0176,2025-09-02,59.99
TXN004518,C0169,2025-09-02,59.99
TXN015583,C0321,2025-09-02,99.88
TXN011676,C0079,2025-09-02,29.99
TXN012524,C0171,2025-09-02,42.82
TXN004040,C0201,2025-09-02,129.99
TXN006459,C0002,2025-09-02,29.99
TXN016070,C0289,2025-09-02,79.99
TXN017012,C0279,2025-09-02,19.99
TXN015835,C0191,2025-09-02,65.05
TXN013871,C0273,2025-09-02,199.99
TXN009558,C0183,2025-09-02,49.99
TXN004321,C0305,2025-09-02,149.99
TXN016002,C0046,2025-09-02,79.99
TXN002779,C0192,2025-09-02,79.99
TXN004911,C0091,2025-09-02,99.99
TXN014119,C0167,2025-09-02,39.99
TXN007329,C0307,2025-09-02,59.99
TXN005528,C0338,2025-09-02,49.99
TXN014198,C0188,2025-09-02,49.99
TXN017700,C0141,2025-09-02,59.99
TXN009361,C0088,2025-09-02,99.99
TXN012974,C0247,2025-09-02,49.99
TXN014424,C0283,2025-09-02,39.99
TXN009827,C0074,2025-09-02,29.99
TXN008313,C0176,2025-09-02,59.99
TXN005334,C0284,2025-09-02,25.95
TXN009270,C0310,2025-09-02,19.99
TXN003211,C0282,2025-09-02,29.99
TXN009493,C0016,2025-09-02,149.99
TXN007300,C0016,2025-09-03,149.99
TXN011739,C0093,2025-09-03,19.99
TXN000267,C0348,2025-09-03,29.99
TXN011785,C0153,2025-09-03,79.99
TXN002366,C0237,2025-09-03,29.99
TXN010087,C0348,2025-09-03,29.99
TXN004132,C0318,2025-09-03,30.84
TXN011728,C0031,2025-09-03,16.89
TXN016143,C0203,2025-09-03,98.22
TXN006972,C0050,2025-09-03,29.99
TXN011912,C0176,2025-09-03,59.99
TXN013386,C0092,2025-09-03,29.99
TXN004775,C0008,2025-09-03,29.99
TXN002480,C0121,2025-09-03,53.05
TXN001549,C0123,2025-09-03,19.99
TXN003136,C0237,2025-09-03,29.99
TXN015507,C0131,2025-09-03,59.99
TXN007095,C0208,2025-09-03,39.99
TXN011829,C0080,2025-09-03,59.99
TXN016811,C0150,2025-09-03,99.99
TXN012562,C0083,2025-09-03,29.99
TXN009955,C0329,2025-09-03,99.99
TXN018301,C0194,2025-09-03,149.99
TXN004500,C0318,2025-09-03,39.99
TXN008187,C0178,2025-09-03,59.99
TXN010799,C0243,2025-09-03,24.48
TXN005384,C0231,2025-09-03,59.99
TXN007513,C0042,2025-09-03,129.99
TXN013962,C0300,2025-09-03,49.99
TXN013409,C0150,2025-09-03,99.99
TXN013226,C0234,2025-09-03,79.99
TXN008696,C0005,2025-09-03,29.99
TXN008719,C0085,2025-09-03,79.99
TXN003299,C0222,2025-09-03,59.99
TXN006711,C0328,2025-09-03,22.31
TXN005262,C0166,2025-09-03,39.99
TXN005978,C0210,2025-09-03,79.99
TXN002185,C0337,2025-09-04,129.99
TXN007536,C0322,2025-09-04,49.99
TXN012164,C0066,2025-09-04,59.99
TXN008934,C0340,2025-09-04,39.99
TXN012609,C0100,2025-09-04,49.99
TXN009930,C0261,2025-09-04,49.99
TXN016760,C0068,2025-09-04,79.99
TXN003963,C0062,2025-09-04,29.99
TXN010806,C0046,2025-09-04,79.99
TXN000406,C0143,2025-09-04,59.99
TXN011678,C0187,2025-09-04,39.99
TXN011691,C0238,2025-09-04,59.99
TXN012637,C0287,2025-09-04,49.99
TXN014060,C0198,2025-09-04,59.99
TXN002419,C0147,2025-09-04,19.99
TXN007652,C0337,2025-09-04,95.04
TXN012250,C0024,2025-09-04,99.99
TXN017741,C0310,2025-09-04,19.99
TXN014045,C0076,2025-09-04,39.99
TXN014891,C0224,2025-09-04,49.99
TXN002600,C0114,2025-09-04,49.99
TXN002334,C0117,2025-09-04,19.99
TXN006065,C0139,2025-09-04,59.99
TXN001207,C0322,2025-09-04,49.99
TXN000032,C0164,2025-09-04,49.99
TXN005930,C0128,2025-09-04,59.99
TXN012632,C0299,2025-09-04,59.99
TXN004946,C0186,2025-09-04,39.99
TXN015228,C0203,2025-09-04,129.99
TXN005919,C0238,2025-09-04,59.99
TXN008092,C0203,2025-09-04,129.99
TXN013880,C0266,2025-09-04,199.99
TXN005287,C0187,2025-09-04,39.99
TXN001285,C0105,2025-09-04,29.99
TXN004021,C0295,2025-09-04,39.99
TXN010740,C0078,2025-09-05,49.99
TXN003988,C0214,2025-09-05,59.99
TXN004745,C0308,2025-09-05,29.99
TXN017825,C0216,2025-09-05,39.99
TXN004703,C0319,2025-09-05,29.99
TXN000593,C0024,2025-09-05,99.99
TXN004094,C0212,2025-09-05,39.99
TXN002067,C0156,2025-09-05,39.99
TXN007227,C0274,2025-09-05,29.99
TXN016933,C0202,2025-09-05,19.99
TXN013333,C0232,2025-09-05,114.11
TXN006456,C0234,2025-09-05,67.06
TXN014642,C0032,2025-09-05,99.99
TXN002888,C0311,2025-09-05,49.99
TXN007399,C0231,2025-09-05,59.99
TXN002105,C0128,2025-09-05,59.99
TXN017784,C0108,2025-09-05,14.81
TXN016496,C0274,2025-09-05,29.99
TXN003336,C0279,2025-09-05,19.99
TXN008691,C0018,2025-09-05,29.99
TXN016812,C0117,2025-09-05,19.99
TXN013521,C0254,2025-09-05,79.99
TXN006661,C0245,2025-09-05,33.41
TXN003800,C0306,2025-09-05,29.99
TXN000303,C0338,2025-09-05,49.99
TXN004739,C0176,2025-09-05,59.99
TXN009316,C0251,2025-09-05,49.99
TXN012897,C0346,2025-09-05,199.99
TXN018265,C0098,2025-09-05,19.99
TXN000220,C0333,2025-09-05,39.99
TXN012916,C0253,2025-09-05,29.99
TXN006372,C0279,2025-09-05,19.99
TXN010699,C0192,2025-09-05,71.95
TXN013342,C0111,2025-09-05,99.99
TXN013346,C0237,2025-09-05,29.99
TXN005769,C0092,2025-09-06,29.99
TXN002943,C0060,2025-09-06,39.99
TXN011379,C0293,2025-09-06,43.46
TXN000221,C0012,2025-09-06,49.99
TXN014428,C0220,2025-09-06,29.99
TXN013094,C0108,2025-09-06,19.99
TXN002497,C0010,2025-09-06,59.99
TXN002272,C0264,2025-09-06,49.99
TXN008153,C0178,2025-09-06,59.99
TXN013611,C0149,2025-09-06,39.99
TXN005680,C0109,2025-09-06,149.99
TXN003012,C0159,2025-09-06,79.99
TXN008003,C0156,2025-09-06,39.99
TXN007688,C0193,2025-09-06,42.6
TXN006251,C0094,2025-09-06,29.99
TXN016608,C0174,2025-09-06,29.99
TXN016649,C0264,2025-09-06,49.99
TXN010742,C0318,2025-09-06,39.99
TXN013613,C0130,2025-09-06,129.99
TXN014055,C0115,2025-09-06,59.99
TXN008938,C0300,2025-09-06,49.99
TXN010595,C0052,2025-09-06,149.99
TXN008296,C0263,2025-09-06,34.4
TXN004863,C0205,2025-09-06,19.99
TXN018473,C0337,2025-09-06,129.99
TXN005910,C0100,2025-09-06,49.99
TXN004096,C0143,2025-09-06,59.99
TXN006335,C0121,2025-09-06,59.99
TXN015743,C0076,2025-09-06,39.99
TXN002673,C0301,2025-09-06,79.99
TXN005504,C0029,2025-09-06,39.99
TXN006342,C0053,2025-09-06,29.99
TXN007012,C0134,2025-09-06,99.99
TXN009061,C0205,2025-09-06,19.99
TXN015308,C0199,2025-09-06,99.99
TXN001158,C0211,2025-09-06,49.99
TXN014214,C0197,2025-09-06,19.99
TXN002321,C0286,2025-09-06,19.99
TXN014017,C0001,2025-09-06,14.21
TXN012119,C0016,2025-09-06,149.99
TXN003990,C0256,2025-09-06,25.73
TXN016148,C0166,2025-09-07,39.99
TXN012218,C0328,2025-09-07,29.99
TXN008125,C0212,2025-09-07,39.99
TXN004471,C0138,2025-09-07,59.99
TXN010797,C0103,2025-09-07,49.99
TXN005272,C0208,2025-09-07,39.99
TXN014469,C0132,2025-09-07,49.99
TXN006197,C0328,2025-09-07,29.99
TXN010116,C0298,2025-09-07,199.99
TXN011488,C0026,2025-09-07,79.99
TXN018395,C0334,2025-09-07,23.42
TXN007887,C0169,2025-09-07,43.21
TXN012635,C0143,2025-09-07,59.99
TXN002007,C0108,2025-09-07,19.99
TXN005110,C0328,2025-09-07,29.99
TXN007147,C0340,2025-09-07,39.99
TXN000045,C0093,2025-09-07,19.99
TXN004526,C0247,2025-09-07,49.99
TXN004279,C0311,2025-09-07,49.99
TXN015258,C0121,2025-09-07,59.99
TXN007973,C0290,2025-09-07,29.99
TXN001950,C0234,2025-09-07,79.99
TXN006773,C0148,2025-09-07,149.99
TXN014571,C0255,2025-09-07,99.99
TXN004218,C0190,2025-09-07,59.99
TXN016894,C0104,2025-09-07,19.99
TXN017353,C0225,2025-09-07,29.99
TXN015186,C0048,2025-09-07,59.99
TXN011122,C0011,2025-09-07,49.99
TXN002656,C0039,2025-09-07,49.99
TXN001437,C0155,2025-09-07,39.99
TXN000240,C0062,2025-09-07,29.99
TXN002513,C0008,2025-09-07,29.99
TXN016423,C0147,2025-09-07,19.99
TXN006097,C0282,2025-09-07,29.99
TXN014037,C0022,2025-09-07,29.99
TXN006352,C0165,2025-09-07,16.27
TXN005540,C0289,2025-09-07,79.99
TXN004054,C0223,2025-09-07,16.28
TXN001043,C0044,2025-09-07,46.74
TXN017980,C0086,2025-09-07,59.99
TXN003709,C0004,2025-09-07,99.99
TXN018208,C0213,2025-09-08,59.99
TXN011230,C0286,2025-09-08,19.99
TXN013119,C0181,2025-09-08,99.99
TXN005925,C0340,2025-09-08,39.99
TXN007165,C0244,2025-09-08,79.99
TXN014866,C0255,2025-09-08,99.99
TXN015836,C0126,2025-09-08,99.99
TXN010646,C0031,2025-09-08,19.99
TXN015891,C0035,2025-09-08,79.99
TXN015064,C0253,2025-09-08,29.99
TXN012699,C0267,2025-09-08,29.99
TXN011741,C0144,2025-09-08,17.58
TXN016953,C0176,2025-09-08,59.99
TXN000050,C0272,2025-09-08,59.99
TXN005792,C0118,2025-09-08,39.99
TXN003367,C0123,2025-09-08,19.99
TXN016140,C0003,2025-09-08,29.99
TXN003643,C0208,2025-09-08,39.99
TXN000961,C0149,2025-09-08,33.61
TXN014869,C0265,2025-09-08,49.99
TXN002360,C0248,2025-09-08,59.99
TXN002396,C0289,2025-09-08,79.99
TXN012749,C0074,2025-09-08,29.99
TXN009331,C0239,2025-09-08,39.99
TXN002416,C0169,2025-09-08,59.99
TXN013014,C0031,2025-09-08,19.99
TXN006185,C0338,2025-09-08,43.05
TXN009871,C0245,2025-09-08,39.99
TXN008598,C0233,2025-09-08,59.99
TXN012497,C0217,2025-09-08,29.99
TXN014386,C0247,2025-09-08,49.99
TXN010159,C0015,2025-09-08,199.99
TXN006013,C0140,2025-09-08,29.99
TXN002575,C0062,2025-09-08,29.99
TXN017496,C0016,2025-09-08,149.99
TXN003873,C0237,2025-09-08,29.99
TXN016342,C0076,2025-09-09,39.99
TXN011920,C0323,2025-09-09,99.99
TXN015009,C0069,2025-09-09,29.99
TXN006987,C0127,2025-09-09,29.99
TXN006546,C0236,2025-09-09,23.87
TXN001292,C0306,2025-09-09,29.99
TXN001108,C0330,2025-09-09,79.99
TXN010461,C0043,2025-09-09,29.99
TXN006948,C0317,2025-09-09,29.99
TXN005753,C0327,2025-09-09,79.99
TXN008690,C0270,2025-09-09,49.99
TXN012173,C0267,2025-09-09,29.99
TXN016405,C0065,2025-09-09,26.24
TXN003091,C0328,2025-09-09,29.99
TXN010025,C0248,2025-09-09,59.99
TXN003847,C0114,2025-09-09,49.99
TXN011480,C0337,2025-09-09,129.99
TXN017555,C0336,2025-09-09,19.99
TXN011699,C0332,2025-09-09,19.99
TXN007101,C0298,2025-09-09,199.99
TXN005158,C0242,2025-09-09,39.99
TXN005176,C0127,2025-09-09,29.99
TXN017271,C0212,2025-09-09,39.99
TXN010974,C0259,2025-09-09,59.99
TXN016427,C0210,2025-09-09,79.99
TXN005408,C0308,2025-09-09,29.99
TXN010908,C0083,2025-09-09,24.65
TXN013834,C0249,2025-09-09,19.99
TXN017004,C0339,2025-09-09,39.99
TXN001948,C0274,2025-09-10,29.99
TXN001608,C0002,2025-09-10,29.99
TXN012288,C0054,2025-09-10,99.99
TXN014708,C0237,2025-09-10,29.99
TXN012220,C0018,2025-09-10,29.99
TXN014750,C0308,2025-09-10,29.99
TXN008554,C0019,2025-09-10,59.99
TXN001298,C0333,2025-09-10,29.59
TXN014868,C0095,2025-09-10,19.99
TXN007472,C0290,2025-09-10,29.99
TXN009444,C0304,2025-09-10,49.99
TXN012534,C0306,2025-09-10,29.99
TXN013606,C0220,2025-09-10,29.99
TXN003930,C0301,2025-09-10,79.99
TXN004118,C0157,2025-09-10,59.99
TXN011473,C0279,2025-09-10,19.99
TXN004434,C0242,2025-09-10,39.99
TXN013013,C0175,2025-09-10,19.99
TXN004470,C0203,2025-09-10,129.99
TXN002188,C0067,2025-09-10,28.24
TXN011049,C0042,2025-09-10,129.99
TXN012776,C0321,2025-09-10,96.48
TXN018476,C0275,2025-09-10,19.99
TXN017394,C0214,2025-09-10,45.14
TXN005119,C0138,2025-09-10,47.64
TXN000394,C0241,2025-09-10,129.99
TXN002075,C0254,2025-09-10,79.99
TXN017272,C0091,2025-09-10,99.99
TXN016805,C0102,2025-09-10,39.99
TXN002001,C0259,2025-09-10,59.99
TXN003487,C0012,2025-09-10,49.99
TXN013230,C0041,2025-09-10,49.99
TXN005696,C0256,2025-09-10,29.99
TXN011888,C0284,2025-09-10,29.99
TXN009037,C0311,2025-09-10,49.99
TXN005986,C0259,2025-09-10,59.99
TXN013537,C0191,2025-09-10,79.99
TXN005284,C0160,2025-09-10,79.99
TXN001898,C0194,2025-09-10,149.99
TXN012734,C0004,2025-09-11,99.99
TXN009026,C0284,2025-09-11,29.99
TXN012894,C0171,2025-09-11,49.99
TXN008527,C0213,2025-09-11,59.99
TXN002701,C0334,2025-09-11,29.99
TXN008584,C0265,2025-09-11,49.99
TXN013432,C0137,2025-09-11,129.99
TXN008728,C0065,2025-09-11,29.99
TXN010987,C0219,2025-09-11,59.99
TXN010653,C0328,2025-09-11,29.99
TXN004437,C0272,2025-09-11,59.99
TXN017755,C0323,2025-09-11,99.99
TXN017684,C0088,2025-09-11,99.99
TXN000737,C0283,2025-09-11,39.99
TXN004761,C0203,2025-09-11,129.99
TXN017297,C0125,2025-09-11,49.99
TXN000053,C0308,2025-09-11,29.99
TXN001007,C0162,2025-09-11,79.99
TXN010661,C0141,2025-09-11,59.99
TXN009937,C0193,2025-09-11,59.99
TXN015794,C0349,2025-09-11,129.99
TXN015492,C0114,2025-09-11,49.99
TXN003383,C0311,2025-09-11,42.64
TXN006378,C0043,2025-09-11,29.99
TXN007557,C0005,2025-09-11,29.99
TXN002424,C0303,2025-09-11,19.99
TXN006413,C0288,2025-09-11,19.99
TXN007256,C0278,2025-09-11,39.99
TXN001334,C0201,2025-09-11,129.99
TXN000107,C0298,2025-09-11,199.99
TXN005944,C0123,2025-09-11,14.28
TXN015139,C0261,2025-09-11,49.99
TXN002032,C0321,2025-09-12,129.99
TXN009506,C0134,2025-09-12,99.99
TXN010867,C0062,2025-09-12,29.99
TXN010666,C0010,2025-09-12,53.55
TXN002641,C0144,2025-09-12,19.99
TXN001838,C0069,2025-09-12,29.99
TXN009948,C0061,2025-09-12,49.99
TXN007341,C0212,2025-09-12,39.99
TXN001782,C0208,2025-09-12,39.99
TXN001409,C0078,2025-09-12,49.99
TXN011277,C0330,2025-09-12,79.99
TXN007212,C0171,2025-09-12,43.07
TXN006470,C0022,2025-09-12,29.99
TXN006056,C0236,2025-09-12,29.99
TXN005954,C0169,2025-09-12,59.99
TXN003535,C0304,2025-09-12,49.99
TXN005741,C0168,2025-09-12,39.99
TXN016333,C0099,2025-09-12,29.99
TXN005602,C0074,2025-09-12,29.99
TXN005322,C0241,2025-09-12,115.95
TXN016956,C0046,2025-09-12,79.99
TXN005258,C0326,2025-09-12,19.99
TXN005191,C0256,2025-09-12,29.99
TXN017648,C0040,2025-09-12,39.99
TXN007592,C0322,2025-09-12,49.99
TXN007612,C0094,2025-09-12,29.99
TXN007054,C0176,2025-09-12,59.99
TXN014276,C0033,2025-09-12,40.84
TXN014238,C0217,2025-09-12,29.99
TXN013264,C0062,2025-09-12,22.86
TXN014203,C0241,2025-09-12,129.99
TXN008214,C0005,2025-09-12,25.87
TXN008509,C0315,2025-09-12,79.99
TXN013685,C0064,2025-09-12,149.99
TXN009121,C0306,2025-09-12,29.99
TXN014120,C0157,2025-09-12,48.85
TXN013185,C0274,2025-09-12,29.99
TXN008701,C0023,2025-09-13,49.99
TXN009695,C0332,2025-09-13,14.36
TXN004784,C0158,2025-09-13,79.99
TXN003830,C0238,2025-09-13,59.99
TXN009330,C0024,2025-09-13,99.99
TXN004222,C0073,2025-09-13,19.99
TXN004720,C0060,2025-09-13,39.99
TXN018451,C0157,2025-09-13,59.99
TXN005833,C0008,2025-09-13,29.99
TXN009724,C0065,2025-09-13,29.99
TXN007626,C0174,2025-09-13,29.99
TXN003545,C0221,2025-09-13,49.99
TXN005859,C0239,2025-09-13,39.99
TXN009801,C0282,2025-09-13,21.88
TXN002385,C0171,2025-09-13,49.99
TXN008451,C0028,2025-09-13,39.99
TXN006865,C0319,2025-09-13,29.99
TXN009431,C0201,2025-09-13,129.99
TXN008130,C0062,2025-09-13,29.99
TXN010328,C0067,2025-09-13,39.99
TXN010782,C0098,2025-09-13,19.99
TXN011378,C0258,2025-09-13,19.99
TXN017979,C0095,2025-09-13,19.99
TXN003960,C0139,2025-09-13,59.99
TXN002006,C0127,2025-09-13,29.99
TXN014146,C0207,2025-09-13,29.99
TXN000188,C0063,2025-09-13,39.99
TXN001152,C0121,2025-09-13,59.99
TXN001655,C0279,2025-09-13,17.92
TXN011943,C0144,2025-09-13,19.99
TXN016236,C0302,2025-09-13,36.01
TXN001022,C0024,2025-09-13,99.99
TXN011856,C0132,2025-09-13,49.99
TXN000827,C0264,2025-09-13,49.99
TXN011565,C0027,2025-09-13,49.99
TXN011417,C0280,2025-09-13,19.99
TXN001402,C0100,2025-09-13,49.99
TXN014320,C0056,2025-09-14,29.99
TXN008796,C0121,2025-09-14,59.99
TXN008843,C0284,2025-09-14,29.99
TXN009078,C0108,2025-09-14,19.99
TXN008416,C0144,2025-09-14,19.99
TXN009541,C0189,2025-09-14,49.99
TXN018207,C0224,2025-09-14,49.99
TXN014221,C0259,2025-09-14,59.99
TXN002999,C0154,2025-09-14,99.99
TXN013406,C0056,2025-09-14,29.99
TXN006174,C0136,2025-09-14,19.99
TXN014823,C0107,2025-09-14,134.26
TXN006914,C0061,2025-09-14,49.99
TXN006764,C0035,2025-09-14,79.99
TXN015314,C0237,2025-09-14,26.71
TXN001866,C0217,2025-09-14,29.99
TXN003508,C0331,2025-09-14,59.99
TXN005967,C0178,2025-09-14,59.99
TXN005849,C0137,2025-09-14,129.99
TXN016820,C0285,2025-09-14,39.99
TXN003688,C0241,2025-09-14,129.99
TXN000521,C0111,2025-09-14,99.99
TXN017901,C0120,2025-09-14,22.05
TXN017962,C0168,2025-09-14,35.15
TXN011400,C0005,2025-09-14,29.99
TXN009725,C0093,2025-09-14,19.99
TXN003155,C0224,2025-09-14,49.99
TXN002368,C0143,2025-09-14,59.99
TXN010377,C0280,2025-09-14,19.99
TXN012423,C0100,2025-09-14,49.99
TXN002005,C0146,2025-09-14,199.99
TXN011849,C0245,2025-09-14,39.99
TXN010509,C0055,2025-09-14,49.99
TXN012291,C0271,2025-09-14,59.99
TXN011151,C0134,2025-09-14,99.99
TXN004524,C0284,2025-09-15,29.99
TXN008191,C0099,2025-09-15,29.99
TXN002402,C0244,2025-09-15,79.99
TXN007595,C0041,2025-09-15,49.99
TXN014456,C0168,2025-09-15,28.09
TXN007529,C0049,2025-09-15,129.99
TXN003121,C0279,2025-09-15,19.99
TXN014639,C0164,2025-09-15,49.99
TXN005247,C0208,2025-09-15,39.99
TXN007069,C0216,2025-09-15,29.09
TXN006980,C0202,2025-09-15,19.99
TXN001579,C0219,2025-09-15,59.99
TXN001993,C0240,2025-09-15,70.1
TXN015456,C0277,2025-09-15,49.99
TXN017377,C0080,2025-09-15,59.99
TXN018431,C0289,2025-09-15,66.72
TXN000362,C0089,2025-09-15,64.24
TXN004985,C0164,2025-09-15,49.99
TXN000609,C0060,2025-09-15,39.99
TXN000228,C0015,2025-09-15,199.99
TXN011367,C0238,2025-09-15,59.99
TXN013074,C0248,2025-09-15,59.99
TXN009357,C0064,2025-09-15,149.99
TXN012620,C0043,2025-09-15,29.99
TXN001907,C0303,2025-09-15,19.99
TXN010026,C0034,2025-09-15,49.99
TXN015411,C0008,2025-09-16,29.99
TXN017217,C0173,2025-09-16,35.37
TXN015281,C0257,2025-09-16,16.94
TXN004506,C0230,2025-09-16,19.99
TXN006913,C0011,2025-09-16,42.63
TXN005289,C0238,2025-09-16,48.45
TXN007451,C0131,2025-09-16,59.99
TXN001167,C0068,2025-09-16,79.99
TXN003151,C0160,2025-09-16,79.99
TXN010494,C0342,2025-09-16,51.62
TXN015217,C0312,2025-09-16,64.68
TXN013124,C0024,2025-09-16,99.99
TXN014896,C0114,2025-09-16,35.9
TXN014922,C0256,2025-09-16,29.99
TXN017437,C0285,2025-09-16,39.99
TXN009175,C0181,2025-09-16,99.99
TXN015109,C0161,2025-09-16,39.28
TXN005264,C0061,2025-09-16,49.99
TXN009002,C0300,2025-09-16,49.99
TXN011987,C0304,2025-09-16,39.31
TXN006756,C0104,2025-09-16,15.19
TXN011316,C0106,2025-09-16,164.1
TXN016368,C0238,2025-09-16,59.99
TXN013675,C0124,2025-09-16,59.99
TXN004088,C0010,2025-09-16,59.99
TXN017824,C0242,2025-09-16,39.99
TXN001531,C0246,2025-09-16,99.99
TXN002876,C0203,2025-09-16,97.55
TXN008467,C0150,2025-09-16,99.99
TXN012280,C0318,2025-09-16,39.99
TXN008275,C0016,2025-09-16,149.99
TXN005803,C0022,2025-09-16,29.99
TXN005186,C0203,2025-09-16,129.99
TXN003693,C0176,2025-09-16,59.99
TXN015894,C0238,2025-09-16,59.99
TXN016394,C0012,2025-09-16,43.62
TXN000086,C0205,2025-09-16,19.99
TXN001446,C0253,2025-09-16,29.99
TXN005085,C0179,2025-09-16,49.99
TXN016997,C0180,2025-09-17,39.99
TXN013078,C0133,2025-09-17,59.99
TXN012911,C0326,2025-09-17,17.57
TXN011708,C0077,2025-09-17,99.99
TXN000097,C0252,2025-09-17,49.99
TXN005998,C0335,2025-09-17,33.28
TXN005374,C0085,2025-09-17,79.99
TXN010670,C0127,2025-09-17,29.99
TXN016605,C0242,2025-09-17,39.99
TXN010733,C0127,2025-09-17,29.99
TXN005834,C0171,2025-09-17,49.99
TXN016075,C0084,2025-09-17,14.92
TXN006177,C0198,2025-09-17,59.99
TXN006004,C0008,2025-09-17,29.99
TXN010910,C0061,2025-09-17,49.99
TXN006498,C0277,2025-09-17,49.99
TXN000490,C0301,2025-09-17,68.35
TXN002932,C0208,2025-09-17,29.02
TXN008909,C0066,2025-09-17,59.99
TXN001978,C0263,2025-09-17,39.99
TXN017798,C0310,2025-09-17,19.99
TXN007704,C0008,2025-09-17,25.46
TXN001988,C0062,2025-09-17,21.92
TXN012750,C0104,2025-09-17,15.9
TXN018266,C0329,2025-09-17,99.99
TXN014439,C0168,2025-09-17,39.99
TXN017483,C0046,2025-09-17,79.99
TXN012660,C0334,2025-09-17,29.99
TXN017313,C0217,2025-09-17,29.99
TXN016139,C0163,2025-09-17,29.99
TXN007398,C0258,2025-09-17,19.99
TXN002252,C0094,2025-09-18,29.99
TXN005630,C0146,2025-09-18,168.12
TXN004350,C0192,2025-09-18,79.99
TXN004384,C0154,2025-09-18,99.99
TXN017606,C0025,2025-09-18,79.99
TXN004737,C0322,2025-09-18,49.99
TXN017658,C0140,2025-09-18,29.99
TXN016640,C0152,2025-09-18,49.99
TXN016972,C0078,2025-09-18,49.99
TXN012770,C0342,2025-09-18,48.27
TXN000941,C0167,2025-09-18,34.26
TXN004491,C0104,2025-09-18,19.99
TXN018104,C0020,2025-09-18,19.99
TXN013495,C0152,2025-09-18,49.99
TXN000574,C0036,2025-09-18,49.99
TXN016099,C0295,2025-09-18,39.99
TXN010105,C0177,2025-09-18,59.99
TXN000129,C0256,2025-09-18,29.99
TXN001977,C0224,2025-09-18,37.73
TXN014256,C0222,2025-09-18,59.99
TXN007383,C0016,2025-09-18,149.99
TXN007233,C0072,2025-09-18,29.99
TXN009480,C0035,2025-09-18,79.99
TXN000346,C0279,2025-09-18,19.99
TXN001219,C0294,2025-09-18,49.99
TXN015008,C0046,2025-09-18,79.99
TXN001160,C0222,2025-09-18,59.99
TXN015962,C0258,2025-09-18,19.99
TXN012935,C0179,2025-09-18,49.99
TXN015680,C0252,2025-09-18,49.99
TXN008695,C0318,2025-09-18,39.99
TXN015755,C0138,2025-09-18,52.3
TXN000711,C0256,2025-09-19,29.99
TXN018274,C0259,2025-09-19,52.3
TXN007731,C0237,2025-09-19,29.99
TXN007805,C0279,2025-09-19,19.99
TXN003858,C0158,2025-09-19,79.99
TXN008917,C0258,2025-09-19,19.99
TXN013329,C0218,2025-09-19,29.99
TXN015888,C0244,2025-09-19,79.99
TXN004234,C0009,2025-09-19,79.99
TXN011530,C0198,2025-09-19,59.99
TXN000628,C0263,2025-09-19,39.99
TXN002833,C0103,2025-09-19,49.99
TXN003043,C0198,2025-09-19,59.99
TXN013281,C0152,2025-09-19,49.99
TXN006149,C0344,2025-09-19,93.73
TXN015647,C0322,2025-09-19,49.99
TXN006186,C0179,2025-09-19,49.99
TXN015572,C0197,2025-09-19,14.83
TXN012971,C0336,2025-09-19,19.99
TXN015660,C0067,2025-09-19,39.99
TXN000820,C0231,2025-09-19,59.99
TXN006772,C0043,2025-09-19,29.99
TXN018351,C0263,2025-09-19,39.99
TXN002690,C0053,2025-09-19,29.99
TXN015155,C0328,2025-09-19,29.99
TXN000427,C0291,2025-09-19,49.99
TXN009616,C0124,2025-09-19,59.99
TXN004743,C0332,2025-09-19,19.99
TXN012469,C0321,2025-09-19,106.76
TXN017533,C0350,2025-09-19,19.99
TXN006977,C0341,2025-09-19,49.99
TXN012645,C0174,2025-09-19,29.99
